time,wave_height,wave_period,wind_wave_peak_period,wave_direction,wind_wave_height,wind_wave_direction,wind_wave_period,swell_wave_height,swell_wave_direction,swell_wave_period,swell_wave_peak_period,secondary_swell_wave_height,secondary_swell_wave_period,secondary_swell_wave_direction,sea_level_height_msl,sea_surface_temperature,ocean_current_velocity,ocean_current_direction,invert_barometer_height
2021-10-22 00:00:00,0.74,6.75,,104,0.18,4,1.85,0.56,131,6.25,,,,,,,,,
2021-10-22 01:00:00,0.78,6.9,,103,0.16,0,1.7,0.58,130,6.35,,,,,,,,,
2021-10-22 02:00:00,0.82,7.05,,101,0.14,355,1.55,0.6,130,6.55,,,,,,,,,
2021-10-22 03:00:00,0.86,7.2,,100,0.12,351,1.35,0.62,129,6.65,,,,,,,,,
2021-10-22 04:00:00,0.84,7.2,,99,0.1,345,1.1,0.6,127,6.55,,,,,,,,,
2021-10-22 05:00:00,0.82,7.2,,99,0.08,339,0.85,0.58,126,6.35,,,,,,,,,
2021-10-22 06:00:00,0.8,7.15,,98,0.06,333,0.75,0.56,124,6.2,,,,,,,,,
2021-10-22 07:00:00,0.78,7.15,,98,0.08,337,0.85,0.54,123,6.1,,,,,,,,,
2021-10-22 08:00:00,0.78,7.1,,98,0.08,340,1.1,0.54,123,6.05,,,,,,,,,
2021-10-22 09:00:00,0.76,7.1,,98,0.1,344,1.3,0.52,122,6.0,,,,,,,,,
2021-10-22 10:00:00,0.74,7.05,,98,0.12,345,1.45,0.52,121,6.0,,,,,,,,,
2021-10-22 11:00:00,0.74,7.05,,97,0.12,346,1.65,0.52,121,5.95,,,,,,,,,
2021-10-22 12:00:00,0.72,7.0,,97,0.14,347,1.75,0.52,120,5.95,,,,,,,,,
2021-10-22 13:00:00,0.72,6.95,,96,0.16,353,1.8,0.5,119,5.85,,,,,,,,,
2021-10-22 14:00:00,0.7,6.9,,95,0.2,358,1.85,0.5,119,5.8,,,,,,,,,
2021-10-22 15:00:00,0.7,6.8,,94,0.22,4,1.9,0.48,118,5.8,,,,,,,,,
2021-10-22 16:00:00,0.7,6.65,,91,0.26,10,2.05,0.5,114,6.05,,,,,,,,,
2021-10-22 17:00:00,0.7,6.45,,88,0.28,16,2.2,0.5,110,6.35,,,,,,,,,
2021-10-22 18:00:00,0.7,6.3,,85,0.32,22,2.3,0.52,106,6.6,,,,,,,,,
2021-10-22 19:00:00,0.68,6.25,,84,0.28,18,2.25,0.52,108,6.65,,,,,,,,,
2021-10-22 20:00:00,0.68,6.25,,84,0.24,13,2.1,0.52,110,6.6,,,,,,,,,
2021-10-22 21:00:00,0.66,6.3,,83,0.2,9,1.95,0.52,112,6.55,,,,,,,,,
2021-10-22 22:00:00,0.66,6.4,,84,0.16,1,1.7,0.52,112,6.65,,,,,,,,,
2021-10-22 23:00:00,0.66,6.55,,85,0.12,354,1.4,0.52,111,6.75,,,,,,,,,
2021-10-23 00:00:00,0.66,6.65,,86,0.08,346,1.25,0.52,111,6.75,,,,,,,,,
2021-10-23 01:00:00,0.66,6.7,,86,0.08,348,1.35,0.52,100,6.6,,,,,,,,,
2021-10-23 02:00:00,0.68,6.75,,85,0.1,350,1.55,0.52,90,6.3,,,,,,,,,
2021-10-23 03:00:00,0.68,6.75,,85,0.1,352,1.7,0.52,79,6.15,,,,,,,,,
2021-10-23 04:00:00,0.7,6.75,,83,0.12,353,1.75,0.52,80,6.2,,,,,,,,,
2021-10-23 05:00:00,0.7,6.7,,82,0.12,354,1.75,0.54,82,6.35,,,,,,,,,
2021-10-23 06:00:00,0.72,6.65,,80,0.14,355,1.8,0.54,83,6.45,,,,,,,,,
2021-10-23 07:00:00,0.74,6.55,,77,0.2,358,1.9,0.54,84,6.5,,,,,,,,,
2021-10-23 08:00:00,0.76,6.4,,75,0.26,2,2.1,0.52,86,6.5,,,,,,,,,
2021-10-23 09:00:00,0.78,6.25,,72,0.32,5,2.25,0.52,87,6.55,,,,,,,,,
2021-10-23 10:00:00,0.82,6.0,,66,0.4,7,2.45,0.52,86,6.6,,,,,,,,,
2021-10-23 11:00:00,0.84,5.75,,60,0.48,9,2.65,0.52,85,6.65,,,,,,,,,
2021-10-23 12:00:00,0.88,5.55,,54,0.56,11,2.8,0.52,84,6.65,,,,,,,,,
2021-10-23 13:00:00,0.88,5.5,,54,0.54,11,2.85,0.52,85,6.7,,,,,,,,,
2021-10-23 14:00:00,0.88,5.55,,54,0.54,10,2.85,0.54,87,6.75,,,,,,,,,
2021-10-23 15:00:00,0.88,5.65,,54,0.52,10,2.8,0.54,88,6.6,,,,,,,,,
2021-10-23 16:00:00,0.88,5.75,,56,0.48,9,2.75,0.56,81,6.05,,,,,,,,,
2021-10-23 17:00:00,0.86,5.85,,58,0.44,9,2.6,0.58,74,5.25,,,,,,,,,
2021-10-23 18:00:00,0.86,5.95,,60,0.4,8,2.55,0.6,67,4.7,,,,,,,,,
2021-10-23 19:00:00,0.86,6.0,,60,0.4,10,2.55,0.6,68,4.6,,,,,,,,,
2021-10-23 20:00:00,0.84,6.0,,61,0.42,12,2.55,0.58,69,4.8,,,,,,,,,
2021-10-23 21:00:00,0.84,6.0,,61,0.42,14,2.55,0.58,70,4.9,,,,,,,,,
2021-10-23 22:00:00,0.84,5.95,,61,0.44,16,2.6,0.56,69,4.9,,,,,,,,,
2021-10-23 23:00:00,0.84,5.85,,60,0.44,17,2.7,0.54,68,4.85,,,,,,,,,
2021-10-24 00:00:00,0.84,5.8,,60,0.46,19,2.65,0.52,67,4.8,,,,,,,,,
2021-10-24 01:00:00,0.82,5.9,,63,0.36,7,2.5,0.56,64,4.65,,,,,,,,,
2021-10-24 02:00:00,0.82,6.05,,65,0.28,356,2.2,0.6,61,4.4,,,,,,,,,
2021-10-24 03:00:00,0.8,6.2,,68,0.18,344,1.9,0.64,58,4.3,,,,,,,,,
2021-10-24 04:00:00,0.78,6.35,,71,0.12,326,1.45,0.64,59,4.4,,,,,,,,,
2021-10-24 05:00:00,0.74,6.5,,73,0.08,309,0.9,0.62,61,4.6,,,,,,,,,
2021-10-24 06:00:00,0.72,6.65,,76,0.02,291,0.6,0.62,62,4.7,,,,,,,,,
2021-10-24 07:00:00,0.7,6.75,,77,0.04,275,0.75,0.58,63,4.6,,,,,,,,,
2021-10-24 08:00:00,0.68,6.8,,77,0.06,259,1.1,0.56,63,4.5,,,,,,,,,
2021-10-24 09:00:00,0.66,6.8,,78,0.08,243,1.5,0.52,64,4.5,,,,,,,,,
2021-10-24 10:00:00,0.76,6.75,,88,0.24,231,1.85,0.56,66,4.8,,,,,,,,,
2021-10-24 11:00:00,0.88,6.6,,99,0.4,219,2.2,0.62,69,5.3,,,,,,,,,
2021-10-24 12:00:00,0.98,6.45,,109,0.56,207,2.6,0.66,71,5.8,,,,,,,,,
2021-10-24 13:00:00,1.08,6.25,,127,0.72,200,3.0,0.66,74,6.3,,,,,,,,,
2021-10-24 14:00:00,1.2,6.0,,146,0.86,194,3.45,0.66,78,6.75,,,,,,,,,
2021-10-24 15:00:00,1.3,5.8,,164,1.02,187,3.8,0.66,81,7.1,,,,,,,,,
2021-10-24 16:00:00,1.36,5.75,,164,1.1,184,4.05,0.68,79,7.2,,,,,,,,,
2021-10-24 17:00:00,1.42,5.8,,164,1.16,182,4.2,0.68,76,7.2,,,,,,,,,
2021-10-24 18:00:00,1.48,5.85,,164,1.24,179,4.25,0.7,74,7.05,,,,,,,,,
2021-10-24 19:00:00,1.42,5.9,,162,1.1,178,4.1,0.74,91,6.8,,,,,,,,,
2021-10-24 20:00:00,1.38,6.0,,161,0.98,178,3.85,0.78,107,6.4,,,,,,,,,
2021-10-24 21:00:00,1.32,6.1,,159,0.84,177,3.5,0.82,124,5.95,,,,,,,,,
2021-10-24 22:00:00,1.28,6.25,,156,0.68,178,3.15,0.84,140,5.4,,,,,,,,,
2021-10-24 23:00:00,1.26,6.45,,153,0.5,179,2.75,0.86,155,4.75,,,,,,,,,
2021-10-25 00:00:00,1.22,6.6,,150,0.34,180,2.3,0.88,171,4.45,,,,,,,,,
2021-10-25 01:00:00,1.16,6.7,,147,0.24,189,1.8,0.82,153,4.65,,,,,,,,,
2021-10-25 02:00:00,1.1,6.75,,145,0.16,199,1.2,0.78,136,5.15,,,,,,,,,
2021-10-25 03:00:00,1.04,6.8,,142,0.06,208,0.75,0.72,118,5.6,,,,,,,,,
2021-10-25 04:00:00,1.02,6.9,,140,0.04,219,0.4,0.7,117,5.95,,,,,,,,,
2021-10-25 05:00:00,1.0,7.05,,137,0.02,230,0.15,0.68,117,6.3,,,,,,,,,
2021-10-25 06:00:00,0.98,7.15,,135,0.0,241,0.0,0.66,116,6.55,,,,,,,,,
2021-10-25 07:00:00,0.96,7.2,,133,0.0,259,0.0,0.62,103,6.75,,,,,,,,,
2021-10-25 08:00:00,0.92,7.2,,131,0.0,276,0.0,0.6,89,6.9,,,,,,,,,
2021-10-25 09:00:00,0.9,7.25,,129,0.0,294,0.0,0.56,76,7.0,,,,,,,,,
2021-10-25 10:00:00,0.88,7.3,,127,0.02,313,0.4,0.56,76,7.0,,,,,,,,,
2021-10-25 11:00:00,0.84,7.35,,126,0.02,332,1.0,0.54,77,6.95,,,,,,,,,
2021-10-25 12:00:00,0.82,7.4,,124,0.04,351,1.45,0.54,77,6.9,,,,,,,,,
2021-10-25 13:00:00,0.8,7.45,,121,0.08,2,1.6,0.54,77,6.9,,,,,,,,,
2021-10-25 14:00:00,0.8,7.45,,119,0.12,12,1.65,0.52,78,6.95,,,,,,,,,
2021-10-25 15:00:00,0.78,7.35,,116,0.16,23,1.7,0.52,78,6.95,,,,,,,,,
2021-10-25 16:00:00,0.8,7.1,,108,0.24,26,1.9,0.52,78,7.0,,,,,,,,,
2021-10-25 17:00:00,0.8,6.75,,100,0.3,28,2.15,0.5,79,7.0,,,,,,,,,
2021-10-25 18:00:00,0.82,6.5,,92,0.38,31,2.35,0.5,79,7.0,,,,,,,,,
2021-10-25 19:00:00,0.82,6.45,,90,0.36,25,2.4,0.48,78,6.9,,,,,,,,,
2021-10-25 20:00:00,0.8,6.45,,88,0.34,18,2.35,0.44,78,6.8,,,,,,,,,
2021-10-25 21:00:00,0.8,6.5,,86,0.32,12,2.25,0.42,77,6.8,,,,,,,,,
2021-10-25 22:00:00,0.78,6.55,,87,0.28,6,2.15,0.4,93,7.1,,,,,,,,,
2021-10-25 23:00:00,0.74,6.65,,87,0.24,0,2.0,0.4,109,7.5,,,,,,,,,
2021-10-26 00:00:00,0.72,6.75,,88,0.2,354,1.9,0.38,125,7.7,,,,,,,,,
2021-10-26 01:00:00,0.7,6.8,,88,0.18,351,1.85,0.4,111,7.6,,,,,,,,,
2021-10-26 02:00:00,0.7,6.8,,87,0.16,349,1.85,0.4,97,7.3,,,,,,,,,
2021-10-26 03:00:00,0.68,6.8,,87,0.14,346,1.8,0.42,83,7.0,,,,,,,,,
2021-10-26 04:00:00,0.66,6.8,,86,0.14,343,1.65,0.42,79,6.7,,,,,,,,,
2021-10-26 05:00:00,0.66,6.75,,85,0.12,339,1.5,0.42,75,6.4,,,,,,,,,
2021-10-26 06:00:00,0.64,6.7,,84,0.12,336,1.35,0.42,71,6.15,,,,,,,,,
2021-10-26 07:00:00,0.6,6.65,,84,0.1,337,1.3,0.4,71,5.95,,,,,,,,,
2021-10-26 08:00:00,0.58,6.55,,84,0.1,337,1.3,0.38,71,5.85,,,,,,,,,
2021-10-26 09:00:00,0.54,6.55,,84,0.08,338,1.25,0.36,71,5.85,,,,,,,,,
2021-10-26 10:00:00,0.52,6.6,,86,0.08,339,1.1,0.34,76,6.05,,,,,,,,,
2021-10-26 11:00:00,0.5,6.7,,87,0.06,339,0.9,0.34,80,6.35,,,,,,,,,
2021-10-26 12:00:00,0.48,6.8,,89,0.06,340,0.75,0.32,85,6.55,,,,,,,,,
2021-10-26 13:00:00,0.46,6.9,,90,0.06,351,0.7,0.32,85,6.55,,,,,,,,,
2021-10-26 14:00:00,0.46,6.95,,92,0.04,2,0.65,0.3,85,6.5,,,,,,,,,
2021-10-26 15:00:00,0.44,7.05,,93,0.04,13,0.7,0.3,85,6.45,,,,,,,,,
2021-10-26 16:00:00,0.44,7.15,,94,0.04,24,0.8,0.3,85,6.4,,,,,,,,,
2021-10-26 17:00:00,0.42,7.2,,94,0.04,36,0.95,0.3,84,6.4,,,,,,,,,
2021-10-26 18:00:00,0.42,7.25,,95,0.04,47,1.05,0.3,84,6.4,,,,,,,,,
2021-10-26 19:00:00,0.42,7.3,,95,0.06,39,1.05,0.3,84,6.45,,,,,,,,,
2021-10-26 20:00:00,0.42,7.3,,95,0.06,32,1.05,0.3,84,6.6,,,,,,,,,
2021-10-26 21:00:00,0.42,7.25,,95,0.08,24,1.1,0.3,84,6.65,,,,,,,,,
2021-10-26 22:00:00,0.42,7.15,,94,0.08,17,1.25,0.28,84,6.65,,,,,,,,,
2021-10-26 23:00:00,0.42,7.05,,92,0.08,11,1.5,0.28,83,6.6,,,,,,,,,
2021-10-27 00:00:00,0.42,6.95,,91,0.08,4,1.6,0.26,83,6.55,,,,,,,,,
2021-10-27 01:00:00,0.42,6.9,,91,0.08,0,1.55,0.26,83,6.5,,,,,,,,,
2021-10-27 02:00:00,0.4,6.85,,90,0.08,356,1.35,0.26,84,6.45,,,,,,,,,
2021-10-27 03:00:00,0.4,6.85,,90,0.08,352,1.2,0.26,84,6.55,,,,,,,,,
2021-10-27 04:00:00,0.4,6.9,,92,0.08,348,1.0,0.26,99,7.0,,,,,,,,,
2021-10-27 05:00:00,0.4,6.95,,93,0.06,344,0.8,0.24,113,7.6,,,,,,,,,
2021-10-27 06:00:00,0.4,7.0,,95,0.06,340,0.7,0.24,128,7.95,,,,,,,,,
2021-10-27 07:00:00,0.4,7.1,,97,0.06,341,0.8,0.24,128,7.9,,,,,,,,,
2021-10-27 08:00:00,0.38,7.2,,98,0.06,342,1.05,0.26,128,7.65,,,,,,,,,
2021-10-27 09:00:00,0.38,7.3,,100,0.06,343,1.15,0.26,128,7.4,,,,,,,,,
2021-10-27 10:00:00,0.38,7.4,,101,0.06,346,1.0,0.26,126,7.15,,,,,,,,,
2021-10-27 11:00:00,0.36,7.45,,102,0.04,349,0.75,0.26,125,6.9,,,,,,,,,
2021-10-27 12:00:00,0.36,7.5,,103,0.04,352,0.65,0.26,123,6.75,,,,,,,,,
2021-10-27 13:00:00,0.36,7.55,,104,0.06,3,0.9,0.26,124,6.75,,,,,,,,,
2021-10-27 14:00:00,0.34,7.55,,104,0.06,13,1.3,0.26,124,6.9,,,,,,,,,
2021-10-27 15:00:00,0.34,7.5,,105,0.08,24,1.6,0.26,125,7.05,,,,,,,,,
2021-10-27 16:00:00,0.36,7.25,,102,0.12,34,1.8,0.26,126,7.3,,,,,,,,,
2021-10-27 17:00:00,0.36,6.95,,100,0.14,43,1.9,0.24,127,7.6,,,,,,,,,
2021-10-27 18:00:00,0.38,6.7,,97,0.18,53,1.9,0.24,128,7.75,,,,,,,,,
2021-10-27 19:00:00,0.38,6.65,,98,0.14,41,1.75,0.24,128,7.55,,,,,,,,,
2021-10-27 20:00:00,0.4,6.65,,100,0.08,28,1.45,0.24,128,7.15,,,,,,,,,
2021-10-27 21:00:00,0.4,6.8,,101,0.04,16,1.15,0.24,128,6.85,,,,,,,,,
2021-10-27 22:00:00,0.4,7.1,,104,0.02,0,0.75,0.24,128,6.6,,,,,,,,,
2021-10-27 23:00:00,0.38,7.5,,108,0.02,345,0.3,0.24,128,6.45,,,,,,,,,
2021-10-28 00:00:00,0.38,7.85,,111,0.0,329,0.0,0.24,128,6.6,,,,,,,,,
2021-10-28 01:00:00,0.38,8.15,,113,0.0,323,0.0,0.26,127,7.45,,,,,,,,,
2021-10-28 02:00:00,0.38,8.45,,116,0.0,317,0.0,0.28,127,8.6,,,,,,,,,
2021-10-28 03:00:00,0.38,8.65,,118,0.0,311,0.0,0.3,126,9.25,,,,,,,,,
2021-10-28 04:00:00,0.38,8.75,,119,0.0,305,0.0,0.3,125,8.8,,,,,,,,,
2021-10-28 05:00:00,0.4,8.8,,120,0.0,300,0.0,0.3,124,7.85,,,,,,,,,
2021-10-28 06:00:00,0.4,8.8,,121,0.0,294,0.0,0.3,123,7.1,,,,,,,,,
2021-10-28 07:00:00,0.4,8.8,,121,0.0,255,0.0,0.3,123,6.85,,,,,,,,,
2021-10-28 08:00:00,0.4,8.75,,120,0.0,217,0.0,0.32,124,6.85,,,,,,,,,
2021-10-28 09:00:00,0.4,8.75,,120,0.0,178,0.0,0.32,124,7.15,,,,,,,,,
2021-10-28 10:00:00,0.42,8.85,,121,0.0,156,0.0,0.32,125,7.9,,,,,,,,,
2021-10-28 11:00:00,0.42,8.95,,121,0.0,135,0.0,0.34,127,8.95,,,,,,,,,
2021-10-28 12:00:00,0.44,9.1,,122,0.0,113,0.0,0.34,128,9.65,,,,,,,,,
2021-10-28 13:00:00,0.46,9.2,,122,0.0,111,0.0,0.36,126,9.75,,,,,,,,,
2021-10-28 14:00:00,0.46,9.35,,121,0.0,109,0.0,0.38,123,9.55,,,,,,,,,
2021-10-28 15:00:00,0.48,9.4,,121,0.0,107,0.1,0.4,121,9.4,,,,,,,,,
2021-10-28 16:00:00,0.5,9.4,,120,0.02,105,0.55,0.4,122,9.4,,,,,,,,,
2021-10-28 17:00:00,0.5,9.35,,120,0.02,104,1.15,0.42,122,9.45,,,,,,,,,
2021-10-28 18:00:00,0.52,9.25,,119,0.04,102,1.45,0.42,123,9.5,,,,,,,,,
2021-10-28 19:00:00,0.54,9.1,,118,0.02,106,1.15,0.44,123,9.55,,,,,,,,,
2021-10-28 20:00:00,0.54,8.9,,117,0.02,109,0.55,0.44,124,9.55,,,,,,,,,
2021-10-28 21:00:00,0.56,8.75,,116,0.0,113,0.1,0.46,124,9.35,,,,,,,,,
2021-10-28 22:00:00,0.58,8.65,,116,0.0,116,0.0,0.48,125,8.75,,,,,,,,,
2021-10-28 23:00:00,0.62,8.6,,115,0.0,120,0.0,0.48,125,7.95,,,,,,,,,
2021-10-29 00:00:00,0.64,8.5,,115,0.0,123,0.0,0.5,126,7.35,,,,,,,,,
2021-10-29 01:00:00,0.64,8.4,,114,0.0,127,0.0,0.5,126,7.2,,,,,,,,,
2021-10-29 02:00:00,0.66,8.3,,114,0.0,131,0.05,0.52,126,7.3,,,,,,,,,
2021-10-29 03:00:00,0.66,8.2,,113,0.0,135,0.1,0.52,126,7.4,,,,,,,,,
2021-10-29 04:00:00,0.66,8.1,,112,0.0,138,0.05,0.52,126,7.45,,,,,,,,,
2021-10-29 05:00:00,0.68,7.95,,112,0.02,142,0.05,0.52,126,7.5,,,,,,,,,
2021-10-29 06:00:00,0.68,7.85,,111,0.02,145,0.1,0.52,126,7.25,,,,,,,,,
2021-10-29 07:00:00,0.68,7.75,,110,0.04,143,0.35,0.52,113,6.5,,,,,,,,,
2021-10-29 08:00:00,0.68,7.65,,110,0.04,140,0.7,0.52,100,5.45,,,,,,,,,
2021-10-29 09:00:00,0.68,7.5,,109,0.06,138,1.05,0.52,87,4.7,,,,,,,,,
2021-10-29 10:00:00,0.68,7.35,,109,0.1,135,1.35,0.54,88,4.5,,,,,,,,,
2021-10-29 11:00:00,0.7,7.15,,109,0.12,132,1.65,0.54,88,4.55,,,,,,,,,
2021-10-29 12:00:00,0.7,6.95,,109,0.16,129,1.85,0.56,89,4.8,,,,,,,,,
2021-10-29 13:00:00,0.72,6.75,,110,0.16,119,1.9,0.54,104,5.3,,,,,,,,,
2021-10-29 14:00:00,0.72,6.55,,110,0.14,108,1.85,0.5,119,6.0,,,,,,,,,
2021-10-29 15:00:00,0.74,6.4,,111,0.14,98,1.8,0.48,134,6.3,,,,,,,,,
2021-10-29 16:00:00,0.72,6.25,,111,0.14,88,1.8,0.5,122,5.95,,,,,,,,,
2021-10-29 17:00:00,0.72,6.15,,110,0.14,77,1.75,0.52,111,5.2,,,,,,,,,
2021-10-29 18:00:00,0.7,6.05,,110,0.14,67,1.75,0.54,99,4.65,,,,,,,,,
2021-10-29 19:00:00,0.7,6.05,,110,0.14,67,1.75,0.56,99,4.5,,,,,,,,,
2021-10-29 20:00:00,0.7,6.05,,109,0.14,66,1.75,0.56,98,4.5,,,,,,,,,
2021-10-29 21:00:00,0.7,6.05,,109,0.14,66,1.75,0.58,98,4.5,,,,,,,,,
2021-10-29 22:00:00,0.7,6.0,,108,0.14,67,1.75,0.6,97,4.4,,,,,,,,,
2021-10-29 23:00:00,0.72,5.95,,106,0.14,67,1.75,0.62,97,4.25,,,,,,,,,
2021-10-30 00:00:00,0.72,5.9,,105,0.14,68,1.8,0.64,96,4.2,,,,,,,,,
2021-10-30 01:00:00,0.76,5.85,,102,0.18,70,1.85,0.68,95,4.2,,,,,,,,,
2021-10-30 02:00:00,0.82,5.8,,100,0.2,71,1.95,0.7,94,4.3,,,,,,,,,
2021-10-30 03:00:00,0.86,5.75,,97,0.24,73,2.05,0.74,93,4.4,,,,,,,,,
2021-10-30 04:00:00,0.9,5.75,,95,0.28,75,2.15,0.78,92,4.55,,,,,,,,,
2021-10-30 05:00:00,0.96,5.8,,94,0.32,76,2.25,0.84,91,4.75,,,,,,,,,
2021-10-30 06:00:00,1.0,5.85,,92,0.36,78,2.35,0.88,90,4.9,,,,,,,,,
2021-10-30 07:00:00,1.02,5.9,,91,0.34,76,2.35,0.92,89,4.95,,,,,,,,,
2021-10-30 08:00:00,1.04,5.95,,90,0.34,73,2.35,0.94,89,4.95,,,,,,,,,
2021-10-30 09:00:00,1.06,6.0,,89,0.32,71,2.3,0.98,88,5.0,,,,,,,,,
2021-10-30 10:00:00,1.1,6.1,,89,0.3,67,2.25,1.02,88,5.1,,,,,,,,,
2021-10-30 11:00:00,1.12,6.25,,88,0.28,64,2.2,1.06,87,5.2,,,,,,,,,
2021-10-30 12:00:00,1.16,6.3,,88,0.26,60,2.15,1.1,87,5.25,,,,,,,,,
2021-10-30 13:00:00,1.12,6.25,,88,0.22,60,2.05,1.08,87,5.2,,,,,,,,,
2021-10-30 14:00:00,1.1,6.2,,88,0.18,59,1.95,1.04,87,5.05,,,,,,,,,
2021-10-30 15:00:00,1.06,6.15,,88,0.14,59,1.75,1.02,87,5.0,,,,,,,,,
2021-10-30 16:00:00,1.06,6.15,,88,0.1,59,1.3,0.98,84,5.05,,,,,,,,,
2021-10-30 17:00:00,1.04,6.2,,89,0.06,59,0.8,0.94,81,5.2,,,,,,,,,
2021-10-30 18:00:00,1.04,6.25,,89,0.02,59,0.45,0.9,78,5.25,,,,,,,,,
2021-10-30 19:00:00,1.04,6.25,,89,0.04,56,0.45,0.92,82,5.2,,,,,,,,,
2021-10-30 20:00:00,1.04,6.25,,90,0.04,52,0.6,0.96,87,5.05,,,,,,,,,
2021-10-30 21:00:00,1.04,6.25,,90,0.06,49,0.75,0.98,91,5.0,,,,,,,,,
2021-10-30 22:00:00,1.06,6.3,,90,0.08,46,0.8,1.02,91,5.05,,,,,,,,,
2021-10-30 23:00:00,1.1,6.3,,90,0.1,43,0.8,1.06,90,5.2,,,,,,,,,
2021-10-31 00:00:00,1.12,6.35,,90,0.12,40,0.9,1.1,90,5.3,,,,,,,,,
2021-10-31 01:00:00,1.12,6.35,,90,0.14,41,1.2,1.1,90,5.35,,,,,,,,,
2021-10-31 02:00:00,1.12,6.35,,89,0.16,41,1.6,1.1,89,5.35,,,,,,,,,
2021-10-31 03:00:00,1.12,6.35,,89,0.18,42,1.9,1.1,89,5.35,,,,,,,,,
2021-10-31 04:00:00,1.12,6.35,,88,0.2,42,2.05,1.1,89,5.4,,,,,,,,,
2021-10-31 05:00:00,1.14,6.35,,88,0.24,42,2.1,1.1,89,5.5,,,,,,,,,
2021-10-31 06:00:00,1.14,6.4,,87,0.26,42,2.15,1.1,89,5.55,,,,,,,,,
2021-10-31 07:00:00,1.14,6.45,,87,0.24,43,2.15,1.1,88,5.6,,,,,,,,,
2021-10-31 08:00:00,1.14,6.5,,86,0.24,44,2.1,1.12,88,5.6,,,,,,,,,
2021-10-31 09:00:00,1.14,6.55,,86,0.22,45,2.05,1.12,87,5.6,,,,,,,,,
2021-10-31 10:00:00,1.14,6.6,,86,0.22,47,2.0,1.12,87,5.6,,,,,,,,,
2021-10-31 11:00:00,1.14,6.65,,87,0.2,48,1.9,1.12,87,5.65,,,,,,,,,
2021-10-31 12:00:00,1.14,6.65,,87,0.2,50,1.9,1.12,87,5.65,,,,,,,,,
2021-10-31 13:00:00,1.14,6.65,,87,0.22,51,1.95,1.12,88,5.65,,,,,,,,,
2021-10-31 14:00:00,1.12,6.65,,87,0.24,51,2.05,1.1,88,5.7,,,,,,,,,
2021-10-31 15:00:00,1.12,6.6,,87,0.26,52,2.15,1.1,89,5.7,,,,,,,,,
2021-10-31 16:00:00,1.12,6.55,,87,0.28,52,2.25,1.08,89,5.7,,,,,,,,,
2021-10-31 17:00:00,1.12,6.5,,87,0.32,52,2.4,1.08,90,5.75,,,,,,,,,
2021-10-31 18:00:00,1.12,6.5,,87,0.34,52,2.4,1.06,90,5.75,,,,,,,,,
2021-10-31 19:00:00,1.12,6.55,,87,0.28,53,2.3,1.08,89,5.7,,,,,,,,,
2021-10-31 20:00:00,1.12,6.6,,88,0.24,53,2.1,1.08,89,5.65,,,,,,,,,
2021-10-31 21:00:00,1.12,6.65,,88,0.18,54,1.85,1.1,88,5.65,,,,,,,,,
2021-10-31 22:00:00,1.12,6.75,,88,0.14,56,1.45,1.1,88,5.7,,,,,,,,,
2021-10-31 23:00:00,1.12,6.85,,89,0.08,59,1.0,1.12,89,5.75,,,,,,,,,
2021-11-01 00:00:00,1.12,6.95,,89,0.04,61,0.65,1.12,89,5.8,,,,,,,,,
2021-11-01 01:00:00,1.12,7.0,,89,0.04,59,0.55,1.12,89,5.85,,,,,,,,,
2021-11-01 02:00:00,1.12,7.1,,90,0.04,58,0.65,1.12,90,5.9,,,,,,,,,
2021-11-01 03:00:00,1.12,7.1,,90,0.04,56,0.7,1.12,90,5.9,,,,,,,,,
2021-11-01 04:00:00,1.1,7.05,,90,0.04,55,0.7,1.1,90,5.9,,,,,,,,,
2021-11-01 05:00:00,1.08,7.0,,90,0.06,53,0.75,1.08,89,5.85,,,,,,,,,
2021-11-01 06:00:00,1.06,6.95,,90,0.06,52,0.75,1.06,89,5.8,,,,,,,,,
2021-11-01 07:00:00,1.06,6.95,,90,0.06,53,0.75,1.06,89,5.75,,,,,,,,,
2021-11-01 08:00:00,1.08,6.95,,89,0.06,55,0.75,1.06,89,5.7,,,,,,,,,
2021-11-01 09:00:00,1.08,6.95,,89,0.06,56,0.75,1.06,89,5.7,,,,,,,,,
2021-11-01 10:00:00,1.1,6.95,,89,0.06,58,0.7,1.08,89,5.7,,,,,,,,,
2021-11-01 11:00:00,1.1,7.0,,89,0.06,59,0.65,1.08,89,5.75,,,,,,,,,
2021-11-01 12:00:00,1.12,7.0,,89,0.06,61,0.7,1.1,89,5.75,,,,,,,,,
2021-11-01 13:00:00,1.12,7.0,,89,0.08,62,0.95,1.1,89,5.75,,,,,,,,,
2021-11-01 14:00:00,1.12,7.05,,90,0.08,64,1.35,1.1,90,5.8,,,,,,,,,
2021-11-01 15:00:00,1.12,7.05,,90,0.1,65,1.65,1.1,90,5.8,,,,,,,,,
2021-11-01 16:00:00,1.12,7.05,,90,0.12,65,1.8,1.08,90,5.8,,,,,,,,,
2021-11-01 17:00:00,1.1,7.05,,90,0.12,66,1.9,1.08,90,5.8,,,,,,,,,
2021-11-01 18:00:00,1.1,7.05,,90,0.14,66,1.8,1.06,90,5.8,,,,,,,,,
2021-11-01 19:00:00,1.1,7.05,,90,0.1,63,1.5,1.06,90,5.8,,,,,,,,,
2021-11-01 20:00:00,1.08,7.05,,90,0.08,61,1.05,1.06,90,5.75,,,,,,,,,
2021-11-01 21:00:00,1.08,7.05,,90,0.04,58,0.65,1.06,90,5.75,,,,,,,,,
2021-11-01 22:00:00,1.06,7.05,,90,0.02,56,0.35,1.06,90,5.75,,,,,,,,,
2021-11-01 23:00:00,1.06,7.05,,91,0.02,54,0.15,1.04,91,5.75,,,,,,,,,
2021-11-02 00:00:00,1.04,7.05,,91,0.0,52,0.0,1.04,91,5.75,,,,,,,,,
2021-11-02 01:00:00,1.02,7.05,,91,0.0,51,0.0,1.02,91,5.75,,,,,,,,,
2021-11-02 02:00:00,1.02,7.05,,91,0.0,49,0.0,1.0,91,5.75,,,,,,,,,
2021-11-02 03:00:00,1.0,7.05,,91,0.0,48,0.0,0.98,91,5.75,,,,,,,,,
2021-11-02 04:00:00,0.98,7.05,,91,0.0,47,0.0,0.98,91,5.75,,,,,,,,,
2021-11-02 05:00:00,0.98,7.05,,92,0.0,47,0.0,0.96,91,5.8,,,,,,,,,
2021-11-02 06:00:00,0.96,7.05,,92,0.0,46,0.0,0.96,91,5.8,,,,,,,,,
2021-11-02 07:00:00,0.96,7.1,,92,0.0,42,0.0,0.94,91,5.8,,,,,,,,,
2021-11-02 08:00:00,0.94,7.1,,91,0.0,39,0.0,0.94,90,5.85,,,,,,,,,
2021-11-02 09:00:00,0.94,7.15,,91,0.0,35,0.0,0.92,90,5.85,,,,,,,,,
2021-11-02 10:00:00,0.94,7.2,,91,0.0,33,0.0,0.92,90,5.85,,,,,,,,,
2021-11-02 11:00:00,0.92,7.2,,90,0.0,31,0.0,0.9,90,5.85,,,,,,,,,
2021-11-02 12:00:00,0.92,7.25,,90,0.0,29,0.0,0.9,90,5.85,,,,,,,,,
2021-11-02 13:00:00,0.92,7.3,,90,0.02,31,0.3,0.9,90,5.9,,,,,,,,,
2021-11-02 14:00:00,0.9,7.35,,89,0.02,33,0.75,0.88,89,5.9,,,,,,,,,
2021-11-02 15:00:00,0.9,7.4,,89,0.04,35,1.1,0.88,89,5.95,,,,,,,,,
2021-11-02 16:00:00,0.9,7.45,,89,0.06,37,1.35,0.88,89,5.95,,,,,,,,,
2021-11-02 17:00:00,0.9,7.45,,88,0.08,40,1.55,0.86,88,6.0,,,,,,,,,
2021-11-02 18:00:00,0.9,7.45,,88,0.1,42,1.7,0.86,88,6.0,,,,,,,,,
2021-11-02 19:00:00,0.9,7.45,,88,0.1,38,1.75,0.86,87,6.0,,,,,,,,,
2021-11-02 20:00:00,0.88,7.45,,87,0.08,34,1.7,0.86,87,6.0,,,,,,,,,
2021-11-02 21:00:00,0.88,7.45,,87,0.08,30,1.55,0.86,86,6.0,,,,,,,,,
2021-11-02 22:00:00,0.88,7.5,,87,0.06,24,1.25,0.86,86,6.0,,,,,,,,,
2021-11-02 23:00:00,0.88,7.55,,86,0.06,17,0.85,0.84,85,6.0,,,,,,,,,
2021-11-03 00:00:00,0.88,7.6,,86,0.04,11,0.65,0.84,85,6.0,,,,,,,,,
2021-11-03 01:00:00,0.88,7.65,,86,0.04,12,0.7,0.84,85,6.0,,,,,,,,,
2021-11-03 02:00:00,0.86,7.65,,86,0.04,13,0.95,0.82,85,6.05,,,,,,,,,
2021-11-03 03:00:00,0.86,7.65,,86,0.04,14,1.15,0.82,85,6.05,,,,,,,,,
2021-11-03 04:00:00,0.86,7.65,,86,0.06,16,1.35,0.82,85,6.05,,,,,,,,,
2021-11-03 05:00:00,0.86,7.65,,85,0.1,19,1.5,0.82,84,6.05,,,,,,,,,
2021-11-03 06:00:00,0.86,7.65,,85,0.12,21,1.65,0.82,84,6.05,,,,,,,,,
2021-11-03 07:00:00,0.86,7.6,,84,0.14,21,1.75,0.82,84,6.0,,,,,,,,,
2021-11-03 08:00:00,0.86,7.55,,84,0.16,20,1.8,0.8,83,6.0,,,,,,,,,
2021-11-03 09:00:00,0.86,7.45,,83,0.18,20,1.85,0.8,83,5.95,,,,,,,,,
2021-11-03 10:00:00,0.86,7.3,,81,0.22,18,1.9,0.8,83,5.9,,,,,,,,,
2021-11-03 11:00:00,0.88,7.15,,80,0.24,17,2.0,0.78,82,5.9,,,,,,,,,
2021-11-03 12:00:00,0.88,7.0,,78,0.28,15,2.1,0.78,82,5.9,,,,,,,,,
2021-11-03 13:00:00,0.9,6.9,,76,0.32,17,2.2,0.78,82,5.95,,,,,,,,,
2021-11-03 14:00:00,0.9,6.85,,74,0.38,19,2.35,0.76,83,6.0,,,,,,,,,
2021-11-03 15:00:00,0.92,6.75,,72,0.42,21,2.5,0.76,83,6.1,,,,,,,,,
2021-11-03 16:00:00,0.94,6.55,,70,0.46,24,2.65,0.74,83,6.2,,,,,,,,,
2021-11-03 17:00:00,0.94,6.35,,68,0.52,26,2.8,0.7,83,6.25,,,,,,,,,
2021-11-03 18:00:00,0.96,6.25,,66,0.56,29,2.85,0.68,83,6.35,,,,,,,,,
2021-11-03 19:00:00,0.94,6.25,,68,0.5,25,2.8,0.66,83,6.5,,,,,,,,,
2021-11-03 20:00:00,0.94,6.35,,69,0.42,21,2.65,0.66,82,6.65,,,,,,,,,
2021-11-03 21:00:00,0.92,6.5,,71,0.36,17,2.45,0.64,82,6.65,,,,,,,,,
2021-11-03 22:00:00,0.9,6.65,,74,0.28,12,2.05,0.66,82,6.45,,,,,,,,,
2021-11-03 23:00:00,0.86,6.8,,77,0.18,7,1.6,0.7,81,6.1,,,,,,,,,
2021-11-04 00:00:00,0.84,6.95,,80,0.1,2,1.3,0.72,81,5.85,,,,,,,,,
2021-11-04 01:00:00,0.84,7.05,,81,0.12,4,1.4,0.72,80,5.7,,,,,,,,,
2021-11-04 02:00:00,0.82,7.1,,83,0.14,6,1.65,0.74,80,5.6,,,,,,,,,
2021-11-04 03:00:00,0.82,7.1,,84,0.16,8,1.9,0.74,79,5.55,,,,,,,,,
2021-11-04 04:00:00,0.82,7.05,,83,0.2,9,2.0,0.74,79,5.5,,,,,,,,,
2021-11-04 05:00:00,0.84,6.9,,83,0.22,9,2.0,0.72,80,5.5,,,,,,,,,
2021-11-04 06:00:00,0.84,6.8,,82,0.26,10,2.05,0.72,80,5.5,,,,,,,,,
2021-11-04 07:00:00,0.86,6.65,,80,0.3,10,2.15,0.72,80,5.5,,,,,,,,,
2021-11-04 08:00:00,0.86,6.55,,77,0.34,9,2.3,0.72,80,5.45,,,,,,,,,
2021-11-04 09:00:00,0.88,6.4,,75,0.38,9,2.4,0.72,80,5.45,,,,,,,,,
2021-11-04 10:00:00,0.9,6.25,,71,0.42,9,2.5,0.7,81,5.5,,,,,,,,,
2021-11-04 11:00:00,0.9,6.15,,68,0.44,8,2.6,0.66,82,5.55,,,,,,,,,
2021-11-04 12:00:00,0.92,6.05,,64,0.48,8,2.65,0.64,83,5.6,,,,,,,,,
2021-11-04 13:00:00,0.92,6.0,,64,0.48,9,2.7,0.64,81,5.65,,,,,,,,,
2021-11-04 14:00:00,0.9,6.0,,63,0.48,10,2.75,0.64,80,5.7,,,,,,,,,
2021-11-04 15:00:00,0.9,6.0,,63,0.48,11,2.75,0.64,78,5.7,,,,,,,,,
2021-11-04 16:00:00,0.88,6.0,,64,0.46,13,2.7,0.64,77,5.65,,,,,,,,,
2021-11-04 17:00:00,0.86,5.95,,66,0.44,15,2.65,0.64,77,5.55,,,,,,,,,
2021-11-04 18:00:00,0.84,6.05,,67,0.42,17,2.55,0.64,76,5.55,,,,,,,,,
2021-11-04 19:00:00,0.86,6.3,,69,0.36,16,2.4,0.66,76,5.7,,,,,,,,,
2021-11-04 20:00:00,0.88,6.6,,71,0.28,15,2.25,0.7,77,5.9,,,,,,,,,
2021-11-04 21:00:00,0.9,6.85,,73,0.22,14,2.0,0.72,77,5.95,,,,,,,,,
2021-11-04 22:00:00,0.84,6.9,,76,0.16,12,1.6,0.7,75,5.8,,,,,,,,,
2021-11-04 23:00:00,0.8,6.8,,78,0.1,11,1.05,0.68,73,5.5,,,,,,,,,
2021-11-05 00:00:00,0.74,6.8,,81,0.04,9,0.7,0.66,71,5.25,,,,,,,,,
2021-11-05 01:00:00,0.72,6.9,,84,0.04,11,0.6,0.64,73,5.15,,,,,,,,,
2021-11-05 02:00:00,0.72,7.0,,86,0.04,13,0.6,0.64,76,5.15,,,,,,,,,
2021-11-05 03:00:00,0.7,7.1,,89,0.04,15,0.65,0.62,78,5.1,,,,,,,,,
2021-11-05 04:00:00,0.7,7.1,,90,0.04,16,0.6,0.62,79,5.05,,,,,,,,,
2021-11-05 05:00:00,0.7,7.1,,92,0.04,17,0.6,0.62,80,5.0,,,,,,,,,
2021-11-05 06:00:00,0.7,7.05,,93,0.04,18,0.65,0.62,81,5.0,,,,,,,,,
2021-11-05 07:00:00,0.7,7.0,,94,0.06,20,0.9,0.62,80,5.0,,,,,,,,,
2021-11-05 08:00:00,0.72,6.9,,94,0.06,22,1.3,0.62,80,5.05,,,,,,,,,
2021-11-05 09:00:00,0.72,6.8,,95,0.08,24,1.6,0.62,79,5.05,,,,,,,,,
2021-11-05 10:00:00,0.72,6.75,,95,0.1,27,1.7,0.62,81,5.0,,,,,,,,,
2021-11-05 11:00:00,0.72,6.7,,95,0.12,31,1.75,0.64,84,5.0,,,,,,,,,
2021-11-05 12:00:00,0.72,6.65,,95,0.14,34,1.8,0.64,86,4.95,,,,,,,,,
2021-11-05 13:00:00,0.72,6.55,,94,0.18,34,1.9,0.62,87,4.95,,,,,,,,,
2021-11-05 14:00:00,0.72,6.45,,94,0.2,34,1.95,0.6,87,4.95,,,,,,,,,
2021-11-05 15:00:00,0.72,6.35,,93,0.24,34,2.05,0.58,88,5.0,,,,,,,,,
2021-11-05 16:00:00,0.72,6.2,,91,0.28,35,2.2,0.58,88,5.05,,,,,,,,,
2021-11-05 17:00:00,0.74,6.1,,88,0.32,35,2.35,0.56,88,5.1,,,,,,,,,
2021-11-05 18:00:00,0.74,6.0,,86,0.36,36,2.4,0.56,88,5.1,,,,,,,,,
2021-11-05 19:00:00,0.74,6.0,,86,0.32,33,2.35,0.56,84,4.95,,,,,,,,,
2021-11-05 20:00:00,0.72,6.1,,86,0.3,31,2.25,0.54,81,4.7,,,,,,,,,
2021-11-05 21:00:00,0.72,6.15,,86,0.26,28,2.1,0.54,77,4.55,,,,,,,,,
2021-11-05 22:00:00,0.7,6.2,,88,0.2,27,1.85,0.54,78,4.55,,,,,,,,,
2021-11-05 23:00:00,0.68,6.25,,89,0.16,25,1.5,0.56,78,4.6,,,,,,,,,
2021-11-06 00:00:00,0.66,6.35,,91,0.1,24,1.25,0.56,79,4.65,,,,,,,,,
2021-11-06 01:00:00,0.66,6.45,,92,0.1,25,1.15,0.54,79,4.7,,,,,,,,,
2021-11-06 02:00:00,0.64,6.55,,94,0.1,25,1.2,0.54,80,4.8,,,,,,,,,
2021-11-06 03:00:00,0.64,6.65,,95,0.1,26,1.2,0.52,80,4.9,,,,,,,,,
2021-11-06 04:00:00,0.64,6.75,,95,0.1,27,1.2,0.52,80,5.0,,,,,,,,,
2021-11-06 05:00:00,0.64,6.85,,96,0.1,27,1.2,0.52,80,5.1,,,,,,,,,
2021-11-06 06:00:00,0.64,6.9,,96,0.1,28,1.2,0.52,80,5.2,,,,,,,,,
2021-11-06 07:00:00,0.64,6.95,,96,0.1,28,1.2,0.52,80,5.3,,,,,,,,,
2021-11-06 08:00:00,0.66,6.95,,96,0.1,27,1.2,0.54,80,5.35,,,,,,,,,
2021-11-06 09:00:00,0.66,6.95,,96,0.1,27,1.2,0.54,80,5.4,,,,,,,,,
2021-11-06 10:00:00,0.66,7.0,,96,0.1,27,1.2,0.54,80,5.45,,,,,,,,,
2021-11-06 11:00:00,0.66,7.05,,97,0.08,26,1.2,0.54,79,5.45,,,,,,,,,
2021-11-06 12:00:00,0.66,7.1,,97,0.08,26,1.15,0.54,79,5.5,,,,,,,,,
2021-11-06 13:00:00,0.66,7.1,,97,0.06,33,1.0,0.54,79,5.55,,,,,,,,,
2021-11-06 14:00:00,0.66,7.1,,98,0.06,39,0.8,0.56,80,5.55,,,,,,,,,
2021-11-06 15:00:00,0.66,7.1,,98,0.04,46,0.6,0.56,80,5.6,,,,,,,,,
2021-11-06 16:00:00,0.66,7.15,,99,0.02,54,0.4,0.54,82,5.65,,,,,,,,,
2021-11-06 17:00:00,0.66,7.15,,99,0.02,62,0.15,0.54,84,5.7,,,,,,,,,
2021-11-06 18:00:00,0.66,7.2,,100,0.0,70,0.0,0.52,86,5.7,,,,,,,,,
2021-11-06 19:00:00,0.66,7.2,,101,0.0,87,0.0,0.52,87,5.6,,,,,,,,,
2021-11-06 20:00:00,0.64,7.2,,101,0.0,103,0.0,0.52,89,5.5,,,,,,,,,
2021-11-06 21:00:00,0.64,7.2,,102,0.0,120,0.0,0.52,90,5.45,,,,,,,,,
2021-11-06 22:00:00,0.64,7.25,,103,0.0,136,0.1,0.54,90,5.65,,,,,,,,,
2021-11-06 23:00:00,0.66,7.35,,103,0.02,151,0.3,0.54,89,5.9,,,,,,,,,
2021-11-07 00:00:00,0.66,7.4,,104,0.02,167,0.45,0.56,89,6.05,,,,,,,,,
2021-11-07 01:00:00,0.66,7.35,,106,0.04,170,0.55,0.54,93,5.95,,,,,,,,,
2021-11-07 02:00:00,0.64,7.3,,107,0.06,173,0.6,0.54,96,5.7,,,,,,,,,
2021-11-07 03:00:00,0.64,7.2,,109,0.08,176,0.75,0.52,100,5.55,,,,,,,,,
2021-11-07 04:00:00,0.66,7.1,,113,0.1,180,1.05,0.52,99,5.6,,,,,,,,,
2021-11-07 05:00:00,0.68,7.0,,116,0.14,183,1.45,0.52,99,5.8,,,,,,,,,
2021-11-07 06:00:00,0.7,6.9,,120,0.16,187,1.8,0.52,98,5.95,,,,,,,,,
2021-11-07 07:00:00,0.72,6.8,,125,0.22,185,2.0,0.5,99,6.1,,,,,,,,,
2021-11-07 08:00:00,0.76,6.7,,131,0.26,183,2.1,0.48,100,6.2,,,,,,,,,
2021-11-07 09:00:00,0.78,6.6,,136,0.32,181,2.25,0.46,101,6.2,,,,,,,,,
2021-11-07 10:00:00,0.86,6.55,,140,0.38,179,2.45,0.48,107,5.95,,,,,,,,,
2021-11-07 11:00:00,0.92,6.5,,145,0.44,178,2.6,0.5,112,5.55,,,,,,,,,
2021-11-07 12:00:00,1.0,6.5,,149,0.5,176,2.75,0.52,118,5.5,,,,,,,,,
2021-11-07 13:00:00,1.02,6.6,,149,0.48,175,2.8,0.54,132,6.0,,,,,,,,,
2021-11-07 14:00:00,1.02,6.75,,150,0.48,173,2.75,0.56,147,6.85,,,,,,,,,
2021-11-07 15:00:00,1.04,6.9,,150,0.46,172,2.7,0.58,161,7.6,,,,,,,,,
2021-11-07 16:00:00,1.06,7.0,,149,0.44,170,2.7,0.62,161,8.15,,,,,,,,,
2021-11-07 17:00:00,1.08,7.15,,149,0.44,168,2.65,0.64,161,8.6,,,,,,,,,
2021-11-07 18:00:00,1.1,7.25,,148,0.42,166,2.6,0.68,161,8.85,,,,,,,,,
2021-11-07 19:00:00,1.08,7.35,,148,0.36,168,2.45,0.7,160,8.85,,,,,,,,,
2021-11-07 20:00:00,1.08,7.45,,149,0.32,170,2.3,0.74,160,8.7,,,,,,,,,
2021-11-07 21:00:00,1.06,7.6,,149,0.26,172,2.15,0.76,159,8.6,,,,,,,,,
2021-11-07 22:00:00,1.06,7.75,,149,0.22,175,2.05,0.78,158,8.6,,,,,,,,,
2021-11-07 23:00:00,1.04,7.95,,148,0.18,178,1.95,0.78,157,8.6,,,,,,,,,
2021-11-08 00:00:00,1.04,8.1,,148,0.14,181,1.75,0.8,156,8.6,,,,,,,,,
2021-11-08 01:00:00,1.04,8.25,,148,0.1,189,1.4,0.8,155,8.6,,,,,,,,,
2021-11-08 02:00:00,1.02,8.4,,147,0.08,197,0.95,0.82,155,8.6,,,,,,,,,
2021-11-08 03:00:00,1.02,8.55,,147,0.04,205,0.6,0.82,154,8.6,,,,,,,,,
2021-11-08 04:00:00,1.0,8.65,,147,0.02,214,0.35,0.8,150,8.6,,,,,,,,,
2021-11-08 05:00:00,1.0,8.7,,147,0.02,222,0.15,0.8,147,8.55,,,,,,,,,
2021-11-08 06:00:00,0.98,8.8,,147,0.0,231,0.0,0.78,143,8.5,,,,,,,,,
2021-11-08 07:00:00,1.0,8.9,,147,0.0,231,0.0,0.8,150,8.45,,,,,,,,,
2021-11-08 08:00:00,1.0,9.05,,146,0.0,232,0.0,0.82,158,8.35,,,,,,,,,
2021-11-08 09:00:00,1.02,9.1,,146,0.0,232,0.0,0.84,165,8.3,,,,,,,,,
2021-11-08 10:00:00,1.0,9.05,,146,0.0,206,0.0,0.82,160,8.3,,,,,,,,,
2021-11-08 11:00:00,0.98,9.0,,145,0.0,180,0.0,0.82,156,8.3,,,,,,,,,
2021-11-08 12:00:00,0.96,8.9,,145,0.0,154,0.0,0.8,151,8.25,,,,,,,,,
2021-11-08 13:00:00,0.94,8.85,,145,0.0,150,0.0,0.8,151,8.05,,,,,,,,,
2021-11-08 14:00:00,0.94,8.8,,144,0.0,146,0.0,0.8,150,7.8,,,,,,,,,
2021-11-08 15:00:00,0.92,8.75,,144,0.0,142,0.0,0.8,150,7.6,,,,,,,,,
2021-11-08 16:00:00,0.9,8.65,,144,0.02,139,0.5,0.78,150,7.5,,,,,,,,,
2021-11-08 17:00:00,0.9,8.6,,144,0.02,137,1.15,0.78,151,7.45,,,,,,,,,
2021-11-08 18:00:00,0.88,8.5,,144,0.04,134,1.55,0.76,151,7.4,,,,,,,,,
2021-11-08 19:00:00,0.86,8.45,,144,0.04,140,1.4,0.74,151,7.35,,,,,,,,,
2021-11-08 20:00:00,0.86,8.35,,144,0.04,145,0.95,0.74,150,7.3,,,,,,,,,
2021-11-08 21:00:00,0.84,8.3,,144,0.04,151,0.6,0.72,150,7.25,,,,,,,,,
2021-11-08 22:00:00,0.82,8.25,,144,0.04,157,0.55,0.72,150,7.2,,,,,,,,,
2021-11-08 23:00:00,0.82,8.2,,144,0.02,164,0.6,0.7,150,7.2,,,,,,,,,
2021-11-09 00:00:00,0.8,8.15,,144,0.02,170,0.6,0.7,150,7.2,,,,,,,,,
2021-11-09 01:00:00,0.8,8.1,,144,0.02,178,0.4,0.68,151,7.3,,,,,,,,,
2021-11-09 02:00:00,0.8,8.1,,145,0.0,186,0.2,0.68,151,7.45,,,,,,,,,
2021-11-09 03:00:00,0.8,8.1,,145,0.0,194,0.0,0.66,152,7.55,,,,,,,,,
2021-11-09 04:00:00,0.8,8.1,,145,0.0,202,0.0,0.66,152,7.55,,,,,,,,,
2021-11-09 05:00:00,0.78,8.15,,145,0.0,210,0.0,0.64,151,7.55,,,,,,,,,
2021-11-09 06:00:00,0.78,8.15,,145,0.0,218,0.0,0.64,151,7.5,,,,,,,,,
2021-11-09 07:00:00,0.78,8.15,,145,0.0,213,0.0,0.64,150,7.45,,,,,,,,,
2021-11-09 08:00:00,0.76,8.1,,145,0.0,208,0.05,0.66,149,7.4,,,,,,,,,
2021-11-09 09:00:00,0.76,8.05,,145,0.0,203,0.1,0.66,148,7.35,,,,,,,,,
2021-11-09 10:00:00,0.74,8.0,,145,0.0,197,0.25,0.66,148,7.3,,,,,,,,,
2021-11-09 11:00:00,0.74,8.0,,146,0.02,190,0.4,0.64,149,7.25,,,,,,,,,
2021-11-09 12:00:00,0.72,7.95,,146,0.02,184,0.65,0.64,149,7.2,,,,,,,,,
2021-11-09 13:00:00,0.72,7.9,,146,0.04,178,0.95,0.64,149,7.2,,,,,,,,,
2021-11-09 14:00:00,0.7,7.9,,146,0.04,171,1.3,0.62,150,7.2,,,,,,,,,
2021-11-09 15:00:00,0.7,7.85,,146,0.06,165,1.55,0.62,150,7.2,,,,,,,,,
2021-11-09 16:00:00,0.7,7.75,,146,0.1,160,1.7,0.6,150,7.25,,,,,,,,,
2021-11-09 17:00:00,0.72,7.65,,146,0.14,155,1.75,0.6,150,7.25,,,,,,,,,
2021-11-09 18:00:00,0.72,7.55,,146,0.18,150,1.8,0.58,150,7.3,,,,,,,,,
2021-11-09 19:00:00,0.72,7.5,,146,0.18,155,1.85,0.58,150,7.35,,,,,,,,,
2021-11-09 20:00:00,0.72,7.45,,146,0.16,159,1.9,0.58,150,7.35,,,,,,,,,
2021-11-09 21:00:00,0.72,7.45,,146,0.16,164,1.85,0.58,150,7.35,,,,,,,,,
2021-11-09 22:00:00,0.72,7.45,,146,0.14,169,1.75,0.6,149,7.25,,,,,,,,,
2021-11-09 23:00:00,0.74,7.4,,147,0.14,175,1.55,0.64,149,7.05,,,,,,,,,
2021-11-10 00:00:00,0.74,7.4,,147,0.12,180,1.35,0.66,148,6.9,,,,,,,,,
2021-11-10 01:00:00,0.74,7.35,,147,0.1,184,1.15,0.66,149,6.75,,,,,,,,,
2021-11-10 02:00:00,0.76,7.35,,148,0.1,188,0.95,0.68,150,6.65,,,,,,,,,
2021-11-10 03:00:00,0.76,7.35,,148,0.08,192,0.8,0.68,151,6.55,,,,,,,,,
2021-11-10 04:00:00,0.76,7.4,,148,0.06,196,0.7,0.68,151,6.55,,,,,,,,,
2021-11-10 05:00:00,0.76,7.5,,147,0.06,201,0.65,0.7,151,6.65,,,,,,,,,
2021-11-10 06:00:00,0.76,7.55,,147,0.04,205,0.7,0.7,151,6.7,,,,,,,,,
2021-11-10 07:00:00,0.76,7.6,,147,0.06,199,0.85,0.68,151,6.7,,,,,,,,,
2021-11-10 08:00:00,0.74,7.6,,147,0.06,193,1.05,0.68,150,6.75,,,,,,,,,
2021-11-10 09:00:00,0.74,7.6,,147,0.08,187,1.25,0.66,150,6.75,,,,,,,,,
2021-11-10 10:00:00,0.74,7.6,,147,0.12,183,1.5,0.66,150,6.8,,,,,,,,,
2021-11-10 11:00:00,0.74,7.6,,147,0.14,179,1.7,0.66,149,6.85,,,,,,,,,
2021-11-10 12:00:00,0.74,7.6,,147,0.18,175,1.9,0.66,149,6.9,,,,,,,,,
2021-11-10 13:00:00,0.72,7.55,,147,0.18,170,1.95,0.64,149,6.85,,,,,,,,,
2021-11-10 14:00:00,0.72,7.4,,147,0.2,165,1.95,0.64,149,6.8,,,,,,,,,
2021-11-10 15:00:00,0.7,7.3,,147,0.2,160,1.95,0.62,149,6.75,,,,,,,,,
2021-11-10 16:00:00,0.7,7.15,,147,0.2,154,1.95,0.6,149,6.7,,,,,,,,,
2021-11-10 17:00:00,0.7,7.0,,146,0.22,149,2.0,0.6,149,6.7,,,,,,,,,
2021-11-10 18:00:00,0.7,6.9,,146,0.22,143,2.0,0.58,149,6.75,,,,,,,,,
2021-11-10 19:00:00,0.7,6.8,,145,0.2,141,1.95,0.56,149,6.9,,,,,,,,,
2021-11-10 20:00:00,0.7,6.75,,145,0.2,139,1.9,0.54,149,7.15,,,,,,,,,
2021-11-10 21:00:00,0.7,6.7,,144,0.18,137,1.85,0.52,149,7.2,,,,,,,,,
2021-11-10 22:00:00,0.7,6.65,,143,0.16,136,1.8,0.54,147,6.9,,,,,,,,,
2021-11-10 23:00:00,0.72,6.6,,142,0.14,136,1.8,0.56,144,6.45,,,,,,,,,
2021-11-11 00:00:00,0.72,6.55,,141,0.12,135,1.7,0.58,142,6.15,,,,,,,,,
2021-11-11 01:00:00,0.76,6.6,,140,0.12,135,1.55,0.6,145,6.15,,,,,,,,,
2021-11-11 02:00:00,0.8,6.65,,140,0.1,134,1.35,0.6,147,6.25,,,,,,,,,
2021-11-11 03:00:00,0.84,6.65,,139,0.1,134,1.2,0.62,150,6.4,,,,,,,,,
2021-11-11 04:00:00,0.84,6.6,,138,0.1,134,1.15,0.6,146,6.55,,,,,,,,,
2021-11-11 05:00:00,0.82,6.45,,138,0.1,134,1.15,0.6,143,6.75,,,,,,,,,
2021-11-11 06:00:00,0.82,6.35,,137,0.1,134,1.2,0.58,139,6.6,,,,,,,,,
2021-11-11 07:00:00,0.8,6.25,,136,0.12,132,1.35,0.6,138,5.85,,,,,,,,,
2021-11-11 08:00:00,0.8,6.15,,136,0.12,131,1.6,0.62,136,4.8,,,,,,,,,
2021-11-11 09:00:00,0.78,6.1,,135,0.14,129,1.8,0.64,135,4.05,,,,,,,,,
2021-11-11 10:00:00,0.78,6.05,,135,0.16,128,1.85,0.64,135,3.85,,,,,,,,,
2021-11-11 11:00:00,0.78,6.05,,135,0.16,126,1.9,0.62,134,3.95,,,,,,,,,
2021-11-11 12:00:00,0.78,6.05,,135,0.18,125,1.9,0.62,134,4.15,,,,,,,,,
2021-11-11 13:00:00,0.78,6.05,,135,0.18,125,1.9,0.64,135,4.35,,,,,,,,,
2021-11-11 14:00:00,0.76,6.1,,135,0.2,124,1.95,0.68,137,4.65,,,,,,,,,
2021-11-11 15:00:00,0.76,6.1,,135,0.2,124,1.95,0.7,138,4.85,,,,,,,,,
2021-11-11 16:00:00,0.76,6.1,,135,0.2,122,1.95,0.7,138,4.95,,,,,,,,,
2021-11-11 17:00:00,0.76,6.15,,135,0.22,121,2.0,0.68,138,4.95,,,,,,,,,
2021-11-11 18:00:00,0.76,6.15,,135,0.22,119,2.0,0.68,138,4.95,,,,,,,,,
2021-11-11 19:00:00,0.78,6.2,,135,0.22,118,2.0,0.68,138,5.0,,,,,,,,,
2021-11-11 20:00:00,0.78,6.2,,135,0.22,116,2.0,0.7,138,5.05,,,,,,,,,
2021-11-11 21:00:00,0.8,6.25,,135,0.22,115,2.0,0.7,138,5.05,,,,,,,,,
2021-11-11 22:00:00,0.82,6.25,,135,0.22,114,2.05,0.72,138,5.0,,,,,,,,,
2021-11-11 23:00:00,0.84,6.3,,134,0.22,113,2.1,0.76,137,4.95,,,,,,,,,
2021-11-12 00:00:00,0.86,6.3,,134,0.22,112,2.0,0.78,137,4.95,,,,,,,,,
2021-11-12 01:00:00,0.88,6.35,,134,0.18,118,1.65,0.76,138,5.1,,,,,,,,,
2021-11-12 02:00:00,0.88,6.4,,134,0.12,125,1.15,0.74,138,5.35,,,,,,,,,
2021-11-12 03:00:00,0.9,6.45,,134,0.08,131,0.75,0.72,139,5.55,,,,,,,,,
2021-11-12 04:00:00,0.9,6.55,,135,0.06,137,0.45,0.74,139,5.6,,,,,,,,,
2021-11-12 05:00:00,0.92,6.7,,135,0.02,143,0.25,0.74,140,5.6,,,,,,,,,
2021-11-12 06:00:00,0.92,6.8,,136,0.0,149,0.1,0.76,140,5.7,,,,,,,,,
2021-11-12 07:00:00,0.92,6.85,,136,0.0,147,0.05,0.76,140,6.05,,,,,,,,,
2021-11-12 08:00:00,0.92,6.9,,136,0.0,145,0.1,0.76,140,6.55,,,,,,,,,
2021-11-12 09:00:00,0.92,7.0,,136,0.0,143,0.1,0.76,140,6.85,,,,,,,,,
2021-11-12 10:00:00,0.96,7.15,,136,0.0,141,0.05,0.82,139,6.9,,,,,,,,,
2021-11-12 11:00:00,0.98,7.3,,135,0.02,138,0.0,0.88,137,6.75,,,,,,,,,
2021-11-12 12:00:00,1.02,7.4,,135,0.02,136,0.1,0.94,136,6.7,,,,,,,,,
2021-11-12 13:00:00,1.0,7.4,,135,0.04,136,0.5,0.9,137,6.8,,,,,,,,,
2021-11-12 14:00:00,1.0,7.3,,134,0.06,135,1.1,0.84,137,6.95,,,,,,,,,
2021-11-12 15:00:00,0.98,7.25,,134,0.08,135,1.55,0.8,138,7.05,,,,,,,,,
2021-11-12 16:00:00,0.98,7.25,,134,0.12,135,1.8,0.8,138,7.15,,,,,,,,,
2021-11-12 17:00:00,0.96,7.25,,134,0.14,134,1.95,0.78,138,7.2,,,,,,,,,
2021-11-12 18:00:00,0.96,7.2,,134,0.18,134,1.9,0.78,138,7.1,,,,,,,,,
2021-11-12 19:00:00,0.96,7.15,,134,0.16,130,1.6,0.78,138,6.7,,,,,,,,,
2021-11-12 20:00:00,0.96,7.05,,134,0.12,125,1.2,0.78,138,6.2,,,,,,,,,
2021-11-12 21:00:00,0.96,6.95,,134,0.1,121,0.85,0.78,138,5.8,,,,,,,,,
2021-11-12 22:00:00,0.94,6.9,,134,0.1,116,0.75,0.78,138,5.7,,,,,,,,,
2021-11-12 23:00:00,0.94,6.8,,133,0.08,111,0.8,0.76,138,5.7,,,,,,,,,
2021-11-13 00:00:00,0.92,6.8,,133,0.08,106,0.8,0.76,138,5.75,,,,,,,,,
2021-11-13 01:00:00,0.94,6.85,,133,0.06,101,0.75,0.78,138,5.8,,,,,,,,,
2021-11-13 02:00:00,0.94,7.0,,133,0.06,96,0.75,0.78,138,5.9,,,,,,,,,
2021-11-13 03:00:00,0.96,7.1,,133,0.04,91,0.7,0.8,138,5.95,,,,,,,,,
2021-11-13 04:00:00,0.96,7.15,,133,0.04,87,0.65,0.8,138,5.95,,,,,,,,,
2021-11-13 05:00:00,0.98,7.2,,133,0.04,82,0.6,0.8,137,5.9,,,,,,,,,
2021-11-13 06:00:00,0.98,7.25,,133,0.04,78,0.6,0.8,137,6.0,,,,,,,,,
2021-11-13 07:00:00,0.98,7.3,,133,0.04,74,0.6,0.8,137,6.4,,,,,,,,,
2021-11-13 08:00:00,0.96,7.4,,133,0.04,69,0.65,0.8,137,7.0,,,,,,,,,
2021-11-13 09:00:00,0.96,7.5,,133,0.04,65,0.65,0.8,137,7.35,,,,,,,,,
2021-11-13 10:00:00,0.96,7.6,,133,0.04,62,0.65,0.84,136,7.35,,,,,,,,,
2021-11-13 11:00:00,0.96,7.75,,132,0.04,60,0.65,0.86,134,7.1,,,,,,,,,
2021-11-13 12:00:00,0.96,7.85,,132,0.04,57,0.65,0.9,133,6.95,,,,,,,,,
2021-11-13 13:00:00,0.96,7.95,,132,0.04,55,0.65,0.9,133,6.95,,,,,,,,,
2021-11-13 14:00:00,0.96,8.05,,132,0.06,53,0.65,0.9,133,7.05,,,,,,,,,
2021-11-13 15:00:00,0.96,8.1,,132,0.06,51,0.75,0.9,133,7.1,,,,,,,,,
2021-11-13 16:00:00,0.96,8.15,,132,0.08,50,1.05,0.9,133,7.15,,,,,,,,,
2021-11-13 17:00:00,0.96,8.2,,131,0.12,50,1.5,0.9,132,7.2,,,,,,,,,
2021-11-13 18:00:00,0.96,8.2,,131,0.14,49,1.8,0.9,132,7.2,,,,,,,,,
2021-11-13 19:00:00,0.96,8.2,,129,0.14,47,1.9,0.9,130,7.15,,,,,,,,,
2021-11-13 20:00:00,0.96,8.15,,128,0.16,45,1.85,0.9,129,7.1,,,,,,,,,
2021-11-13 21:00:00,0.96,8.1,,126,0.16,43,1.85,0.9,127,7.15,,,,,,,,,
2021-11-13 22:00:00,0.96,8.0,,125,0.18,40,1.85,0.86,132,7.35,,,,,,,,,
2021-11-13 23:00:00,0.98,7.9,,123,0.18,38,1.9,0.84,137,7.6,,,,,,,,,
2021-11-14 00:00:00,0.98,7.9,,122,0.2,35,1.9,0.8,142,7.8,,,,,,,,,
2021-11-14 01:00:00,1.04,8.05,,120,0.2,33,1.95,0.84,132,7.8,,,,,,,,,
2021-11-14 02:00:00,1.1,8.25,,118,0.22,32,1.95,0.9,123,7.75,,,,,,,,,
2021-11-14 03:00:00,1.16,8.35,,116,0.22,30,2.0,0.94,113,7.65,,,,,,,,,
2021-11-14 04:00:00,1.12,8.25,,115,0.22,28,2.0,0.88,116,7.55,,,,,,,,,
2021-11-14 05:00:00,1.08,8.05,,113,0.22,27,2.05,0.82,118,7.5,,,,,,,,,
2021-11-14 06:00:00,1.04,7.95,,112,0.22,25,2.05,0.76,121,7.45,,,,,,,,,
2021-11-14 07:00:00,1.04,7.95,,112,0.24,22,2.05,0.76,127,7.5,,,,,,,,,
2021-11-14 08:00:00,1.06,8.05,,111,0.24,18,2.1,0.78,133,7.65,,,,,,,,,
2021-11-14 09:00:00,1.06,8.1,,111,0.26,15,2.1,0.78,139,7.75,,,,,,,,,
2021-11-14 10:00:00,1.04,8.05,,110,0.26,11,2.1,0.78,138,7.85,,,,,,,,,
2021-11-14 11:00:00,1.04,8.0,,109,0.26,8,2.05,0.8,137,7.9,,,,,,,,,
2021-11-14 12:00:00,1.02,8.05,,108,0.26,4,2.1,0.8,136,8.05,,,,,,,,,
2021-11-14 13:00:00,1.12,8.4,,106,0.32,5,2.25,0.88,136,8.4,,,,,,,,,
2021-11-14 14:00:00,1.2,8.85,,104,0.36,5,2.45,0.94,135,8.8,,,,,,,,,
2021-11-14 15:00:00,1.3,9.05,,102,0.42,6,2.6,1.02,135,9.0,,,,,,,,,
2021-11-14 16:00:00,1.2,8.7,,100,0.42,9,2.65,0.94,134,8.7,,,,,,,,,
2021-11-14 17:00:00,1.12,8.05,,97,0.42,12,2.6,0.88,132,8.2,,,,,,,,,
2021-11-14 18:00:00,1.02,7.6,,95,0.42,15,2.55,0.8,131,7.8,,,,,,,,,
2021-11-14 19:00:00,1.0,7.5,,96,0.38,14,2.45,0.76,129,7.75,,,,,,,,,
2021-11-14 20:00:00,0.98,7.5,,98,0.34,12,2.35,0.72,128,7.8,,,,,,,,,
2021-11-14 21:00:00,0.96,7.6,,99,0.3,11,2.25,0.68,126,7.9,,,,,,,,,
2021-11-14 22:00:00,0.98,7.75,,98,0.28,8,2.15,0.72,127,7.95,,,,,,,,,
2021-11-14 23:00:00,1.02,7.9,,98,0.24,4,2.0,0.78,127,8.05,,,,,,,,,
2021-11-15 00:00:00,1.04,8.0,,97,0.22,1,1.95,0.82,128,8.05,,,,,,,,,
2021-11-15 01:00:00,1.04,7.95,,95,0.24,6,1.95,0.8,120,7.9,,,,,,,,,
2021-11-15 02:00:00,1.02,7.8,,94,0.24,10,2.05,0.8,112,7.7,,,,,,,,,
2021-11-15 03:00:00,1.02,7.7,,92,0.26,15,2.1,0.78,104,7.55,,,,,,,,,
2021-11-15 04:00:00,1.02,7.65,,91,0.28,18,2.15,0.78,102,7.6,,,,,,,,,
2021-11-15 05:00:00,1.04,7.55,,89,0.32,21,2.25,0.8,100,7.7,,,,,,,,,
2021-11-15 06:00:00,1.04,7.5,,88,0.34,24,2.3,0.8,98,7.65,,,,,,,,,
2021-11-15 07:00:00,1.04,7.4,,87,0.34,24,2.35,0.78,98,7.3,,,,,,,,,
2021-11-15 08:00:00,1.04,7.3,,86,0.36,23,2.35,0.78,99,6.8,,,,,,,,,
2021-11-15 09:00:00,1.04,7.15,,85,0.36,23,2.4,0.76,99,6.4,,,,,,,,,
2021-11-15 10:00:00,1.0,6.95,,84,0.36,24,2.4,0.72,101,6.2,,,,,,,,,
2021-11-15 11:00:00,0.98,6.75,,84,0.38,24,2.4,0.7,102,6.15,,,,,,,,,
2021-11-15 12:00:00,0.94,6.6,,83,0.38,25,2.45,0.66,104,6.25,,,,,,,,,
2021-11-15 13:00:00,0.96,6.55,,81,0.42,25,2.55,0.66,104,6.7,,,,,,,,,
2021-11-15 14:00:00,1.0,6.55,,80,0.48,26,2.65,0.66,105,7.35,,,,,,,,,
2021-11-15 15:00:00,1.02,6.55,,78,0.52,26,2.8,0.66,105,7.85,,,,,,,,,
2021-11-15 16:00:00,1.04,6.45,,76,0.58,27,2.95,0.66,106,8.05,,,,,,,,,
2021-11-15 17:00:00,1.08,6.35,,73,0.64,27,3.05,0.68,107,8.05,,,,,,,,,
2021-11-15 18:00:00,1.1,6.3,,71,0.7,28,3.15,0.68,108,7.9,,,,,,,,,
2021-11-15 19:00:00,1.08,6.3,,71,0.66,26,3.15,0.7,107,7.6,,,,,,,,,
2021-11-15 20:00:00,1.08,6.4,,72,0.62,24,3.05,0.7,105,7.15,,,,,,,,,
2021-11-15 21:00:00,1.06,6.45,,72,0.58,22,2.95,0.72,104,6.65,,,,,,,,,
2021-11-15 22:00:00,1.06,6.5,,73,0.52,21,2.8,0.72,93,5.95,,,,,,,,,
2021-11-15 23:00:00,1.04,6.6,,75,0.48,19,2.65,0.72,81,5.15,,,,,,,,,
2021-11-16 00:00:00,1.04,6.65,,76,0.42,18,2.55,0.72,70,4.6,,,,,,,,,
2021-11-16 01:00:00,1.02,6.7,,77,0.4,16,2.5,0.74,70,4.45,,,,,,,,,
2021-11-16 02:00:00,1.02,6.75,,78,0.38,14,2.45,0.74,71,4.5,,,,,,,,,
2021-11-16 03:00:00,1.0,6.8,,79,0.36,12,2.4,0.76,71,4.6,,,,,,,,,
2021-11-16 04:00:00,1.0,6.8,,78,0.36,10,2.35,0.76,70,4.6,,,,,,,,,
2021-11-16 05:00:00,1.0,6.75,,78,0.34,8,2.3,0.78,70,4.6,,,,,,,,,
2021-11-16 06:00:00,1.0,6.8,,77,0.34,6,2.3,0.78,69,4.65,,,,,,,,,
2021-11-16 07:00:00,1.06,6.95,,75,0.38,4,2.4,0.84,69,4.85,,,,,,,,,
2021-11-16 08:00:00,1.14,7.15,,74,0.4,3,2.5,0.88,68,5.1,,,,,,,,,
2021-11-16 09:00:00,1.2,7.3,,72,0.44,1,2.6,0.94,68,5.3,,,,,,,,,
2021-11-16 10:00:00,1.22,7.4,,71,0.46,0,2.65,0.94,69,5.4,,,,,,,,,
2021-11-16 11:00:00,1.24,7.45,,71,0.5,0,2.7,0.92,69,5.5,,,,,,,,,
2021-11-16 12:00:00,1.26,7.45,,70,0.52,359,2.75,0.92,70,5.55,,,,,,,,,
2021-11-16 13:00:00,1.24,7.4,,69,0.54,2,2.8,0.88,71,5.6,,,,,,,,,
2021-11-16 14:00:00,1.2,7.35,,69,0.56,5,2.85,0.86,72,5.6,,,,,,,,,
2021-11-16 15:00:00,1.18,7.25,,68,0.58,8,2.9,0.82,73,5.65,,,,,,,,,
2021-11-16 16:00:00,1.18,7.1,,67,0.6,13,2.95,0.8,74,5.7,,,,,,,,,
2021-11-16 17:00:00,1.16,6.95,,67,0.64,17,3.05,0.8,76,5.75,,,,,,,,,
2021-11-16 18:00:00,1.16,6.85,,66,0.66,22,3.05,0.78,77,5.8,,,,,,,,,
2021-11-16 19:00:00,1.14,6.85,,68,0.6,20,3.0,0.78,76,5.75,,,,,,,,,
2021-11-16 20:00:00,1.1,6.9,,69,0.54,19,2.9,0.78,76,5.7,,,,,,,,,
2021-11-16 21:00:00,1.08,6.95,,71,0.48,17,2.75,0.78,75,5.6,,,,,,,,,
2021-11-16 22:00:00,1.06,7.05,,73,0.42,14,2.6,0.8,73,5.45,,,,,,,,,
2021-11-16 23:00:00,1.06,7.1,,75,0.36,10,2.4,0.82,72,5.3,,,,,,,,,
2021-11-17 00:00:00,1.04,7.2,,77,0.3,7,2.2,0.84,70,5.15,,,,,,,,,
2021-11-17 01:00:00,1.02,7.25,,78,0.24,4,1.95,0.84,70,5.05,,,,,,,,,
2021-11-17 02:00:00,1.0,7.3,,80,0.2,1,1.65,0.82,70,5.0,,,,,,,,,
2021-11-17 03:00:00,0.98,7.35,,81,0.14,358,1.4,0.82,70,5.0,,,,,,,,,
2021-11-17 04:00:00,0.96,7.4,,82,0.1,354,1.1,0.82,71,5.0,,,,,,,,,
2021-11-17 05:00:00,0.96,7.5,,83,0.08,349,0.8,0.8,71,5.05,,,,,,,,,
2021-11-17 06:00:00,0.94,7.55,,84,0.04,345,0.7,0.8,72,5.1,,,,,,,,,
2021-11-17 07:00:00,0.96,7.6,,84,0.06,350,0.9,0.8,73,5.15,,,,,,,,,
2021-11-17 08:00:00,0.96,7.65,,85,0.08,354,1.35,0.82,74,5.25,,,,,,,,,
2021-11-17 09:00:00,0.98,7.65,,85,0.1,359,1.65,0.82,75,5.35,,,,,,,,,
2021-11-17 10:00:00,0.98,7.6,,84,0.12,2,1.75,0.82,75,5.45,,,,,,,,,
2021-11-17 11:00:00,0.98,7.55,,84,0.16,5,1.8,0.8,75,5.55,,,,,,,,,
2021-11-17 12:00:00,0.98,7.5,,83,0.18,8,1.85,0.8,75,5.6,,,,,,,,,
2021-11-17 13:00:00,0.98,7.4,,82,0.2,10,1.9,0.82,75,5.6,,,,,,,,,
2021-11-17 14:00:00,0.98,7.3,,81,0.2,13,1.95,0.82,75,5.55,,,,,,,,,
2021-11-17 15:00:00,0.98,7.25,,80,0.22,15,2.0,0.84,75,5.55,,,,,,,,,
2021-11-17 16:00:00,0.96,7.2,,80,0.22,20,2.0,0.84,75,5.55,,,,,,,,,
2021-11-17 17:00:00,0.96,7.2,,80,0.2,24,1.95,0.82,75,5.55,,,,,,,,,
2021-11-17 18:00:00,0.94,7.2,,80,0.2,29,1.9,0.82,75,5.55,,,,,,,,,
2021-11-17 19:00:00,0.92,7.15,,81,0.2,54,1.95,0.82,75,5.55,,,,,,,,,
2021-11-17 20:00:00,0.92,7.15,,82,0.2,78,2.0,0.8,75,5.55,,,,,,,,,
2021-11-17 21:00:00,0.9,7.1,,83,0.2,103,2.0,0.8,75,5.55,,,,,,,,,
2021-11-17 22:00:00,0.9,7.05,,84,0.18,123,1.95,0.78,76,5.6,,,,,,,,,
2021-11-17 23:00:00,0.88,6.95,,86,0.18,144,1.85,0.78,76,5.65,,,,,,,,,
2021-11-18 00:00:00,0.88,6.9,,87,0.16,164,1.8,0.76,77,5.7,,,,,,,,,
2021-11-18 01:00:00,0.88,6.85,,90,0.2,173,1.85,0.74,77,5.75,,,,,,,,,
2021-11-18 02:00:00,0.86,6.75,,92,0.22,183,1.95,0.74,78,5.75,,,,,,,,,
2021-11-18 03:00:00,0.86,6.7,,95,0.26,192,2.05,0.72,78,5.8,,,,,,,,,
2021-11-18 04:00:00,0.88,6.6,,101,0.28,195,2.1,0.72,78,5.85,,,,,,,,,
2021-11-18 05:00:00,0.88,6.5,,106,0.3,198,2.15,0.7,77,5.95,,,,,,,,,
2021-11-18 06:00:00,0.9,6.4,,112,0.32,201,2.2,0.7,77,6.0,,,,,,,,,
2021-11-18 07:00:00,0.9,6.35,,115,0.32,199,2.2,0.68,78,6.05,,,,,,,,,
2021-11-18 08:00:00,0.88,6.25,,119,0.3,197,2.2,0.66,79,6.05,,,,,,,,,
2021-11-18 09:00:00,0.88,6.25,,122,0.3,195,2.2,0.64,80,6.1,,,,,,,,,
2021-11-18 10:00:00,0.88,6.3,,123,0.28,193,2.15,0.64,81,6.15,,,,,,,,,
2021-11-18 11:00:00,0.9,6.35,,123,0.28,192,2.15,0.66,81,6.25,,,,,,,,,
2021-11-18 12:00:00,0.9,6.4,,124,0.26,190,2.1,0.66,82,6.35,,,,,,,,,
2021-11-18 13:00:00,0.9,6.4,,124,0.24,191,2.05,0.66,83,6.45,,,,,,,,,
2021-11-18 14:00:00,0.9,6.45,,123,0.24,193,2.05,0.66,84,6.5,,,,,,,,,
2021-11-18 15:00:00,0.9,6.45,,123,0.22,194,2.0,0.66,85,6.55,,,,,,,,,
2021-11-18 16:00:00,0.92,6.5,,122,0.2,195,1.95,0.66,85,6.6,,,,,,,,,
2021-11-18 17:00:00,0.92,6.55,,121,0.2,195,1.9,0.68,84,6.6,,,,,,,,,
2021-11-18 18:00:00,0.94,6.6,,120,0.18,196,1.9,0.68,84,6.55,,,,,,,,,
2021-11-18 19:00:00,0.94,6.65,,120,0.2,191,1.9,0.7,94,6.35,,,,,,,,,
2021-11-18 20:00:00,0.96,6.7,,119,0.2,186,1.95,0.7,105,6.1,,,,,,,,,
2021-11-18 21:00:00,0.96,6.75,,119,0.22,181,2.0,0.72,115,5.9,,,,,,,,,
2021-11-18 22:00:00,0.98,6.8,,120,0.24,177,2.05,0.72,115,5.9,,,,,,,,,
2021-11-18 23:00:00,1.02,6.85,,121,0.24,172,2.1,0.74,114,5.95,,,,,,,,,
2021-11-19 00:00:00,1.04,6.85,,122,0.26,168,2.15,0.74,114,6.0,,,,,,,,,
2021-11-19 01:00:00,1.06,6.8,,124,0.32,168,2.3,0.74,113,6.05,,,,,,,,,
2021-11-19 02:00:00,1.08,6.65,,127,0.36,169,2.45,0.74,112,6.1,,,,,,,,,
2021-11-19 03:00:00,1.1,6.55,,129,0.42,169,2.6,0.74,111,6.05,,,,,,,,,
2021-11-19 04:00:00,1.12,6.45,,132,0.48,170,2.75,0.74,111,5.85,,,,,,,,,
2021-11-19 05:00:00,1.16,6.35,,134,0.54,172,2.9,0.74,111,5.6,,,,,,,,,
2021-11-19 06:00:00,1.18,6.3,,137,0.6,173,3.0,0.74,111,5.4,,,,,,,,,
2021-11-19 07:00:00,1.18,6.25,,139,0.62,174,3.05,0.74,111,5.35,,,,,,,,,
2021-11-19 08:00:00,1.2,6.2,,140,0.64,176,3.1,0.72,110,5.4,,,,,,,,,
2021-11-19 09:00:00,1.2,6.15,,142,0.66,177,3.15,0.72,110,5.45,,,,,,,,,
2021-11-19 10:00:00,1.2,6.15,,143,0.68,178,3.2,0.7,110,5.55,,,,,,,,,
2021-11-19 11:00:00,1.2,6.1,,145,0.7,179,3.2,0.68,110,5.65,,,,,,,,,
2021-11-19 12:00:00,1.2,6.1,,146,0.72,180,3.25,0.66,110,5.85,,,,,,,,,
2021-11-19 13:00:00,1.2,6.05,,146,0.74,178,3.3,0.64,125,6.3,,,,,,,,,
2021-11-19 14:00:00,1.18,6.05,,147,0.74,175,3.3,0.64,141,6.85,,,,,,,,,
2021-11-19 15:00:00,1.18,6.0,,147,0.76,173,3.35,0.62,156,7.05,,,,,,,,,
2021-11-19 16:00:00,1.18,5.95,,146,0.78,170,3.4,0.62,147,6.65,,,,,,,,,
2021-11-19 17:00:00,1.18,5.9,,146,0.78,168,3.45,0.6,139,5.9,,,,,,,,,
2021-11-19 18:00:00,1.18,5.85,,145,0.8,165,3.45,0.6,130,5.3,,,,,,,,,
2021-11-19 19:00:00,1.16,5.85,,144,0.74,166,3.35,0.62,131,5.0,,,,,,,,,
2021-11-19 20:00:00,1.16,5.85,,142,0.7,166,3.25,0.66,133,4.85,,,,,,,,,
2021-11-19 21:00:00,1.14,5.9,,141,0.64,167,3.1,0.68,134,4.75,,,,,,,,,
2021-11-19 22:00:00,1.12,5.95,,140,0.58,168,2.95,0.72,135,4.65,,,,,,,,,
2021-11-19 23:00:00,1.12,6.05,,138,0.5,170,2.8,0.76,135,4.6,,,,,,,,,
2021-11-20 00:00:00,1.1,6.1,,137,0.44,171,2.6,0.8,136,4.55,,,,,,,,,
2021-11-20 01:00:00,1.06,6.15,,136,0.36,175,2.45,0.8,136,4.4,,,,,,,,,
2021-11-20 02:00:00,1.04,6.2,,135,0.3,180,2.3,0.78,137,4.25,,,,,,,,,
2021-11-20 03:00:00,1.0,6.25,,134,0.22,184,2.05,0.78,137,4.3,,,,,,,,,
2021-11-20 04:00:00,0.98,6.3,,133,0.18,189,1.6,0.72,128,4.65,,,,,,,,,
2021-11-20 05:00:00,0.96,6.4,,132,0.12,194,1.1,0.68,120,5.2,,,,,,,,,
2021-11-20 06:00:00,0.94,6.45,,131,0.08,199,0.8,0.62,111,5.6,,,,,,,,,
2021-11-20 07:00:00,0.92,6.5,,130,0.08,196,0.95,0.6,111,5.65,,,,,,,,,
2021-11-20 08:00:00,0.9,6.5,,130,0.1,194,1.3,0.6,110,5.55,,,,,,,,,
2021-11-20 09:00:00,0.88,6.5,,129,0.1,191,1.6,0.58,110,5.55,,,,,,,,,
2021-11-20 10:00:00,0.86,6.5,,128,0.1,186,1.65,0.54,123,5.8,,,,,,,,,
2021-11-20 11:00:00,0.82,6.5,,128,0.1,182,1.65,0.52,137,6.2,,,,,,,,,
2021-11-20 12:00:00,0.8,6.5,,127,0.1,177,1.6,0.48,150,6.45,,,,,,,,,
2021-11-20 13:00:00,0.78,6.5,,127,0.1,167,1.6,0.48,148,6.55,,,,,,,,,
2021-11-20 14:00:00,0.78,6.55,,126,0.08,158,1.55,0.48,146,6.6,,,,,,,,,
2021-11-20 15:00:00,0.76,6.55,,126,0.08,148,1.55,0.48,144,6.45,,,,,,,,,
2021-11-20 16:00:00,0.74,6.55,,125,0.08,139,1.6,0.52,136,6.05,,,,,,,,,
2021-11-20 17:00:00,0.74,6.6,,125,0.06,130,1.6,0.58,129,5.5,,,,,,,,,
2021-11-20 18:00:00,0.72,6.65,,124,0.06,121,1.55,0.62,121,5.15,,,,,,,,,
2021-11-20 19:00:00,0.74,6.8,,123,0.06,108,1.3,0.6,119,5.2,,,,,,,,,
2021-11-20 20:00:00,0.78,7.0,,123,0.04,94,0.9,0.6,118,5.5,,,,,,,,,
2021-11-20 21:00:00,0.8,7.15,,122,0.04,81,0.65,0.58,116,5.7,,,,,,,,,
2021-11-20 22:00:00,0.78,7.15,,121,0.04,69,0.55,0.58,116,5.7,,,,,,,,,
2021-11-20 23:00:00,0.74,7.05,,120,0.02,57,0.6,0.56,115,5.65,,,,,,,,,
2021-11-21 00:00:00,0.72,6.95,,119,0.02,45,0.6,0.56,115,5.6,,,,,,,,,
2021-11-21 01:00:00,0.72,6.9,,118,0.02,34,0.6,0.56,112,5.55,,,,,,,,,
2021-11-21 02:00:00,0.72,6.9,,117,0.02,22,0.6,0.56,108,5.55,,,,,,,,,
2021-11-21 03:00:00,0.72,6.9,,116,0.02,11,0.6,0.56,105,5.5,,,,,,,,,
2021-11-21 04:00:00,0.7,6.9,,115,0.02,1,0.6,0.58,107,5.4,,,,,,,,,
2021-11-21 05:00:00,0.7,6.9,,115,0.02,352,0.55,0.6,110,5.3,,,,,,,,,
2021-11-21 06:00:00,0.68,6.95,,114,0.02,342,0.6,0.62,112,5.25,,,,,,,,,
2021-11-21 07:00:00,0.68,7.0,,113,0.02,345,0.75,0.6,112,5.25,,,,,,,,,
2021-11-21 08:00:00,0.66,7.05,,113,0.04,348,0.9,0.6,111,5.3,,,,,,,,,
2021-11-21 09:00:00,0.66,7.1,,112,0.04,351,1.1,0.58,111,5.35,,,,,,,,,
2021-11-21 10:00:00,0.66,7.15,,112,0.06,355,1.25,0.58,109,5.45,,,,,,,,,
2021-11-21 11:00:00,0.64,7.2,,111,0.06,0,1.4,0.58,108,5.55,,,,,,,,,
2021-11-21 12:00:00,0.64,7.2,,111,0.08,4,1.5,0.58,106,5.65,,,,,,,,,
2021-11-21 13:00:00,0.64,7.2,,110,0.1,9,1.6,0.58,106,5.7,,,,,,,,,
2021-11-21 14:00:00,0.64,7.25,,110,0.12,15,1.65,0.56,106,5.7,,,,,,,,,
2021-11-21 15:00:00,0.64,7.2,,109,0.14,20,1.75,0.56,106,5.75,,,,,,,,,
2021-11-21 16:00:00,0.64,7.05,,107,0.18,25,1.9,0.54,106,5.8,,,,,,,,,
2021-11-21 17:00:00,0.66,6.9,,104,0.22,31,2.0,0.54,106,5.9,,,,,,,,,
2021-11-21 18:00:00,0.66,6.75,,102,0.26,36,2.1,0.52,106,5.95,,,,,,,,,
2021-11-21 19:00:00,0.66,6.65,,100,0.24,31,2.1,0.52,106,6.0,,,,,,,,,
2021-11-21 20:00:00,0.66,6.6,,99,0.22,25,2.0,0.5,107,6.05,,,,,,,,,
2021-11-21 21:00:00,0.66,6.6,,97,0.2,20,1.9,0.5,107,6.1,,,,,,,,,
2021-11-21 22:00:00,0.66,6.6,,97,0.16,13,1.7,0.5,107,6.1,,,,,,,,,
2021-11-21 23:00:00,0.66,6.65,,97,0.14,7,1.45,0.48,106,6.1,,,,,,,,,
2021-11-22 00:00:00,0.66,6.7,,97,0.1,0,1.3,0.48,106,6.1,,,,,,,,,
2021-11-22 01:00:00,0.64,6.75,,97,0.1,356,1.25,0.48,106,6.1,,,,,,,,,
2021-11-22 02:00:00,0.64,6.8,,97,0.1,353,1.25,0.46,105,6.15,,,,,,,,,
2021-11-22 03:00:00,0.62,6.85,,97,0.1,349,1.25,0.46,105,6.15,,,,,,,,,
2021-11-22 04:00:00,0.62,6.9,,97,0.1,345,1.2,0.44,105,6.15,,,,,,,,,
2021-11-22 05:00:00,0.6,6.9,,96,0.08,341,1.15,0.44,104,6.2,,,,,,,,,
2021-11-22 06:00:00,0.6,6.9,,96,0.08,337,1.2,0.42,104,6.2,,,,,,,,,
2021-11-22 07:00:00,0.6,6.9,,94,0.1,342,1.4,0.42,104,6.25,,,,,,,,,
2021-11-22 08:00:00,0.58,6.95,,93,0.14,347,1.65,0.42,103,6.25,,,,,,,,,
2021-11-22 09:00:00,0.58,6.85,,91,0.16,352,1.85,0.42,103,6.3,,,,,,,,,
2021-11-22 10:00:00,0.6,6.6,,85,0.22,355,1.95,0.4,103,6.3,,,,,,,,,
2021-11-22 11:00:00,0.6,6.3,,79,0.26,358,2.0,0.4,102,6.35,,,,,,,,,
2021-11-22 12:00:00,0.62,6.0,,73,0.32,1,2.1,0.38,102,6.35,,,,,,,,,
2021-11-22 13:00:00,0.62,5.8,,68,0.36,4,2.2,0.38,102,6.4,,,,,,,,,
2021-11-22 14:00:00,0.64,5.65,,63,0.38,8,2.35,0.36,101,6.45,,,,,,,,,
2021-11-22 15:00:00,0.64,5.5,,58,0.42,11,2.5,0.36,101,6.4,,,,,,,,,
2021-11-22 16:00:00,0.66,5.3,,55,0.46,15,2.65,0.36,91,6.3,,,,,,,,,
2021-11-22 17:00:00,0.7,5.1,,52,0.52,18,2.8,0.34,82,6.15,,,,,,,,,
2021-11-22 18:00:00,0.72,4.95,,49,0.56,22,2.85,0.34,72,5.85,,,,,,,,,
2021-11-22 19:00:00,0.72,4.95,,49,0.52,20,2.85,0.36,66,5.15,,,,,,,,,
2021-11-22 20:00:00,0.72,5.0,,49,0.48,17,2.75,0.4,59,4.3,,,,,,,,,
2021-11-22 21:00:00,0.72,5.1,,49,0.44,15,2.65,0.42,53,3.75,,,,,,,,,
2021-11-22 22:00:00,0.7,5.2,,50,0.38,11,2.5,0.4,50,3.9,,,,,,,,,
2021-11-22 23:00:00,0.68,5.3,,52,0.34,6,2.35,0.4,48,4.4,,,,,,,,,
2021-11-23 00:00:00,0.66,5.4,,53,0.28,2,2.2,0.38,45,4.7,,,,,,,,,
2021-11-23 01:00:00,0.64,5.45,,53,0.28,1,2.15,0.38,46,4.4,,,,,,,,,
2021-11-23 02:00:00,0.64,5.5,,53,0.3,1,2.2,0.38,47,3.9,,,,,,,,,
2021-11-23 03:00:00,0.62,5.5,,53,0.3,0,2.2,0.38,48,3.6,,,,,,,,,
2021-11-23 04:00:00,0.62,5.45,,51,0.32,359,2.25,0.38,49,3.9,,,,,,,,,
2021-11-23 05:00:00,0.64,5.35,,49,0.32,358,2.3,0.4,51,4.45,,,,,,,,,
2021-11-23 06:00:00,0.64,5.35,,47,0.34,357,2.3,0.4,52,4.75,,,,,,,,,
2021-11-23 07:00:00,0.64,5.45,,49,0.3,353,2.25,0.44,49,4.6,,,,,,,,,
2021-11-23 08:00:00,0.66,5.65,,50,0.24,348,2.1,0.48,46,4.2,,,,,,,,,
2021-11-23 09:00:00,0.66,5.85,,52,0.2,344,1.9,0.52,43,3.9,,,,,,,,,
2021-11-23 10:00:00,0.64,6.1,,55,0.14,341,1.45,0.52,44,3.85,,,,,,,,,
2021-11-23 11:00:00,0.64,6.35,,58,0.1,338,0.9,0.5,44,3.95,,,,,,,,,
2021-11-23 12:00:00,0.62,6.55,,61,0.04,335,0.6,0.5,45,4.05,,,,,,,,,
2021-11-23 13:00:00,0.6,6.75,,63,0.06,311,0.75,0.48,50,4.1,,,,,,,,,
2021-11-23 14:00:00,0.6,6.95,,65,0.08,287,1.15,0.44,56,4.2,,,,,,,,,
2021-11-23 15:00:00,0.58,6.95,,67,0.1,263,1.5,0.42,61,4.4,,,,,,,,,
2021-11-23 16:00:00,0.6,6.6,,83,0.2,236,1.7,0.4,60,4.75,,,,,,,,,
2021-11-23 17:00:00,0.64,6.05,,99,0.3,210,1.9,0.36,59,5.2,,,,,,,,,
2021-11-23 18:00:00,0.66,5.6,,115,0.4,183,2.15,0.34,58,5.5,,,,,,,,,
2021-11-23 19:00:00,0.8,5.3,,134,0.56,183,2.65,0.34,83,5.6,,,,,,,,,
2021-11-23 20:00:00,0.92,5.1,,153,0.74,182,3.2,0.32,108,5.55,,,,,,,,,
2021-11-23 21:00:00,1.06,4.95,,172,0.9,182,3.6,0.32,133,5.6,,,,,,,,,
2021-11-23 22:00:00,1.06,4.95,,172,0.88,182,3.7,0.36,133,5.8,,,,,,,,,
2021-11-23 23:00:00,1.06,5.05,,173,0.88,181,3.65,0.4,132,6.05,,,,,,,,,
2021-11-24 00:00:00,1.06,5.15,,173,0.86,181,3.55,0.44,132,6.45,,,,,,,,,
2021-11-24 01:00:00,1.08,5.3,,171,0.84,179,3.5,0.48,145,7.3,,,,,,,,,
2021-11-24 02:00:00,1.12,5.45,,169,0.82,177,3.5,0.54,158,8.25,,,,,,,,,
2021-11-24 03:00:00,1.14,5.6,,167,0.8,175,3.4,0.58,171,8.55,,,,,,,,,
2021-11-24 04:00:00,1.08,5.6,,164,0.7,173,3.25,0.6,170,7.5,,,,,,,,,
2021-11-24 05:00:00,1.04,5.6,,161,0.62,170,3.05,0.64,170,5.8,,,,,,,,,
2021-11-24 06:00:00,0.98,5.6,,158,0.52,168,2.85,0.66,169,4.5,,,,,,,,,
2021-11-24 07:00:00,0.96,5.7,,155,0.42,166,2.6,0.7,164,4.1,,,,,,,,,
2021-11-24 08:00:00,0.92,5.85,,153,0.3,165,2.35,0.74,160,4.1,,,,,,,,,
2021-11-24 09:00:00,0.9,6.0,,150,0.2,163,1.95,0.78,155,4.15,,,,,,,,,
2021-11-24 10:00:00,0.88,6.15,,148,0.14,161,1.3,0.76,153,4.1,,,,,,,,,
2021-11-24 11:00:00,0.86,6.3,,146,0.06,160,0.6,0.74,152,4.15,,,,,,,,,
2021-11-24 12:00:00,0.84,6.5,,144,0.0,158,0.1,0.72,150,4.15,,,,,,,,,
2021-11-24 13:00:00,0.82,6.7,,143,0.02,141,0.1,0.68,149,4.05,,,,,,,,,
2021-11-24 14:00:00,0.82,6.9,,143,0.02,125,0.35,0.66,147,3.95,,,,,,,,,
2021-11-24 15:00:00,0.8,7.15,,142,0.04,108,0.6,0.62,146,4.2,,,,,,,,,
2021-11-24 16:00:00,0.8,7.4,,142,0.04,94,0.8,0.6,149,5.2,,,,,,,,,
2021-11-24 17:00:00,0.8,7.65,,142,0.04,79,1.0,0.6,152,6.6,,,,,,,,,
2021-11-24 18:00:00,0.8,7.9,,142,0.04,65,1.15,0.58,155,7.7,,,,,,,,,
2021-11-24 19:00:00,0.8,8.1,,142,0.04,58,1.15,0.58,153,8.2,,,,,,,,,
2021-11-24 20:00:00,0.82,8.25,,141,0.04,51,1.15,0.6,151,8.4,,,,,,,,,
2021-11-24 21:00:00,0.82,8.35,,141,0.04,44,1.1,0.6,149,8.5,,,,,,,,,
2021-11-24 22:00:00,0.82,8.4,,140,0.04,35,1.1,0.62,150,8.5,,,,,,,,,
2021-11-24 23:00:00,0.8,8.45,,140,0.04,26,1.15,0.62,151,8.4,,,,,,,,,
2021-11-25 00:00:00,0.8,8.45,,139,0.04,17,1.15,0.64,152,8.3,,,,,,,,,
2021-11-25 01:00:00,0.8,8.45,,138,0.06,13,1.15,0.64,151,8.25,,,,,,,,,
2021-11-25 02:00:00,0.78,8.45,,137,0.06,10,1.2,0.62,150,8.2,,,,,,,,,
2021-11-25 03:00:00,0.78,8.4,,136,0.08,6,1.2,0.62,149,8.15,,,,,,,,,
2021-11-25 04:00:00,0.76,8.4,,135,0.08,2,1.2,0.62,148,8.15,,,,,,,,,
2021-11-25 05:00:00,0.76,8.35,,133,0.1,359,1.2,0.6,146,8.1,,,,,,,,,
2021-11-25 06:00:00,0.74,8.3,,132,0.1,355,1.25,0.6,145,8.1,,,,,,,,,
2021-11-25 07:00:00,0.74,8.25,,130,0.12,359,1.4,0.6,147,8.05,,,,,,,,,
2021-11-25 08:00:00,0.72,8.2,,128,0.16,2,1.65,0.58,148,7.95,,,,,,,,,
2021-11-25 09:00:00,0.72,8.0,,126,0.18,6,1.85,0.58,150,7.9,,,,,,,,,
2021-11-25 10:00:00,0.72,7.65,,117,0.24,6,2.0,0.56,150,7.9,,,,,,,,,
2021-11-25 11:00:00,0.72,7.2,,109,0.3,6,2.1,0.54,150,7.9,,,,,,,,,
2021-11-25 12:00:00,0.72,6.75,,100,0.36,6,2.2,0.52,150,7.85,,,,,,,,,
2021-11-25 13:00:00,0.76,6.4,,90,0.42,8,2.35,0.5,138,7.7,,,,,,,,,
2021-11-25 14:00:00,0.78,6.1,,80,0.46,9,2.55,0.5,125,7.45,,,,,,,,,
2021-11-25 15:00:00,0.82,5.85,,70,0.52,11,2.7,0.48,113,7.35,,,,,,,,,
2021-11-25 16:00:00,0.86,5.65,,64,0.58,14,2.85,0.48,114,7.4,,,,,,,,,
2021-11-25 17:00:00,0.88,5.5,,58,0.66,17,3.0,0.46,116,7.55,,,,,,,,,
2021-11-25 18:00:00,0.92,5.4,,52,0.72,20,3.1,0.46,117,7.7,,,,,,,,,
2021-11-25 19:00:00,0.92,5.4,,52,0.7,18,3.15,0.46,117,7.8,,,,,,,,,
2021-11-25 20:00:00,0.92,5.5,,51,0.66,15,3.1,0.46,117,7.9,,,,,,,,,
2021-11-25 21:00:00,0.92,5.6,,51,0.64,13,3.05,0.46,117,8.0,,,,,,,,,
2021-11-25 22:00:00,0.92,5.8,,51,0.64,13,2.95,0.46,117,8.15,,,,,,,,,
2021-11-25 23:00:00,0.92,6.0,,51,0.64,13,2.8,0.46,117,8.25,,,,,,,,,
