timestamp;utcOffset;surf.min;surf.max;surf.plus;surf.humanRelation;surf.raw.min;surf.raw.max;datetime_utc
1639710000;-3;0.9;1.2;False;Waist to chest;0.73565;1.14946;2021-12-17 03:00:00+00:00
1639713600;-3;0.9;1.2;False;Waist to chest;0.73565;1.14946;2021-12-17 04:00:00+00:00
1639717200;-3;0.9;1.2;False;Waist to chest;0.73565;1.14946;2021-12-17 05:00:00+00:00
1639720800;-3;0.9;1.5;False;Waist to head;0.93054;1.45397;2021-12-17 06:00:00+00:00
1639724400;-3;0.9;1.5;False;Waist to head;0.93054;1.45397;2021-12-17 07:00:00+00:00
1639728000;-3;0.9;1.5;False;Waist to head;0.93054;1.45397;2021-12-17 08:00:00+00:00
1639731600;-3;0.9;1.4;False;Waist to shoulder;0.84325;1.31757;2021-12-17 09:00:00+00:00
1639735200;-3;0.9;1.4;False;Waist to shoulder;0.84325;1.31757;2021-12-17 10:00:00+00:00
1639738800;-3;0.9;1.4;False;Waist to shoulder;0.84325;1.31757;2021-12-17 11:00:00+00:00
1639742400;-3;0.6;1.1;False;Thigh to stomach;0.66969;1.04639;2021-12-17 12:00:00+00:00
1639746000;-3;0.6;1.1;False;Thigh to stomach;0.66969;1.04639;2021-12-17 13:00:00+00:00
1639749600;-3;0.6;1.1;False;Thigh to stomach;0.66969;1.04639;2021-12-17 14:00:00+00:00
1639753200;-3;0.6;1.1;False;Thigh to stomach;0.71361;1.11502;2021-12-17 15:00:00+00:00
1639756800;-3;0.6;1.1;False;Thigh to stomach;0.71361;1.11502;2021-12-17 16:00:00+00:00
1639760400;-3;0.6;1.1;False;Thigh to stomach;0.71361;1.11502;2021-12-17 17:00:00+00:00
1639764000;-3;0.6;1.1;False;Thigh to stomach;0.69066;1.07916;2021-12-17 18:00:00+00:00
1639767600;-3;0.6;1.1;False;Thigh to stomach;0.69066;1.07916;2021-12-17 19:00:00+00:00
1639771200;-3;0.6;1.1;False;Thigh to stomach;0.69066;1.07916;2021-12-17 20:00:00+00:00
1639774800;-3;0.9;1.2;False;Waist to chest;0.8233;1.2864;2021-12-17 21:00:00+00:00
1639778400;-3;0.9;1.2;False;Waist to chest;0.8233;1.2864;2021-12-17 22:00:00+00:00
1639782000;-3;0.9;1.2;False;Waist to chest;0.8233;1.2864;2021-12-17 23:00:00+00:00
1639785600;-3;0.9;1.4;False;Waist to shoulder;0.8759;1.36859;2021-12-18 00:00:00+00:00
1639789200;-3;0.9;1.4;False;Waist to shoulder;0.8759;1.36859;2021-12-18 01:00:00+00:00
1639792800;-3;0.9;1.4;False;Waist to shoulder;0.8759;1.36859;2021-12-18 02:00:00+00:00
1639796400;-3;0.9;1.2;False;Waist to chest;0.79119;1.23624;2021-12-18 03:00:00+00:00
1639800000;-3;0.9;1.2;False;Waist to chest;0.79119;1.23624;2021-12-18 04:00:00+00:00
1639803600;-3;0.9;1.2;False;Waist to chest;0.79119;1.23624;2021-12-18 05:00:00+00:00
1639807200;-3;0.6;1.1;False;Thigh to stomach;0.6404;1.00063;2021-12-18 06:00:00+00:00
1639810800;-3;0.6;1.1;False;Thigh to stomach;0.6404;1.00063;2021-12-18 07:00:00+00:00
1639814400;-3;0.6;1.1;False;Thigh to stomach;0.6404;1.00063;2021-12-18 08:00:00+00:00
1639818000;-3;0.6;1.1;False;Thigh to stomach;0.67077;1.04808;2021-12-18 09:00:00+00:00
1639821600;-3;0.6;1.1;False;Thigh to stomach;0.67077;1.04808;2021-12-18 10:00:00+00:00
1639825200;-3;0.6;1.1;False;Thigh to stomach;0.67077;1.04808;2021-12-18 11:00:00+00:00
1639828800;-3;0.9;1.2;False;Waist to chest;0.80407;1.25635;2021-12-18 12:00:00+00:00
1639832400;-3;0.9;1.2;False;Waist to chest;0.80407;1.25635;2021-12-18 13:00:00+00:00
1639836000;-3;0.9;1.2;False;Waist to chest;0.80407;1.25635;2021-12-18 14:00:00+00:00
1639839600;-3;0.9;1.2;False;Waist to chest;0.80358;1.25559;2021-12-18 15:00:00+00:00
1639843200;-3;0.9;1.2;False;Waist to chest;0.80358;1.25559;2021-12-18 16:00:00+00:00
1639846800;-3;0.9;1.2;False;Waist to chest;0.80358;1.25559;2021-12-18 17:00:00+00:00
1639850400;-3;0.9;1.4;False;Waist to shoulder;0.83774;1.30896;2021-12-18 18:00:00+00:00
1639854000;-3;0.9;1.4;False;Waist to shoulder;0.83774;1.30896;2021-12-18 19:00:00+00:00
1639857600;-3;0.9;1.4;False;Waist to shoulder;0.83774;1.30896;2021-12-18 20:00:00+00:00
1639861200;-3;0.9;1.4;False;Waist to shoulder;0.88118;1.37684;2021-12-18 21:00:00+00:00
1639864800;-3;0.9;1.4;False;Waist to shoulder;0.88118;1.37684;2021-12-18 22:00:00+00:00
1639868400;-3;0.9;1.4;False;Waist to shoulder;0.88118;1.37684;2021-12-18 23:00:00+00:00
1639872000;-3;0.9;1.5;False;Waist to head;0.94064;1.46975;2021-12-19 00:00:00+00:00
1639875600;-3;0.9;1.5;False;Waist to head;0.94064;1.46975;2021-12-19 01:00:00+00:00
1639879200;-3;0.9;1.5;False;Waist to head;0.94064;1.46975;2021-12-19 02:00:00+00:00
1639882800;-3;0.9;1.4;False;Waist to shoulder;0.90685;1.41696;2021-12-19 03:00:00+00:00
1639886400;-3;0.9;1.4;False;Waist to shoulder;0.90685;1.41696;2021-12-19 04:00:00+00:00
1639890000;-3;0.9;1.4;False;Waist to shoulder;0.90685;1.41696;2021-12-19 05:00:00+00:00
1639893600;-3;0.9;1.4;False;Waist to shoulder;0.87618;1.36903;2021-12-19 06:00:00+00:00
1639897200;-3;0.9;1.4;False;Waist to shoulder;0.87618;1.36903;2021-12-19 07:00:00+00:00
1639900800;-3;0.9;1.4;False;Waist to shoulder;0.87618;1.36903;2021-12-19 08:00:00+00:00
1639904400;-3;0.9;1.4;False;Waist to shoulder;0.87207;1.36261;2021-12-19 09:00:00+00:00
1639908000;-3;0.9;1.4;False;Waist to shoulder;0.87207;1.36261;2021-12-19 10:00:00+00:00
1639911600;-3;0.9;1.4;False;Waist to shoulder;0.87207;1.36261;2021-12-19 11:00:00+00:00
1639915200;-3;0.9;1.4;False;Waist to shoulder;0.85038;1.32872;2021-12-19 12:00:00+00:00
1639918800;-3;0.9;1.4;False;Waist to shoulder;0.85038;1.32872;2021-12-19 13:00:00+00:00
1639922400;-3;0.9;1.4;False;Waist to shoulder;0.85038;1.32872;2021-12-19 14:00:00+00:00
1639926000;-3;0.9;1.4;False;Waist to shoulder;0.84091;1.31393;2021-12-19 15:00:00+00:00
1639929600;-3;0.9;1.4;False;Waist to shoulder;0.84091;1.31393;2021-12-19 16:00:00+00:00
1639933200;-3;0.9;1.4;False;Waist to shoulder;0.84091;1.31393;2021-12-19 17:00:00+00:00
1639936800;-3;0.9;1.4;False;Waist to shoulder;0.83024;1.29724;2021-12-19 18:00:00+00:00
1639940400;-3;0.9;1.4;False;Waist to shoulder;0.83024;1.29724;2021-12-19 19:00:00+00:00
1639944000;-3;0.9;1.4;False;Waist to shoulder;0.83024;1.29724;2021-12-19 20:00:00+00:00
1639947600;-3;0.9;1.4;False;Waist to shoulder;0.85915;1.34243;2021-12-19 21:00:00+00:00
1639951200;-3;0.9;1.4;False;Waist to shoulder;0.85915;1.34243;2021-12-19 22:00:00+00:00
1639954800;-3;0.9;1.4;False;Waist to shoulder;0.85915;1.34243;2021-12-19 23:00:00+00:00
1639958400;-3;0.9;1.4;False;Waist to shoulder;0.84704;1.32351;2021-12-20 00:00:00+00:00
1639962000;-3;0.9;1.4;False;Waist to shoulder;0.84704;1.32351;2021-12-20 01:00:00+00:00
1639965600;-3;0.9;1.4;False;Waist to shoulder;0.84704;1.32351;2021-12-20 02:00:00+00:00
1639969200;-3;0.9;1.2;False;Waist to chest;0.8145;1.27265;2021-12-20 03:00:00+00:00
1639972800;-3;0.9;1.2;False;Waist to chest;0.8145;1.27265;2021-12-20 04:00:00+00:00
1639976400;-3;0.9;1.2;False;Waist to chest;0.8145;1.27265;2021-12-20 05:00:00+00:00
1639980000;-3;0.9;1.2;False;Waist to chest;0.75296;1.1765;2021-12-20 06:00:00+00:00
1639983600;-3;0.9;1.2;False;Waist to chest;0.75296;1.1765;2021-12-20 07:00:00+00:00
1639987200;-3;0.9;1.2;False;Waist to chest;0.75296;1.1765;2021-12-20 08:00:00+00:00
1639990800;-3;0.6;1.1;False;Thigh to stomach;0.7135;1.11485;2021-12-20 09:00:00+00:00
1639994400;-3;0.6;1.1;False;Thigh to stomach;0.7135;1.11485;2021-12-20 10:00:00+00:00
1639998000;-3;0.6;1.1;False;Thigh to stomach;0.7135;1.11485;2021-12-20 11:00:00+00:00
1640001600;-3;0.6;1.1;False;Thigh to stomach;0.67444;1.05381;2021-12-20 12:00:00+00:00
1640005200;-3;0.6;1.1;False;Thigh to stomach;0.67444;1.05381;2021-12-20 13:00:00+00:00
1640008800;-3;0.6;1.1;False;Thigh to stomach;0.67444;1.05381;2021-12-20 14:00:00+00:00
1640012400;-3;0.6;1.1;False;Thigh to stomach;0.64294;1.00459;2021-12-20 15:00:00+00:00
1640016000;-3;0.6;1.1;False;Thigh to stomach;0.64294;1.00459;2021-12-20 16:00:00+00:00
1640019600;-3;0.6;1.1;False;Thigh to stomach;0.64294;1.00459;2021-12-20 17:00:00+00:00
1640023200;-3;0.6;0.9;False;Thigh to waist;0.61845;0.96633;2021-12-20 18:00:00+00:00
1640026800;-3;0.6;0.9;False;Thigh to waist;0.61845;0.96633;2021-12-20 19:00:00+00:00
1640030400;-3;0.6;0.9;False;Thigh to waist;0.61845;0.96633;2021-12-20 20:00:00+00:00
1640034000;-3;0.6;0.9;False;Thigh to waist;0.60069;0.93857;2021-12-20 21:00:00+00:00
1640037600;-3;0.6;0.9;False;Thigh to waist;0.60069;0.93857;2021-12-20 22:00:00+00:00
1640041200;-3;0.6;0.9;False;Thigh to waist;0.60069;0.93857;2021-12-20 23:00:00+00:00
1640044800;-3;0.6;0.9;False;Thigh to waist;0.56421;0.88157;2021-12-21 00:00:00+00:00
1640048400;-3;0.6;0.9;False;Thigh to waist;0.56421;0.88157;2021-12-21 01:00:00+00:00
1640052000;-3;0.6;0.9;False;Thigh to waist;0.56421;0.88157;2021-12-21 02:00:00+00:00
1640055600;-3;0.6;0.9;False;Thigh to waist;0.54611;0.85329;2021-12-21 03:00:00+00:00
1640059200;-3;0.6;0.9;False;Thigh to waist;0.54611;0.85329;2021-12-21 04:00:00+00:00
1640062800;-3;0.6;0.9;False;Thigh to waist;0.54611;0.85329;2021-12-21 05:00:00+00:00
1640066400;-3;0.6;0.9;False;Thigh to waist;0.52797;0.82496;2021-12-21 06:00:00+00:00
1640070000;-3;0.6;0.9;False;Thigh to waist;0.52797;0.82496;2021-12-21 07:00:00+00:00
1640073600;-3;0.6;0.9;False;Thigh to waist;0.52797;0.82496;2021-12-21 08:00:00+00:00
1640077200;-3;0.6;0.9;False;Thigh to waist;0.50865;0.79477;2021-12-21 09:00:00+00:00
1640080800;-3;0.6;0.9;False;Thigh to waist;0.50865;0.79477;2021-12-21 10:00:00+00:00
1640084400;-3;0.6;0.9;False;Thigh to waist;0.50865;0.79477;2021-12-21 11:00:00+00:00
1640088000;-3;0.6;0.9;False;Thigh to waist;0.49299;0.7703;2021-12-21 12:00:00+00:00
1640091600;-3;0.6;0.9;False;Thigh to waist;0.49299;0.7703;2021-12-21 13:00:00+00:00
1640095200;-3;0.6;0.9;False;Thigh to waist;0.49299;0.7703;2021-12-21 14:00:00+00:00
1640098800;-3;0.3;0.6;False;Knee to thigh;0.4788;0.74813;2021-12-21 15:00:00+00:00
1640102400;-3;0.3;0.6;False;Knee to thigh;0.4788;0.74813;2021-12-21 16:00:00+00:00
1640106000;-3;0.3;0.6;False;Knee to thigh;0.4788;0.74813;2021-12-21 17:00:00+00:00
1640109600;-3;0.3;0.6;False;Knee to thigh;0.46877;0.73245;2021-12-21 18:00:00+00:00
1640113200;-3;0.3;0.6;False;Knee to thigh;0.46877;0.73245;2021-12-21 19:00:00+00:00
1640116800;-3;0.3;0.6;False;Knee to thigh;0.46877;0.73245;2021-12-21 20:00:00+00:00
1640120400;-3;0.3;0.6;False;Knee to thigh;0.45712;0.71425;2021-12-21 21:00:00+00:00
1640124000;-3;0.3;0.6;False;Knee to thigh;0.45712;0.71425;2021-12-21 22:00:00+00:00
1640127600;-3;0.3;0.6;False;Knee to thigh;0.45712;0.71425;2021-12-21 23:00:00+00:00
1640131200;-3;0.3;0.6;False;Knee to thigh;0.4423;0.6911;2021-12-22 00:00:00+00:00
1640134800;-3;0.3;0.6;False;Knee to thigh;0.4423;0.6911;2021-12-22 01:00:00+00:00
1640138400;-3;0.3;0.6;False;Knee to thigh;0.4423;0.6911;2021-12-22 02:00:00+00:00
1640142000;-3;0.3;0.6;False;Knee to thigh;0.417;0.65156;2021-12-22 03:00:00+00:00
1640145600;-3;0.3;0.6;False;Knee to thigh;0.417;0.65156;2021-12-22 04:00:00+00:00
1640149200;-3;0.3;0.6;False;Knee to thigh;0.417;0.65156;2021-12-22 05:00:00+00:00
1640152800;-3;0.3;0.6;False;Knee to thigh;0.39165;0.61196;2021-12-22 06:00:00+00:00
1640156400;-3;0.3;0.6;False;Knee to thigh;0.39165;0.61196;2021-12-22 07:00:00+00:00
1640160000;-3;0.3;0.6;False;Knee to thigh;0.39165;0.61196;2021-12-22 08:00:00+00:00
1640163600;-3;0.3;0.6;False;Knee to thigh;0.36941;0.57721;2021-12-22 09:00:00+00:00
1640167200;-3;0.3;0.6;False;Knee to thigh;0.36941;0.57721;2021-12-22 10:00:00+00:00
1640170800;-3;0.3;0.6;False;Knee to thigh;0.36941;0.57721;2021-12-22 11:00:00+00:00
1640174400;-3;0.3;0.6;False;Knee to thigh;0.38787;0.60605;2021-12-22 12:00:00+00:00
1640178000;-3;0.3;0.6;False;Knee to thigh;0.38787;0.60605;2021-12-22 13:00:00+00:00
1640181600;-3;0.3;0.6;False;Knee to thigh;0.38787;0.60605;2021-12-22 14:00:00+00:00
1640185200;-3;0.3;0.6;False;Knee to thigh;0.43983;0.68723;2021-12-22 15:00:00+00:00
1640188800;-3;0.3;0.6;False;Knee to thigh;0.43983;0.68723;2021-12-22 16:00:00+00:00
1640192400;-3;0.3;0.6;False;Knee to thigh;0.43983;0.68723;2021-12-22 17:00:00+00:00
1640196000;-3;0.6;1.1;False;Thigh to stomach;0.64556;1.00869;2021-12-22 18:00:00+00:00
1640199600;-3;0.6;1.1;False;Thigh to stomach;0.64556;1.00869;2021-12-22 19:00:00+00:00
1640203200;-3;0.6;1.1;False;Thigh to stomach;0.64556;1.00869;2021-12-22 20:00:00+00:00
1640206800;-3;0.9;1.2;False;Waist to chest;0.74085;1.15758;2021-12-22 21:00:00+00:00
1640210400;-3;0.9;1.2;False;Waist to chest;0.74085;1.15758;2021-12-22 22:00:00+00:00
1640214000;-3;0.9;1.2;False;Waist to chest;0.74085;1.15758;2021-12-22 23:00:00+00:00
1640217600;-3;0.6;1.1;False;Thigh to stomach;0.68632;1.07237;2021-12-23 00:00:00+00:00
1640221200;-3;0.6;1.1;False;Thigh to stomach;0.68632;1.07237;2021-12-23 01:00:00+00:00
1640224800;-3;0.6;1.1;False;Thigh to stomach;0.68632;1.07237;2021-12-23 02:00:00+00:00
1640228400;-3;0.9;1.2;False;Waist to chest;0.75925;1.18633;2021-12-23 03:00:00+00:00
1640232000;-3;0.9;1.2;False;Waist to chest;0.75925;1.18633;2021-12-23 04:00:00+00:00
1640235600;-3;0.9;1.2;False;Waist to chest;0.75925;1.18633;2021-12-23 05:00:00+00:00
1640239200;-3;0.9;1.2;False;Waist to chest;0.76286;1.19196;2021-12-23 06:00:00+00:00
1640242800;-3;0.9;1.2;False;Waist to chest;0.76286;1.19196;2021-12-23 07:00:00+00:00
1640246400;-3;0.9;1.2;False;Waist to chest;0.76286;1.19196;2021-12-23 08:00:00+00:00
1640250000;-3;0.9;1.2;False;Waist to chest;0.77808;1.21575;2021-12-23 09:00:00+00:00
1640253600;-3;0.9;1.2;False;Waist to chest;0.77808;1.21575;2021-12-23 10:00:00+00:00
1640257200;-3;0.9;1.2;False;Waist to chest;0.77808;1.21575;2021-12-23 11:00:00+00:00
1640260800;-3;0.9;1.4;False;Waist to shoulder;0.89665;1.40102;2021-12-23 12:00:00+00:00
1640264400;-3;0.9;1.4;False;Waist to shoulder;0.89665;1.40102;2021-12-23 13:00:00+00:00
1640268000;-3;0.9;1.4;False;Waist to shoulder;0.89665;1.40102;2021-12-23 14:00:00+00:00
1640271600;-3;1.2;1.5;False;Chest to head;1.07074;1.67303;2021-12-23 15:00:00+00:00
1640275200;-3;1.2;1.5;False;Chest to head;1.07074;1.67303;2021-12-23 16:00:00+00:00
1640278800;-3;1.2;1.5;False;Chest to head;1.07074;1.67303;2021-12-23 17:00:00+00:00
1640282400;-3;1.2;2.0;False;Chest to 0.3m overhead;1.24878;1.95122;2021-12-23 18:00:00+00:00
1640286000;-3;1.2;2.0;False;Chest to 0.3m overhead;1.24878;1.95122;2021-12-23 19:00:00+00:00
1640289600;-3;1.2;2.0;False;Chest to 0.3m overhead;1.24878;1.95122;2021-12-23 20:00:00+00:00
1640293200;-3;1.5;2.1;False;Head to 0.6m overhead;1.34243;2.09755;2021-12-23 21:00:00+00:00
1640296800;-3;1.5;2.1;False;Head to 0.6m overhead;1.34243;2.09755;2021-12-23 22:00:00+00:00
1640300400;-3;1.5;2.1;False;Head to 0.6m overhead;1.34243;2.09755;2021-12-23 23:00:00+00:00
1640304000;-3;1.5;2.1;False;Head to 0.6m overhead;1.38469;2.16357;2021-12-24 00:00:00+00:00
1640307600;-3;1.5;2.1;False;Head to 0.6m overhead;1.38469;2.16357;2021-12-24 01:00:00+00:00
1640311200;-3;1.5;2.1;False;Head to 0.6m overhead;1.38469;2.16357;2021-12-24 02:00:00+00:00
1640314800;-3;1.5;2.1;False;Head to 0.6m overhead;1.32031;2.06298;2021-12-24 03:00:00+00:00
1640318400;-3;1.5;2.1;False;Head to 0.6m overhead;1.32031;2.06298;2021-12-24 04:00:00+00:00
1640322000;-3;1.5;2.1;False;Head to 0.6m overhead;1.32031;2.06298;2021-12-24 05:00:00+00:00
1640325600;-3;1.2;1.8;False;Chest to overhead;1.20416;1.8815;2021-12-24 06:00:00+00:00
1640329200;-3;1.2;1.8;False;Chest to overhead;1.20416;1.8815;2021-12-24 07:00:00+00:00
1640332800;-3;1.2;1.8;False;Chest to overhead;1.20416;1.8815;2021-12-24 08:00:00+00:00
1640336400;-3;0.9;1.5;False;Waist to head;0.92737;1.44902;2021-12-24 09:00:00+00:00
1640340000;-3;0.9;1.5;False;Waist to head;0.92737;1.44902;2021-12-24 10:00:00+00:00
1640343600;-3;0.9;1.5;False;Waist to head;0.92737;1.44902;2021-12-24 11:00:00+00:00
1640347200;-3;0.9;1.5;False;Waist to head;0.98024;1.53163;2021-12-24 12:00:00+00:00
1640350800;-3;0.9;1.5;False;Waist to head;0.98024;1.53163;2021-12-24 13:00:00+00:00
1640354400;-3;0.9;1.5;False;Waist to head;0.98024;1.53163;2021-12-24 14:00:00+00:00
1640358000;-3;0.9;1.4;False;Waist to shoulder;0.87503;1.36723;2021-12-24 15:00:00+00:00
1640361600;-3;0.9;1.4;False;Waist to shoulder;0.87503;1.36723;2021-12-24 16:00:00+00:00
1640365200;-3;0.9;1.4;False;Waist to shoulder;0.87503;1.36723;2021-12-24 17:00:00+00:00
1640368800;-3;0.9;1.2;False;Waist to chest;0.77353;1.20865;2021-12-24 18:00:00+00:00
1640372400;-3;0.9;1.2;False;Waist to chest;0.77353;1.20865;2021-12-24 19:00:00+00:00
1640376000;-3;0.9;1.2;False;Waist to chest;0.77353;1.20865;2021-12-24 20:00:00+00:00
1640379600;-3;0.6;1.1;False;Thigh to stomach;0.71252;1.11331;2021-12-24 21:00:00+00:00
1640383200;-3;0.6;1.1;False;Thigh to stomach;0.71252;1.11331;2021-12-24 22:00:00+00:00
1640386800;-3;0.6;1.1;False;Thigh to stomach;0.71252;1.11331;2021-12-24 23:00:00+00:00
1640390400;-3;0.6;1.1;False;Thigh to stomach;0.65447;1.02261;2021-12-25 00:00:00+00:00
1640394000;-3;0.6;1.1;False;Thigh to stomach;0.65447;1.02261;2021-12-25 01:00:00+00:00
1640397600;-3;0.6;1.1;False;Thigh to stomach;0.65447;1.02261;2021-12-25 02:00:00+00:00
1640401200;-3;0.6;0.9;False;Thigh to waist;0.53126;0.8301;2021-12-25 03:00:00+00:00
1640404800;-3;0.6;0.9;False;Thigh to waist;0.53126;0.8301;2021-12-25 04:00:00+00:00
1640408400;-3;0.6;0.9;False;Thigh to waist;0.53126;0.8301;2021-12-25 05:00:00+00:00
1640412000;-3;0.9;1.2;False;Waist to chest;0.80488;1.25763;2021-12-25 06:00:00+00:00
1640415600;-3;0.9;1.2;False;Waist to chest;0.80488;1.25763;2021-12-25 07:00:00+00:00
1640419200;-3;0.9;1.2;False;Waist to chest;0.80488;1.25763;2021-12-25 08:00:00+00:00
1640422800;-3;0.6;1.1;False;Thigh to stomach;0.72077;1.12621;2021-12-25 09:00:00+00:00
1640426400;-3;0.6;1.1;False;Thigh to stomach;0.72077;1.12621;2021-12-25 10:00:00+00:00
1640430000;-3;0.6;1.1;False;Thigh to stomach;0.72077;1.12621;2021-12-25 11:00:00+00:00
1640433600;-3;0.9;1.4;False;Waist to shoulder;0.86384;1.34975;2021-12-25 12:00:00+00:00
1640437200;-3;0.9;1.4;False;Waist to shoulder;0.86384;1.34975;2021-12-25 13:00:00+00:00
1640440800;-3;0.9;1.4;False;Waist to shoulder;0.86384;1.34975;2021-12-25 14:00:00+00:00
1640444400;-3;0.9;1.4;False;Waist to shoulder;0.90945;1.42101;2021-12-25 15:00:00+00:00
1640448000;-3;0.9;1.4;False;Waist to shoulder;0.90945;1.42101;2021-12-25 16:00:00+00:00
1640451600;-3;0.9;1.4;False;Waist to shoulder;0.90945;1.42101;2021-12-25 17:00:00+00:00
1640455200;-3;0.9;1.4;False;Waist to shoulder;0.86354;1.34928;2021-12-25 18:00:00+00:00
1640458800;-3;0.9;1.4;False;Waist to shoulder;0.86354;1.34928;2021-12-25 19:00:00+00:00
1640462400;-3;0.9;1.4;False;Waist to shoulder;0.86354;1.34928;2021-12-25 20:00:00+00:00
1640466000;-3;0.9;1.2;False;Waist to chest;0.80271;1.25423;2021-12-25 21:00:00+00:00
1640469600;-3;0.9;1.2;False;Waist to chest;0.80271;1.25423;2021-12-25 22:00:00+00:00
1640473200;-3;0.9;1.2;False;Waist to chest;0.80271;1.25423;2021-12-25 23:00:00+00:00
1640476800;-3;0.6;1.1;False;Thigh to stomach;0.71227;1.11292;2021-12-26 00:00:00+00:00
1640480400;-3;0.6;1.1;False;Thigh to stomach;0.71227;1.11292;2021-12-26 01:00:00+00:00
1640484000;-3;0.6;1.1;False;Thigh to stomach;0.71227;1.11292;2021-12-26 02:00:00+00:00
1640487600;-3;0.6;1.1;False;Thigh to stomach;0.64895;1.01399;2021-12-26 03:00:00+00:00
1640491200;-3;0.6;1.1;False;Thigh to stomach;0.64895;1.01399;2021-12-26 04:00:00+00:00
1640494800;-3;0.6;1.1;False;Thigh to stomach;0.64895;1.01399;2021-12-26 05:00:00+00:00
1640498400;-3;0.6;0.9;False;Thigh to waist;0.6122;0.95656;2021-12-26 06:00:00+00:00
1640502000;-3;0.6;0.9;False;Thigh to waist;0.6122;0.95656;2021-12-26 07:00:00+00:00
1640505600;-3;0.6;0.9;False;Thigh to waist;0.6122;0.95656;2021-12-26 08:00:00+00:00
1640509200;-3;0.6;0.9;False;Thigh to waist;0.58409;0.91264;2021-12-26 09:00:00+00:00
1640512800;-3;0.6;0.9;False;Thigh to waist;0.58409;0.91264;2021-12-26 10:00:00+00:00
1640516400;-3;0.6;0.9;False;Thigh to waist;0.58409;0.91264;2021-12-26 11:00:00+00:00
1640520000;-3;0.6;0.9;False;Thigh to waist;0.53006;0.82822;2021-12-26 12:00:00+00:00
1640523600;-3;0.6;0.9;False;Thigh to waist;0.53006;0.82822;2021-12-26 13:00:00+00:00
1640527200;-3;0.6;0.9;False;Thigh to waist;0.53006;0.82822;2021-12-26 14:00:00+00:00
1640530800;-3;0.6;0.9;False;Thigh to waist;0.49162;0.76816;2021-12-26 15:00:00+00:00
1640534400;-3;0.6;0.9;False;Thigh to waist;0.49162;0.76816;2021-12-26 16:00:00+00:00
1640538000;-3;0.6;0.9;False;Thigh to waist;0.49162;0.76816;2021-12-26 17:00:00+00:00
1640541600;-3;0.3;0.6;False;Knee to thigh;0.46149;0.72108;2021-12-26 18:00:00+00:00
1640545200;-3;0.3;0.6;False;Knee to thigh;0.46149;0.72108;2021-12-26 19:00:00+00:00
1640548800;-3;0.3;0.6;False;Knee to thigh;0.46149;0.72108;2021-12-26 20:00:00+00:00
1640552400;-3;0.3;0.6;False;Knee to thigh;0.44984;0.70287;2021-12-26 21:00:00+00:00
1640556000;-3;0.3;0.6;False;Knee to thigh;0.44984;0.70287;2021-12-26 22:00:00+00:00
1640559600;-3;0.3;0.6;False;Knee to thigh;0.44984;0.70287;2021-12-26 23:00:00+00:00
1640563200;-3;0.3;0.6;False;Knee to thigh;0.43393;0.67802;2021-12-27 00:00:00+00:00
1640566800;-3;0.3;0.6;False;Knee to thigh;0.43393;0.67802;2021-12-27 01:00:00+00:00
1640570400;-3;0.3;0.6;False;Knee to thigh;0.43393;0.67802;2021-12-27 02:00:00+00:00
1640574000;-3;0.3;0.6;False;Knee to thigh;0.34921;0.54565;2021-12-27 03:00:00+00:00
1640577600;-3;0.3;0.6;False;Knee to thigh;0.34921;0.54565;2021-12-27 04:00:00+00:00
1640581200;-3;0.3;0.6;False;Knee to thigh;0.34921;0.54565;2021-12-27 05:00:00+00:00
1640584800;-3;0.3;0.6;False;Knee to thigh;0.3273;0.51141;2021-12-27 06:00:00+00:00
1640588400;-3;0.3;0.6;False;Knee to thigh;0.3273;0.51141;2021-12-27 07:00:00+00:00
1640592000;-3;0.3;0.6;False;Knee to thigh;0.3273;0.51141;2021-12-27 08:00:00+00:00
1640595600;-3;0.3;0.6;False;Knee to thigh;0.31257;0.4884;2021-12-27 09:00:00+00:00
1640599200;-3;0.3;0.6;False;Knee to thigh;0.31257;0.4884;2021-12-27 10:00:00+00:00
1640602800;-3;0.3;0.6;False;Knee to thigh;0.31257;0.4884;2021-12-27 11:00:00+00:00
1640606400;-3;0.3;0.6;False;Knee to thigh;0.30276;0.47307;2021-12-27 12:00:00+00:00
1640610000;-3;0.3;0.6;False;Knee to thigh;0.30276;0.47307;2021-12-27 13:00:00+00:00
1640613600;-3;0.3;0.6;False;Knee to thigh;0.30276;0.47307;2021-12-27 14:00:00+00:00
1640617200;-3;0.0;0.3;False;Shin to knee;0.28742;0.44909;2021-12-27 15:00:00+00:00
1640620800;-3;0.0;0.3;False;Shin to knee;0.28742;0.44909;2021-12-27 16:00:00+00:00
1640624400;-3;0.0;0.3;False;Shin to knee;0.28742;0.44909;2021-12-27 17:00:00+00:00
1640628000;-3;0.0;0.3;False;Shin to knee;0.2877;0.44953;2021-12-27 18:00:00+00:00
1640631600;-3;0.0;0.3;False;Shin to knee;0.2877;0.44953;2021-12-27 19:00:00+00:00
1640635200;-3;0.0;0.3;False;Shin to knee;0.2877;0.44953;2021-12-27 20:00:00+00:00
1640638800;-3;0.3;0.6;False;Knee to thigh;0.32558;0.50872;2021-12-27 21:00:00+00:00
1640642400;-3;0.3;0.6;False;Knee to thigh;0.32558;0.50872;2021-12-27 22:00:00+00:00
1640646000;-3;0.3;0.6;False;Knee to thigh;0.32558;0.50872;2021-12-27 23:00:00+00:00
1640649600;-3;0.3;0.6;False;Knee to thigh;0.31479;0.49187;2021-12-28 00:00:00+00:00
1640653200;-3;0.3;0.6;False;Knee to thigh;0.31479;0.49187;2021-12-28 01:00:00+00:00
1640656800;-3;0.3;0.6;False;Knee to thigh;0.31479;0.49187;2021-12-28 02:00:00+00:00
1640660400;-3;0.3;0.6;False;Knee to thigh;0.3052;0.47688;2021-12-28 03:00:00+00:00
1640664000;-3;0.3;0.6;False;Knee to thigh;0.3052;0.47688;2021-12-28 04:00:00+00:00
1640667600;-3;0.3;0.6;False;Knee to thigh;0.3052;0.47688;2021-12-28 05:00:00+00:00
1640671200;-3;0.3;0.6;False;Knee to thigh;0.34541;0.5397;2021-12-28 06:00:00+00:00
1640674800;-3;0.3;0.6;False;Knee to thigh;0.34541;0.5397;2021-12-28 07:00:00+00:00
1640678400;-3;0.3;0.6;False;Knee to thigh;0.34541;0.5397;2021-12-28 08:00:00+00:00
1640682000;-3;0.3;0.6;False;Knee to thigh;0.33228;0.51919;2021-12-28 09:00:00+00:00
1640685600;-3;0.3;0.6;False;Knee to thigh;0.33228;0.51919;2021-12-28 10:00:00+00:00
1640689200;-3;0.3;0.6;False;Knee to thigh;0.33228;0.51919;2021-12-28 11:00:00+00:00
1640692800;-3;0.3;0.6;False;Knee to thigh;0.31881;0.49815;2021-12-28 12:00:00+00:00
1640696400;-3;0.3;0.6;False;Knee to thigh;0.31881;0.49815;2021-12-28 13:00:00+00:00
1640700000;-3;0.3;0.6;False;Knee to thigh;0.31881;0.49815;2021-12-28 14:00:00+00:00
1640703600;-3;0.3;0.6;False;Knee to thigh;0.33416;0.52212;2021-12-28 15:00:00+00:00
1640707200;-3;0.3;0.6;False;Knee to thigh;0.33416;0.52212;2021-12-28 16:00:00+00:00
1640710800;-3;0.3;0.6;False;Knee to thigh;0.33416;0.52212;2021-12-28 17:00:00+00:00
1640714400;-3;0.3;0.6;False;Knee to thigh;0.3554;0.55532;2021-12-28 18:00:00+00:00
1640718000;-3;0.3;0.6;False;Knee to thigh;0.3554;0.55532;2021-12-28 19:00:00+00:00
1640721600;-3;0.3;0.6;False;Knee to thigh;0.3554;0.55532;2021-12-28 20:00:00+00:00
1640725200;-3;0.3;0.6;False;Knee to thigh;0.35942;0.56159;2021-12-28 21:00:00+00:00
1640728800;-3;0.3;0.6;False;Knee to thigh;0.35942;0.56159;2021-12-28 22:00:00+00:00
1640732400;-3;0.3;0.6;False;Knee to thigh;0.35942;0.56159;2021-12-28 23:00:00+00:00
1640736000;-3;0.3;0.6;False;Knee to thigh;0.36346;0.5679;2021-12-29 00:00:00+00:00
1640739600;-3;0.3;0.6;False;Knee to thigh;0.36346;0.5679;2021-12-29 01:00:00+00:00
1640743200;-3;0.3;0.6;False;Knee to thigh;0.36346;0.5679;2021-12-29 02:00:00+00:00
1640746800;-3;0.3;0.6;False;Knee to thigh;0.36597;0.57182;2021-12-29 03:00:00+00:00
1640750400;-3;0.3;0.6;False;Knee to thigh;0.36597;0.57182;2021-12-29 04:00:00+00:00
1640754000;-3;0.3;0.6;False;Knee to thigh;0.36597;0.57182;2021-12-29 05:00:00+00:00
1640757600;-3;0.3;0.6;False;Knee to thigh;0.3677;0.57453;2021-12-29 06:00:00+00:00
1640761200;-3;0.3;0.6;False;Knee to thigh;0.3677;0.57453;2021-12-29 07:00:00+00:00
1640764800;-3;0.3;0.6;False;Knee to thigh;0.3677;0.57453;2021-12-29 08:00:00+00:00
1640768400;-3;0.3;0.6;False;Knee to thigh;0.36751;0.57424;2021-12-29 09:00:00+00:00
1640772000;-3;0.3;0.6;False;Knee to thigh;0.36751;0.57424;2021-12-29 10:00:00+00:00
1640775600;-3;0.3;0.6;False;Knee to thigh;0.36751;0.57424;2021-12-29 11:00:00+00:00
1640779200;-3;0.0;0.3;False;Shin to knee;0.2853;0.44578;2021-12-29 12:00:00+00:00
1640782800;-3;0.0;0.3;False;Shin to knee;0.2853;0.44578;2021-12-29 13:00:00+00:00
1640786400;-3;0.0;0.3;False;Shin to knee;0.2853;0.44578;2021-12-29 14:00:00+00:00
1640790000;-3;0.3;0.6;False;Knee to thigh;0.3825;0.59765;2021-12-29 15:00:00+00:00
1640793600;-3;0.3;0.6;False;Knee to thigh;0.3825;0.59765;2021-12-29 16:00:00+00:00
1640797200;-3;0.3;0.6;False;Knee to thigh;0.3825;0.59765;2021-12-29 17:00:00+00:00
1640800800;-3;0.3;0.6;False;Knee to thigh;0.36531;0.5708;2021-12-29 18:00:00+00:00
1640804400;-3;0.3;0.6;False;Knee to thigh;0.36531;0.5708;2021-12-29 19:00:00+00:00
1640808000;-3;0.3;0.6;False;Knee to thigh;0.36531;0.5708;2021-12-29 20:00:00+00:00
1640811600;-3;0.3;0.6;False;Knee to thigh;0.45565;0.71195;2021-12-29 21:00:00+00:00
1640815200;-3;0.3;0.6;False;Knee to thigh;0.45565;0.71195;2021-12-29 22:00:00+00:00
1640818800;-3;0.3;0.6;False;Knee to thigh;0.45565;0.71195;2021-12-29 23:00:00+00:00
1640822400;-3;0.3;0.6;False;Knee to thigh;0.41587;0.64979;2021-12-30 00:00:00+00:00
1640826000;-3;0.3;0.6;False;Knee to thigh;0.41587;0.64979;2021-12-30 01:00:00+00:00
1640829600;-3;0.3;0.6;False;Knee to thigh;0.41587;0.64979;2021-12-30 02:00:00+00:00
1640833200;-3;0.3;0.6;False;Knee to thigh;0.4031;0.62984;2021-12-30 03:00:00+00:00
1640836800;-3;0.3;0.6;False;Knee to thigh;0.4031;0.62984;2021-12-30 04:00:00+00:00
1640840400;-3;0.3;0.6;False;Knee to thigh;0.4031;0.62984;2021-12-30 05:00:00+00:00
1640844000;-3;0.3;0.6;False;Knee to thigh;0.42983;0.67161;2021-12-30 06:00:00+00:00
1640847600;-3;0.3;0.6;False;Knee to thigh;0.42983;0.67161;2021-12-30 07:00:00+00:00
1640851200;-3;0.3;0.6;False;Knee to thigh;0.42983;0.67161;2021-12-30 08:00:00+00:00
1640854800;-3;0.3;0.6;False;Knee to thigh;0.37941;0.59283;2021-12-30 09:00:00+00:00
1640858400;-3;0.3;0.6;False;Knee to thigh;0.37941;0.59283;2021-12-30 10:00:00+00:00
1640862000;-3;0.3;0.6;False;Knee to thigh;0.37941;0.59283;2021-12-30 11:00:00+00:00
1640865600;-3;0.3;0.6;False;Knee to thigh;0.38746;0.6054;2021-12-30 12:00:00+00:00
1640869200;-3;0.3;0.6;False;Knee to thigh;0.38746;0.6054;2021-12-30 13:00:00+00:00
1640872800;-3;0.3;0.6;False;Knee to thigh;0.38746;0.6054;2021-12-30 14:00:00+00:00
1640876400;-3;0.3;0.6;False;Knee to thigh;0.38434;0.60054;2021-12-30 15:00:00+00:00
1640880000;-3;0.3;0.6;False;Knee to thigh;0.38434;0.60054;2021-12-30 16:00:00+00:00
1640883600;-3;0.3;0.6;False;Knee to thigh;0.38434;0.60054;2021-12-30 17:00:00+00:00
1640887200;-3;0.3;0.6;False;Knee to thigh;0.3787;0.59172;2021-12-30 18:00:00+00:00
1640890800;-3;0.3;0.6;False;Knee to thigh;0.3787;0.59172;2021-12-30 19:00:00+00:00
1640894400;-3;0.3;0.6;False;Knee to thigh;0.3787;0.59172;2021-12-30 20:00:00+00:00
1640898000;-3;0.6;0.9;False;Thigh to waist;0.50319;0.78623;2021-12-30 21:00:00+00:00
1640901600;-3;0.6;0.9;False;Thigh to waist;0.50319;0.78623;2021-12-30 22:00:00+00:00
1640905200;-3;0.6;0.9;False;Thigh to waist;0.50319;0.78623;2021-12-30 23:00:00+00:00
1640908800;-3;0.3;0.6;False;Knee to thigh;0.47014;0.7346;2021-12-31 00:00:00+00:00
1640912400;-3;0.3;0.6;False;Knee to thigh;0.47014;0.7346;2021-12-31 01:00:00+00:00
1640916000;-3;0.3;0.6;False;Knee to thigh;0.47014;0.7346;2021-12-31 02:00:00+00:00
1640919600;-3;0.3;0.6;False;Knee to thigh;0.44703;0.69848;2021-12-31 03:00:00+00:00
1640923200;-3;0.3;0.6;False;Knee to thigh;0.44703;0.69848;2021-12-31 04:00:00+00:00
1640926800;-3;0.3;0.6;False;Knee to thigh;0.44703;0.69848;2021-12-31 05:00:00+00:00
1640930400;-3;0.3;0.6;False;Knee to thigh;0.47932;0.74894;2021-12-31 06:00:00+00:00
1640934000;-3;0.3;0.6;False;Knee to thigh;0.47932;0.74894;2021-12-31 07:00:00+00:00
1640937600;-3;0.3;0.6;False;Knee to thigh;0.47932;0.74894;2021-12-31 08:00:00+00:00
1640941200;-3;0.3;0.6;False;Knee to thigh;0.48366;0.75571;2021-12-31 09:00:00+00:00
1640944800;-3;0.3;0.6;False;Knee to thigh;0.48366;0.75571;2021-12-31 10:00:00+00:00
1640948400;-3;0.3;0.6;False;Knee to thigh;0.48366;0.75571;2021-12-31 11:00:00+00:00
1640952000;-3;0.3;0.6;False;Knee to thigh;0.44795;0.69992;2021-12-31 12:00:00+00:00
1640955600;-3;0.3;0.6;False;Knee to thigh;0.44795;0.69992;2021-12-31 13:00:00+00:00
1640959200;-3;0.3;0.6;False;Knee to thigh;0.44795;0.69992;2021-12-31 14:00:00+00:00
1640962800;-3;0.3;0.6;False;Knee to thigh;0.47014;0.73459;2021-12-31 15:00:00+00:00
1640966400;-3;0.3;0.6;False;Knee to thigh;0.47014;0.73459;2021-12-31 16:00:00+00:00
1640970000;-3;0.3;0.6;False;Knee to thigh;0.47014;0.73459;2021-12-31 17:00:00+00:00
1640973600;-3;0.3;0.6;False;Knee to thigh;0.45627;0.71292;2021-12-31 18:00:00+00:00
1640977200;-3;0.3;0.6;False;Knee to thigh;0.45627;0.71292;2021-12-31 19:00:00+00:00
1640980800;-3;0.3;0.6;False;Knee to thigh;0.45627;0.71292;2021-12-31 20:00:00+00:00
1640984400;-3;0.3;0.6;False;Knee to thigh;0.45947;0.71792;2021-12-31 21:00:00+00:00
1640988000;-3;0.3;0.6;False;Knee to thigh;0.45947;0.71792;2021-12-31 22:00:00+00:00
1640991600;-3;0.3;0.6;False;Knee to thigh;0.45947;0.71792;2021-12-31 23:00:00+00:00
1640995200;-3;0.6;0.9;False;Thigh to waist;0.50792;0.79362;2022-01-01 00:00:00+00:00
1640998800;-3;0.6;0.9;False;Thigh to waist;0.50792;0.79362;2022-01-01 01:00:00+00:00
1641002400;-3;0.6;0.9;False;Thigh to waist;0.50792;0.79362;2022-01-01 02:00:00+00:00
1641006000;-3;0.6;0.9;False;Thigh to waist;0.56663;0.88535;2022-01-01 03:00:00+00:00
1641009600;-3;0.6;0.9;False;Thigh to waist;0.56663;0.88535;2022-01-01 04:00:00+00:00
1641013200;-3;0.6;0.9;False;Thigh to waist;0.56663;0.88535;2022-01-01 05:00:00+00:00
1641016800;-3;0.6;0.9;False;Thigh to waist;0.59041;0.92251;2022-01-01 06:00:00+00:00
1641020400;-3;0.6;0.9;False;Thigh to waist;0.59041;0.92251;2022-01-01 07:00:00+00:00
1641024000;-3;0.6;0.9;False;Thigh to waist;0.59041;0.92251;2022-01-01 08:00:00+00:00
1641027600;-3;0.6;0.9;False;Thigh to waist;0.58181;0.90908;2022-01-01 09:00:00+00:00
1641031200;-3;0.6;0.9;False;Thigh to waist;0.58181;0.90908;2022-01-01 10:00:00+00:00
1641034800;-3;0.6;0.9;False;Thigh to waist;0.58181;0.90908;2022-01-01 11:00:00+00:00
1641038400;-3;0.6;0.9;False;Thigh to waist;0.58171;0.90893;2022-01-01 12:00:00+00:00
1641042000;-3;0.6;0.9;False;Thigh to waist;0.58171;0.90893;2022-01-01 13:00:00+00:00
1641045600;-3;0.6;0.9;False;Thigh to waist;0.58171;0.90893;2022-01-01 14:00:00+00:00
1641049200;-3;0.6;1.1;False;Thigh to stomach;0.64095;1.00148;2022-01-01 15:00:00+00:00
1641052800;-3;0.6;1.1;False;Thigh to stomach;0.64095;1.00148;2022-01-01 16:00:00+00:00
1641056400;-3;0.6;1.1;False;Thigh to stomach;0.64095;1.00148;2022-01-01 17:00:00+00:00
1641060000;-3;0.6;0.9;False;Thigh to waist;0.53294;0.83271;2022-01-01 18:00:00+00:00
1641063600;-3;0.6;0.9;False;Thigh to waist;0.53294;0.83271;2022-01-01 19:00:00+00:00
1641067200;-3;0.6;0.9;False;Thigh to waist;0.53294;0.83271;2022-01-01 20:00:00+00:00
1641070800;-3;0.6;0.9;False;Thigh to waist;0.58999;0.92186;2022-01-01 21:00:00+00:00
1641074400;-3;0.6;0.9;False;Thigh to waist;0.58999;0.92186;2022-01-01 22:00:00+00:00
1641078000;-3;0.6;0.9;False;Thigh to waist;0.58999;0.92186;2022-01-01 23:00:00+00:00
1641081600;-3;0.6;0.9;False;Thigh to waist;0.50708;0.79231;2022-01-02 00:00:00+00:00
1641085200;-3;0.6;0.9;False;Thigh to waist;0.50708;0.79231;2022-01-02 01:00:00+00:00
1641088800;-3;0.6;0.9;False;Thigh to waist;0.50708;0.79231;2022-01-02 02:00:00+00:00
1638327600;-3;0.6;1.1;False;Thigh to stomach;0.64226;1.00353;2021-12-01 03:00:00+00:00
1638331200;-3;0.6;1.1;False;Thigh to stomach;0.64226;1.00353;2021-12-01 04:00:00+00:00
1638334800;-3;0.6;1.1;False;Thigh to stomach;0.64226;1.00353;2021-12-01 05:00:00+00:00
1638338400;-3;0.6;1.1;False;Thigh to stomach;0.63936;0.999;2021-12-01 06:00:00+00:00
1638342000;-3;0.6;1.1;False;Thigh to stomach;0.63936;0.999;2021-12-01 07:00:00+00:00
1638345600;-3;0.6;1.1;False;Thigh to stomach;0.63936;0.999;2021-12-01 08:00:00+00:00
1638349200;-3;0.9;1.2;False;Waist to chest;0.73676;1.15118;2021-12-01 09:00:00+00:00
1638352800;-3;0.9;1.2;False;Waist to chest;0.73676;1.15118;2021-12-01 10:00:00+00:00
1638356400;-3;0.9;1.2;False;Waist to chest;0.73676;1.15118;2021-12-01 11:00:00+00:00
1638360000;-3;0.9;1.4;False;Waist to shoulder;0.83048;1.29763;2021-12-01 12:00:00+00:00
1638363600;-3;0.9;1.4;False;Waist to shoulder;0.83048;1.29763;2021-12-01 13:00:00+00:00
1638367200;-3;0.9;1.4;False;Waist to shoulder;0.83048;1.29763;2021-12-01 14:00:00+00:00
1638370800;-3;0.9;1.2;False;Waist to chest;0.74419;1.1628;2021-12-01 15:00:00+00:00
1638374400;-3;0.9;1.2;False;Waist to chest;0.74419;1.1628;2021-12-01 16:00:00+00:00
1638378000;-3;0.9;1.2;False;Waist to chest;0.74419;1.1628;2021-12-01 17:00:00+00:00
1638381600;-3;0.9;1.2;False;Waist to chest;0.81636;1.27557;2021-12-01 18:00:00+00:00
1638385200;-3;0.9;1.2;False;Waist to chest;0.81636;1.27557;2021-12-01 19:00:00+00:00
1638388800;-3;0.9;1.2;False;Waist to chest;0.81636;1.27557;2021-12-01 20:00:00+00:00
1638392400;-3;0.9;1.2;False;Waist to chest;0.80431;1.25673;2021-12-01 21:00:00+00:00
1638396000;-3;0.9;1.2;False;Waist to chest;0.80431;1.25673;2021-12-01 22:00:00+00:00
1638399600;-3;0.9;1.2;False;Waist to chest;0.80431;1.25673;2021-12-01 23:00:00+00:00
1638403200;-3;0.9;1.2;False;Waist to chest;0.76823;1.20036;2021-12-02 00:00:00+00:00
1638406800;-3;0.9;1.2;False;Waist to chest;0.76823;1.20036;2021-12-02 01:00:00+00:00
1638410400;-3;0.9;1.2;False;Waist to chest;0.76823;1.20036;2021-12-02 02:00:00+00:00
1638414000;-3;0.9;1.4;False;Waist to shoulder;0.90734;1.41773;2021-12-02 03:00:00+00:00
1638417600;-3;0.9;1.4;False;Waist to shoulder;0.90734;1.41773;2021-12-02 04:00:00+00:00
1638421200;-3;0.9;1.4;False;Waist to shoulder;0.90734;1.41773;2021-12-02 05:00:00+00:00
1638424800;-3;0.9;1.5;False;Waist to head;0.94161;1.47127;2021-12-02 06:00:00+00:00
1638428400;-3;0.9;1.5;False;Waist to head;0.94161;1.47127;2021-12-02 07:00:00+00:00
1638432000;-3;0.9;1.5;False;Waist to head;0.94161;1.47127;2021-12-02 08:00:00+00:00
1638435600;-3;0.9;1.5;False;Waist to head;0.98331;1.53642;2021-12-02 09:00:00+00:00
1638439200;-3;0.9;1.5;False;Waist to head;0.98331;1.53642;2021-12-02 10:00:00+00:00
1638442800;-3;0.9;1.5;False;Waist to head;0.98331;1.53642;2021-12-02 11:00:00+00:00
1638446400;-3;0.9;1.5;False;Waist to head;1.04442;1.63191;2021-12-02 12:00:00+00:00
1638450000;-3;0.9;1.5;False;Waist to head;1.04442;1.63191;2021-12-02 13:00:00+00:00
1638453600;-3;0.9;1.5;False;Waist to head;1.04442;1.63191;2021-12-02 14:00:00+00:00
1638457200;-3;0.9;1.5;False;Waist to head;1.03674;1.61991;2021-12-02 15:00:00+00:00
1638460800;-3;0.9;1.5;False;Waist to head;1.03674;1.61991;2021-12-02 16:00:00+00:00
1638464400;-3;0.9;1.5;False;Waist to head;1.03674;1.61991;2021-12-02 17:00:00+00:00
1638468000;-3;0.9;1.5;False;Waist to head;1.02049;1.59451;2021-12-02 18:00:00+00:00
1638471600;-3;0.9;1.5;False;Waist to head;1.02049;1.59451;2021-12-02 19:00:00+00:00
1638475200;-3;0.9;1.5;False;Waist to head;1.02049;1.59451;2021-12-02 20:00:00+00:00
1638478800;-3;0.9;1.5;False;Waist to head;1.04312;1.62987;2021-12-02 21:00:00+00:00
1638482400;-3;0.9;1.5;False;Waist to head;1.04312;1.62987;2021-12-02 22:00:00+00:00
1638486000;-3;0.9;1.5;False;Waist to head;1.04312;1.62987;2021-12-02 23:00:00+00:00
1638489600;-3;0.9;1.5;False;Waist to head;1.0411;1.62671;2021-12-03 00:00:00+00:00
1638493200;-3;0.9;1.5;False;Waist to head;1.0411;1.62671;2021-12-03 01:00:00+00:00
1638496800;-3;0.9;1.5;False;Waist to head;1.0411;1.62671;2021-12-03 02:00:00+00:00
1638500400;-3;0.9;1.5;False;Waist to head;1.03067;1.61042;2021-12-03 03:00:00+00:00
1638504000;-3;0.9;1.5;False;Waist to head;1.03067;1.61042;2021-12-03 04:00:00+00:00
1638507600;-3;0.9;1.5;False;Waist to head;1.03067;1.61042;2021-12-03 05:00:00+00:00
1638511200;-3;0.9;1.5;False;Waist to head;1.04917;1.63933;2021-12-03 06:00:00+00:00
1638514800;-3;0.9;1.5;False;Waist to head;1.04917;1.63933;2021-12-03 07:00:00+00:00
1638518400;-3;0.9;1.5;False;Waist to head;1.04917;1.63933;2021-12-03 08:00:00+00:00
1638522000;-3;0.9;1.5;False;Waist to head;1.05564;1.64943;2021-12-03 09:00:00+00:00
1638525600;-3;0.9;1.5;False;Waist to head;1.05564;1.64943;2021-12-03 10:00:00+00:00
1638529200;-3;0.9;1.5;False;Waist to head;1.05564;1.64943;2021-12-03 11:00:00+00:00
1638532800;-3;1.2;1.8;False;Chest to overhead;1.08327;1.69261;2021-12-03 12:00:00+00:00
1638536400;-3;1.2;1.8;False;Chest to overhead;1.08327;1.69261;2021-12-03 13:00:00+00:00
1638540000;-3;1.2;1.8;False;Chest to overhead;1.08327;1.69261;2021-12-03 14:00:00+00:00
1638543600;-3;0.9;1.5;False;Waist to head;1.06547;1.66479;2021-12-03 15:00:00+00:00
1638547200;-3;0.9;1.5;False;Waist to head;1.06547;1.66479;2021-12-03 16:00:00+00:00
1638550800;-3;0.9;1.5;False;Waist to head;1.06547;1.66479;2021-12-03 17:00:00+00:00
1638554400;-3;0.9;1.5;False;Waist to head;1.034;1.61562;2021-12-03 18:00:00+00:00
1638558000;-3;0.9;1.5;False;Waist to head;1.034;1.61562;2021-12-03 19:00:00+00:00
1638561600;-3;0.9;1.5;False;Waist to head;1.034;1.61562;2021-12-03 20:00:00+00:00
1638565200;-3;0.9;1.5;False;Waist to head;1.04127;1.62698;2021-12-03 21:00:00+00:00
1638568800;-3;0.9;1.5;False;Waist to head;1.04127;1.62698;2021-12-03 22:00:00+00:00
1638572400;-3;0.9;1.5;False;Waist to head;1.04127;1.62698;2021-12-03 23:00:00+00:00
1638576000;-3;0.9;1.5;False;Waist to head;1.04851;1.6383;2021-12-04 00:00:00+00:00
1638579600;-3;0.9;1.5;False;Waist to head;1.04851;1.6383;2021-12-04 01:00:00+00:00
1638583200;-3;0.9;1.5;False;Waist to head;1.04851;1.6383;2021-12-04 02:00:00+00:00
1638586800;-3;0.9;1.2;False;Waist to chest;0.79018;1.23466;2021-12-04 03:00:00+00:00
1638590400;-3;0.9;1.2;False;Waist to chest;0.79018;1.23466;2021-12-04 04:00:00+00:00
1638594000;-3;0.9;1.2;False;Waist to chest;0.79018;1.23466;2021-12-04 05:00:00+00:00
1638597600;-3;0.9;1.4;False;Waist to shoulder;0.87974;1.37459;2021-12-04 06:00:00+00:00
1638601200;-3;0.9;1.4;False;Waist to shoulder;0.87974;1.37459;2021-12-04 07:00:00+00:00
1638604800;-3;0.9;1.4;False;Waist to shoulder;0.87974;1.37459;2021-12-04 08:00:00+00:00
1638608400;-3;0.9;1.4;False;Waist to shoulder;0.83794;1.30929;2021-12-04 09:00:00+00:00
1638612000;-3;0.9;1.4;False;Waist to shoulder;0.83794;1.30929;2021-12-04 10:00:00+00:00
1638615600;-3;0.9;1.4;False;Waist to shoulder;0.83794;1.30929;2021-12-04 11:00:00+00:00
1638619200;-3;0.9;1.4;False;Waist to shoulder;0.8726;1.36343;2021-12-04 12:00:00+00:00
1638622800;-3;0.9;1.4;False;Waist to shoulder;0.8726;1.36343;2021-12-04 13:00:00+00:00
1638626400;-3;0.9;1.4;False;Waist to shoulder;0.8726;1.36343;2021-12-04 14:00:00+00:00
1638630000;-3;0.9;1.4;False;Waist to shoulder;0.90039;1.40687;2021-12-04 15:00:00+00:00
1638633600;-3;0.9;1.4;False;Waist to shoulder;0.90039;1.40687;2021-12-04 16:00:00+00:00
1638637200;-3;0.9;1.4;False;Waist to shoulder;0.90039;1.40687;2021-12-04 17:00:00+00:00
1638640800;-3;0.9;1.5;False;Waist to head;0.95296;1.489;2021-12-04 18:00:00+00:00
1638644400;-3;0.9;1.5;False;Waist to head;0.95296;1.489;2021-12-04 19:00:00+00:00
1638648000;-3;0.9;1.5;False;Waist to head;0.95296;1.489;2021-12-04 20:00:00+00:00
1638651600;-3;0.9;1.4;False;Waist to shoulder;0.84811;1.32518;2021-12-04 21:00:00+00:00
1638655200;-3;0.9;1.4;False;Waist to shoulder;0.84811;1.32518;2021-12-04 22:00:00+00:00
1638658800;-3;0.9;1.4;False;Waist to shoulder;0.84811;1.32518;2021-12-04 23:00:00+00:00
1638662400;-3;0.9;1.4;False;Waist to shoulder;0.87824;1.37226;2021-12-05 00:00:00+00:00
1638666000;-3;0.9;1.4;False;Waist to shoulder;0.87824;1.37226;2021-12-05 01:00:00+00:00
1638669600;-3;0.9;1.4;False;Waist to shoulder;0.87824;1.37226;2021-12-05 02:00:00+00:00
1638673200;-3;0.9;1.4;False;Waist to shoulder;0.84804;1.32506;2021-12-05 03:00:00+00:00
1638676800;-3;0.9;1.4;False;Waist to shoulder;0.84804;1.32506;2021-12-05 04:00:00+00:00
1638680400;-3;0.9;1.4;False;Waist to shoulder;0.84804;1.32506;2021-12-05 05:00:00+00:00
1638684000;-3;0.9;1.2;False;Waist to chest;0.73944;1.15537;2021-12-05 06:00:00+00:00
1638687600;-3;0.9;1.2;False;Waist to chest;0.73944;1.15537;2021-12-05 07:00:00+00:00
1638691200;-3;0.9;1.2;False;Waist to chest;0.73944;1.15537;2021-12-05 08:00:00+00:00
1638694800;-3;0.9;1.2;False;Waist to chest;0.79793;1.24676;2021-12-05 09:00:00+00:00
1638698400;-3;0.9;1.2;False;Waist to chest;0.79793;1.24676;2021-12-05 10:00:00+00:00
1638702000;-3;0.9;1.2;False;Waist to chest;0.79793;1.24676;2021-12-05 11:00:00+00:00
1638705600;-3;0.9;1.2;False;Waist to chest;0.79811;1.24704;2021-12-05 12:00:00+00:00
1638709200;-3;0.9;1.2;False;Waist to chest;0.79811;1.24704;2021-12-05 13:00:00+00:00
1638712800;-3;0.9;1.2;False;Waist to chest;0.79811;1.24704;2021-12-05 14:00:00+00:00
1638716400;-3;0.9;1.2;False;Waist to chest;0.80781;1.2622;2021-12-05 15:00:00+00:00
1638720000;-3;0.9;1.2;False;Waist to chest;0.80781;1.2622;2021-12-05 16:00:00+00:00
1638723600;-3;0.9;1.2;False;Waist to chest;0.80781;1.2622;2021-12-05 17:00:00+00:00
1638727200;-3;0.9;1.2;False;Waist to chest;0.74365;1.16195;2021-12-05 18:00:00+00:00
1638730800;-3;0.9;1.2;False;Waist to chest;0.74365;1.16195;2021-12-05 19:00:00+00:00
1638734400;-3;0.9;1.2;False;Waist to chest;0.74365;1.16195;2021-12-05 20:00:00+00:00
1638738000;-3;0.9;1.2;False;Waist to chest;0.76304;1.19225;2021-12-05 21:00:00+00:00
1638741600;-3;0.9;1.2;False;Waist to chest;0.76304;1.19225;2021-12-05 22:00:00+00:00
1638745200;-3;0.9;1.2;False;Waist to chest;0.76304;1.19225;2021-12-05 23:00:00+00:00
1638748800;-3;0.9;1.2;False;Waist to chest;0.77172;1.20581;2021-12-06 00:00:00+00:00
1638752400;-3;0.9;1.2;False;Waist to chest;0.77172;1.20581;2021-12-06 01:00:00+00:00
1638756000;-3;0.9;1.2;False;Waist to chest;0.77172;1.20581;2021-12-06 02:00:00+00:00
1638759600;-3;0.9;1.2;False;Waist to chest;0.75247;1.17574;2021-12-06 03:00:00+00:00
1638763200;-3;0.9;1.2;False;Waist to chest;0.75247;1.17574;2021-12-06 04:00:00+00:00
1638766800;-3;0.9;1.2;False;Waist to chest;0.75247;1.17574;2021-12-06 05:00:00+00:00
1638770400;-3;0.6;1.1;False;Thigh to stomach;0.71437;1.11621;2021-12-06 06:00:00+00:00
1638774000;-3;0.6;1.1;False;Thigh to stomach;0.71437;1.11621;2021-12-06 07:00:00+00:00
1638777600;-3;0.6;1.1;False;Thigh to stomach;0.71437;1.11621;2021-12-06 08:00:00+00:00
1638781200;-3;0.6;1.1;False;Thigh to stomach;0.68054;1.06334;2021-12-06 09:00:00+00:00
1638784800;-3;0.6;1.1;False;Thigh to stomach;0.68054;1.06334;2021-12-06 10:00:00+00:00
1638788400;-3;0.6;1.1;False;Thigh to stomach;0.68054;1.06334;2021-12-06 11:00:00+00:00
1638792000;-3;0.6;1.1;False;Thigh to stomach;0.67544;1.05537;2021-12-06 12:00:00+00:00
1638795600;-3;0.6;1.1;False;Thigh to stomach;0.67544;1.05537;2021-12-06 13:00:00+00:00
1638799200;-3;0.6;1.1;False;Thigh to stomach;0.67544;1.05537;2021-12-06 14:00:00+00:00
1638802800;-3;0.6;1.1;False;Thigh to stomach;0.71079;1.11061;2021-12-06 15:00:00+00:00
1638806400;-3;0.6;1.1;False;Thigh to stomach;0.71079;1.11061;2021-12-06 16:00:00+00:00
1638810000;-3;0.6;1.1;False;Thigh to stomach;0.71079;1.11061;2021-12-06 17:00:00+00:00
1638813600;-3;0.9;1.2;False;Waist to chest;0.75508;1.17982;2021-12-06 18:00:00+00:00
1638817200;-3;0.9;1.2;False;Waist to chest;0.75508;1.17982;2021-12-06 19:00:00+00:00
1638820800;-3;0.9;1.2;False;Waist to chest;0.75508;1.17982;2021-12-06 20:00:00+00:00
1638824400;-3;0.9;1.4;False;Waist to shoulder;0.82907;1.29542;2021-12-06 21:00:00+00:00
1638828000;-3;0.9;1.4;False;Waist to shoulder;0.82907;1.29542;2021-12-06 22:00:00+00:00
1638831600;-3;0.9;1.4;False;Waist to shoulder;0.82907;1.29542;2021-12-06 23:00:00+00:00
1638835200;-3;1.2;1.8;False;Chest to overhead;1.17902;1.84222;2021-12-07 00:00:00+00:00
1638838800;-3;1.2;1.8;False;Chest to overhead;1.17902;1.84222;2021-12-07 01:00:00+00:00
1638842400;-3;1.2;1.8;False;Chest to overhead;1.17902;1.84222;2021-12-07 02:00:00+00:00
1638846000;-3;0.9;1.4;False;Waist to shoulder;0.91464;1.42912;2021-12-07 03:00:00+00:00
1638849600;-3;0.9;1.4;False;Waist to shoulder;0.91464;1.42912;2021-12-07 04:00:00+00:00
1638853200;-3;0.9;1.4;False;Waist to shoulder;0.91464;1.42912;2021-12-07 05:00:00+00:00
1638856800;-3;0.9;1.5;False;Waist to head;0.99628;1.55669;2021-12-07 06:00:00+00:00
1638860400;-3;0.9;1.5;False;Waist to head;0.99628;1.55669;2021-12-07 07:00:00+00:00
1638864000;-3;0.9;1.5;False;Waist to head;0.99628;1.55669;2021-12-07 08:00:00+00:00
1638867600;-3;0.9;1.5;False;Waist to head;1.04997;1.64059;2021-12-07 09:00:00+00:00
1638871200;-3;0.9;1.5;False;Waist to head;1.04997;1.64059;2021-12-07 10:00:00+00:00
1638874800;-3;0.9;1.5;False;Waist to head;1.04997;1.64059;2021-12-07 11:00:00+00:00
1638878400;-3;0.9;1.5;False;Waist to head;0.94709;1.47982;2021-12-07 12:00:00+00:00
1638882000;-3;0.9;1.5;False;Waist to head;0.94709;1.47982;2021-12-07 13:00:00+00:00
1638885600;-3;0.9;1.5;False;Waist to head;0.94709;1.47982;2021-12-07 14:00:00+00:00
1638889200;-3;0.9;1.5;False;Waist to head;0.93632;1.463;2021-12-07 15:00:00+00:00
1638892800;-3;0.9;1.5;False;Waist to head;0.93632;1.463;2021-12-07 16:00:00+00:00
1638896400;-3;0.9;1.5;False;Waist to head;0.93632;1.463;2021-12-07 17:00:00+00:00
1638900000;-3;0.9;1.2;False;Waist to chest;0.78252;1.22268;2021-12-07 18:00:00+00:00
1638903600;-3;0.9;1.2;False;Waist to chest;0.78252;1.22268;2021-12-07 19:00:00+00:00
1638907200;-3;0.9;1.2;False;Waist to chest;0.78252;1.22268;2021-12-07 20:00:00+00:00
1638910800;-3;0.9;1.2;False;Waist to chest;0.81663;1.27599;2021-12-07 21:00:00+00:00
1638914400;-3;0.9;1.2;False;Waist to chest;0.81663;1.27599;2021-12-07 22:00:00+00:00
1638918000;-3;0.9;1.2;False;Waist to chest;0.81663;1.27599;2021-12-07 23:00:00+00:00
1638921600;-3;1.2;1.8;False;Chest to overhead;1.07794;1.68428;2021-12-08 00:00:00+00:00
1638925200;-3;1.2;1.8;False;Chest to overhead;1.07794;1.68428;2021-12-08 01:00:00+00:00
1638928800;-3;1.2;1.8;False;Chest to overhead;1.07794;1.68428;2021-12-08 02:00:00+00:00
1638932400;-3;1.2;1.8;False;Chest to overhead;1.09685;1.71383;2021-12-08 03:00:00+00:00
1638936000;-3;1.2;1.8;False;Chest to overhead;1.09685;1.71383;2021-12-08 04:00:00+00:00
1638939600;-3;1.2;1.8;False;Chest to overhead;1.09685;1.71383;2021-12-08 05:00:00+00:00
1638943200;-3;1.2;1.5;False;Chest to head;1.07266;1.67604;2021-12-08 06:00:00+00:00
1638946800;-3;1.2;1.5;False;Chest to head;1.07266;1.67604;2021-12-08 07:00:00+00:00
1638950400;-3;1.2;1.5;False;Chest to head;1.07266;1.67604;2021-12-08 08:00:00+00:00
1638954000;-3;0.9;1.5;False;Waist to head;1.04653;1.63521;2021-12-08 09:00:00+00:00
1638957600;-3;0.9;1.5;False;Waist to head;1.04653;1.63521;2021-12-08 10:00:00+00:00
1638961200;-3;0.9;1.5;False;Waist to head;1.04653;1.63521;2021-12-08 11:00:00+00:00
1638964800;-3;0.9;1.5;False;Waist to head;1.04121;1.62688;2021-12-08 12:00:00+00:00
1638968400;-3;0.9;1.5;False;Waist to head;1.04121;1.62688;2021-12-08 13:00:00+00:00
1638972000;-3;0.9;1.5;False;Waist to head;1.04121;1.62688;2021-12-08 14:00:00+00:00
1638975600;-3;0.9;1.5;False;Waist to head;1.00601;1.57189;2021-12-08 15:00:00+00:00
1638979200;-3;0.9;1.5;False;Waist to head;1.00601;1.57189;2021-12-08 16:00:00+00:00
1638982800;-3;0.9;1.5;False;Waist to head;1.00601;1.57189;2021-12-08 17:00:00+00:00
1638986400;-3;0.9;1.5;False;Waist to head;0.93538;1.46153;2021-12-08 18:00:00+00:00
1638990000;-3;0.9;1.5;False;Waist to head;0.93538;1.46153;2021-12-08 19:00:00+00:00
1638993600;-3;0.9;1.5;False;Waist to head;0.93538;1.46153;2021-12-08 20:00:00+00:00
1638997200;-3;0.9;1.4;False;Waist to shoulder;0.92599;1.44685;2021-12-08 21:00:00+00:00
1639000800;-3;0.9;1.4;False;Waist to shoulder;0.92599;1.44685;2021-12-08 22:00:00+00:00
1639004400;-3;0.9;1.4;False;Waist to shoulder;0.92599;1.44685;2021-12-08 23:00:00+00:00
1639008000;-3;0.9;1.2;False;Waist to chest;0.75913;1.18613;2021-12-09 00:00:00+00:00
1639011600;-3;0.9;1.2;False;Waist to chest;0.75913;1.18613;2021-12-09 01:00:00+00:00
1639015200;-3;0.9;1.2;False;Waist to chest;0.75913;1.18613;2021-12-09 02:00:00+00:00
1639018800;-3;0.9;1.2;False;Waist to chest;0.77812;1.21582;2021-12-09 03:00:00+00:00
1639022400;-3;0.9;1.2;False;Waist to chest;0.77812;1.21582;2021-12-09 04:00:00+00:00
1639026000;-3;0.9;1.2;False;Waist to chest;0.77812;1.21582;2021-12-09 05:00:00+00:00
1639029600;-3;0.6;1.1;False;Thigh to stomach;0.73121;1.14252;2021-12-09 06:00:00+00:00
1639033200;-3;0.6;1.1;False;Thigh to stomach;0.73121;1.14252;2021-12-09 07:00:00+00:00
1639036800;-3;0.6;1.1;False;Thigh to stomach;0.73121;1.14252;2021-12-09 08:00:00+00:00
1639040400;-3;0.6;1.1;False;Thigh to stomach;0.70119;1.09561;2021-12-09 09:00:00+00:00
1639044000;-3;0.6;1.1;False;Thigh to stomach;0.70119;1.09561;2021-12-09 10:00:00+00:00
1639047600;-3;0.6;1.1;False;Thigh to stomach;0.70119;1.09561;2021-12-09 11:00:00+00:00
1639051200;-3;0.9;1.2;False;Waist to chest;0.77048;1.20387;2021-12-09 12:00:00+00:00
1639054800;-3;0.9;1.2;False;Waist to chest;0.77048;1.20387;2021-12-09 13:00:00+00:00
1639058400;-3;0.9;1.2;False;Waist to chest;0.77048;1.20387;2021-12-09 14:00:00+00:00
1639062000;-3;1.2;1.8;False;Chest to overhead;1.10477;1.72621;2021-12-09 15:00:00+00:00
1639065600;-3;1.2;1.8;False;Chest to overhead;1.10477;1.72621;2021-12-09 16:00:00+00:00
1639069200;-3;1.2;1.8;False;Chest to overhead;1.10477;1.72621;2021-12-09 17:00:00+00:00
1639072800;-3;1.2;1.8;False;Chest to overhead;1.13869;1.7792;2021-12-09 18:00:00+00:00
1639076400;-3;1.2;1.8;False;Chest to overhead;1.13869;1.7792;2021-12-09 19:00:00+00:00
1639080000;-3;1.2;1.8;False;Chest to overhead;1.13869;1.7792;2021-12-09 20:00:00+00:00
1639083600;-3;1.2;1.8;False;Chest to overhead;1.12244;1.75381;2021-12-09 21:00:00+00:00
1639087200;-3;1.2;1.8;False;Chest to overhead;1.12244;1.75381;2021-12-09 22:00:00+00:00
1639090800;-3;1.2;1.8;False;Chest to overhead;1.12244;1.75381;2021-12-09 23:00:00+00:00
1639094400;-3;1.2;1.8;False;Chest to overhead;1.10839;1.73186;2021-12-10 00:00:00+00:00
1639098000;-3;1.2;1.8;False;Chest to overhead;1.10839;1.73186;2021-12-10 01:00:00+00:00
1639101600;-3;1.2;1.8;False;Chest to overhead;1.10839;1.73186;2021-12-10 02:00:00+00:00
1639105200;-3;0.9;1.5;False;Waist to head;0.97989;1.53108;2021-12-10 03:00:00+00:00
1639108800;-3;0.9;1.5;False;Waist to head;0.97989;1.53108;2021-12-10 04:00:00+00:00
1639112400;-3;0.9;1.5;False;Waist to head;0.97989;1.53108;2021-12-10 05:00:00+00:00
1639116000;-3;0.9;1.5;False;Waist to head;0.97618;1.52529;2021-12-10 06:00:00+00:00
1639119600;-3;0.9;1.5;False;Waist to head;0.97618;1.52529;2021-12-10 07:00:00+00:00
1639123200;-3;0.9;1.5;False;Waist to head;0.97618;1.52529;2021-12-10 08:00:00+00:00
1639126800;-3;0.9;1.5;False;Waist to head;0.94726;1.4801;2021-12-10 09:00:00+00:00
1639130400;-3;0.9;1.5;False;Waist to head;0.94726;1.4801;2021-12-10 10:00:00+00:00
1639134000;-3;0.9;1.5;False;Waist to head;0.94726;1.4801;2021-12-10 11:00:00+00:00
1639137600;-3;0.9;1.5;False;Waist to head;0.94417;1.47526;2021-12-10 12:00:00+00:00
1639141200;-3;0.9;1.5;False;Waist to head;0.94417;1.47526;2021-12-10 13:00:00+00:00
1639144800;-3;0.9;1.5;False;Waist to head;0.94417;1.47526;2021-12-10 14:00:00+00:00
1639148400;-3;0.9;1.5;False;Waist to head;0.9341;1.45954;2021-12-10 15:00:00+00:00
1639152000;-3;0.9;1.5;False;Waist to head;0.9341;1.45954;2021-12-10 16:00:00+00:00
1639155600;-3;0.9;1.5;False;Waist to head;0.9341;1.45954;2021-12-10 17:00:00+00:00
1639159200;-3;0.9;1.5;False;Waist to head;1.01824;1.591;2021-12-10 18:00:00+00:00
1639162800;-3;0.9;1.5;False;Waist to head;1.01824;1.591;2021-12-10 19:00:00+00:00
1639166400;-3;0.9;1.5;False;Waist to head;1.01824;1.591;2021-12-10 20:00:00+00:00
1639170000;-3;0.9;1.5;False;Waist to head;1.06563;1.66505;2021-12-10 21:00:00+00:00
1639173600;-3;0.9;1.5;False;Waist to head;1.06563;1.66505;2021-12-10 22:00:00+00:00
1639177200;-3;0.9;1.5;False;Waist to head;1.06563;1.66505;2021-12-10 23:00:00+00:00
1639180800;-3;1.2;1.8;False;Chest to overhead;1.08986;1.70291;2021-12-11 00:00:00+00:00
1639184400;-3;1.2;1.8;False;Chest to overhead;1.08986;1.70291;2021-12-11 01:00:00+00:00
1639188000;-3;1.2;1.8;False;Chest to overhead;1.08986;1.70291;2021-12-11 02:00:00+00:00
1639191600;-3;1.2;2.0;False;Chest to 0.3m overhead;1.24677;1.94807;2021-12-11 03:00:00+00:00
1639195200;-3;1.2;2.0;False;Chest to 0.3m overhead;1.24677;1.94807;2021-12-11 04:00:00+00:00
1639198800;-3;1.2;2.0;False;Chest to 0.3m overhead;1.24677;1.94807;2021-12-11 05:00:00+00:00
1639202400;-3;1.5;2.1;False;Head to 0.6m overhead;1.38923;2.17068;2021-12-11 06:00:00+00:00
1639206000;-3;1.5;2.1;False;Head to 0.6m overhead;1.38923;2.17068;2021-12-11 07:00:00+00:00
1639209600;-3;1.5;2.1;False;Head to 0.6m overhead;1.38923;2.17068;2021-12-11 08:00:00+00:00
1639213200;-3;1.5;2.1;False;Head to 0.6m overhead;1.34523;2.10191;2021-12-11 09:00:00+00:00
1639216800;-3;1.5;2.1;False;Head to 0.6m overhead;1.34523;2.10191;2021-12-11 10:00:00+00:00
1639220400;-3;1.5;2.1;False;Head to 0.6m overhead;1.34523;2.10191;2021-12-11 11:00:00+00:00
1639224000;-3;1.2;2.0;False;Chest to 0.3m overhead;1.24679;1.9481;2021-12-11 12:00:00+00:00
1639227600;-3;1.2;2.0;False;Chest to 0.3m overhead;1.24679;1.9481;2021-12-11 13:00:00+00:00
1639231200;-3;1.2;2.0;False;Chest to 0.3m overhead;1.24679;1.9481;2021-12-11 14:00:00+00:00
1639234800;-3;1.2;1.8;False;Chest to overhead;1.18228;1.84732;2021-12-11 15:00:00+00:00
1639238400;-3;1.2;1.8;False;Chest to overhead;1.18228;1.84732;2021-12-11 16:00:00+00:00
1639242000;-3;1.2;1.8;False;Chest to overhead;1.18228;1.84732;2021-12-11 17:00:00+00:00
1639245600;-3;1.2;1.8;False;Chest to overhead;1.13905;1.77976;2021-12-11 18:00:00+00:00
1639249200;-3;1.2;1.8;False;Chest to overhead;1.13905;1.77976;2021-12-11 19:00:00+00:00
1639252800;-3;1.2;1.8;False;Chest to overhead;1.13905;1.77976;2021-12-11 20:00:00+00:00
1639256400;-3;1.2;1.8;False;Chest to overhead;1.10318;1.72372;2021-12-11 21:00:00+00:00
1639260000;-3;1.2;1.8;False;Chest to overhead;1.10318;1.72372;2021-12-11 22:00:00+00:00
1639263600;-3;1.2;1.8;False;Chest to overhead;1.10318;1.72372;2021-12-11 23:00:00+00:00
1639267200;-3;1.2;1.8;False;Chest to overhead;1.07946;1.68665;2021-12-12 00:00:00+00:00
1639270800;-3;1.2;1.8;False;Chest to overhead;1.07946;1.68665;2021-12-12 01:00:00+00:00
1639274400;-3;1.2;1.8;False;Chest to overhead;1.07946;1.68665;2021-12-12 02:00:00+00:00
1639278000;-3;0.9;1.5;False;Waist to head;1.0649;1.6639;2021-12-12 03:00:00+00:00
1639281600;-3;0.9;1.5;False;Waist to head;1.0649;1.6639;2021-12-12 04:00:00+00:00
1639285200;-3;0.9;1.5;False;Waist to head;1.0649;1.6639;2021-12-12 05:00:00+00:00
1639288800;-3;0.9;1.5;False;Waist to head;1.02233;1.59738;2021-12-12 06:00:00+00:00
1639292400;-3;0.9;1.5;False;Waist to head;1.02233;1.59738;2021-12-12 07:00:00+00:00
1639296000;-3;0.9;1.5;False;Waist to head;1.02233;1.59738;2021-12-12 08:00:00+00:00
1639299600;-3;0.9;1.5;False;Waist to head;0.98813;1.54395;2021-12-12 09:00:00+00:00
1639303200;-3;0.9;1.5;False;Waist to head;0.98813;1.54395;2021-12-12 10:00:00+00:00
1639306800;-3;0.9;1.5;False;Waist to head;0.98813;1.54395;2021-12-12 11:00:00+00:00
1639310400;-3;0.9;1.5;False;Waist to head;0.95274;1.48865;2021-12-12 12:00:00+00:00
1639314000;-3;0.9;1.5;False;Waist to head;0.95274;1.48865;2021-12-12 13:00:00+00:00
1639317600;-3;0.9;1.5;False;Waist to head;0.95274;1.48865;2021-12-12 14:00:00+00:00
1639321200;-3;0.9;1.4;False;Waist to shoulder;0.9192;1.43625;2021-12-12 15:00:00+00:00
1639324800;-3;0.9;1.4;False;Waist to shoulder;0.9192;1.43625;2021-12-12 16:00:00+00:00
1639328400;-3;0.9;1.4;False;Waist to shoulder;0.9192;1.43625;2021-12-12 17:00:00+00:00
1639332000;-3;0.9;1.4;False;Waist to shoulder;0.86824;1.35663;2021-12-12 18:00:00+00:00
1639335600;-3;0.9;1.4;False;Waist to shoulder;0.86824;1.35663;2021-12-12 19:00:00+00:00
1639339200;-3;0.9;1.4;False;Waist to shoulder;0.86824;1.35663;2021-12-12 20:00:00+00:00
1639342800;-3;0.9;1.4;False;Waist to shoulder;0.83028;1.29731;2021-12-12 21:00:00+00:00
1639346400;-3;0.9;1.4;False;Waist to shoulder;0.83028;1.29731;2021-12-12 22:00:00+00:00
1639350000;-3;0.9;1.4;False;Waist to shoulder;0.83028;1.29731;2021-12-12 23:00:00+00:00
1639353600;-3;0.9;1.2;False;Waist to chest;0.7892;1.23312;2021-12-13 00:00:00+00:00
1639357200;-3;0.9;1.2;False;Waist to chest;0.7892;1.23312;2021-12-13 01:00:00+00:00
1639360800;-3;0.9;1.2;False;Waist to chest;0.7892;1.23312;2021-12-13 02:00:00+00:00
1639364400;-3;0.9;1.2;False;Waist to chest;0.75296;1.1765;2021-12-13 03:00:00+00:00
1639368000;-3;0.9;1.2;False;Waist to chest;0.75296;1.1765;2021-12-13 04:00:00+00:00
1639371600;-3;0.9;1.2;False;Waist to chest;0.75296;1.1765;2021-12-13 05:00:00+00:00
1639375200;-3;0.6;1.1;False;Thigh to stomach;0.69125;1.08007;2021-12-13 06:00:00+00:00
1639378800;-3;0.6;1.1;False;Thigh to stomach;0.69125;1.08007;2021-12-13 07:00:00+00:00
1639382400;-3;0.6;1.1;False;Thigh to stomach;0.69125;1.08007;2021-12-13 08:00:00+00:00
1639386000;-3;0.6;1.1;False;Thigh to stomach;0.64954;1.0149;2021-12-13 09:00:00+00:00
1639389600;-3;0.6;1.1;False;Thigh to stomach;0.64954;1.0149;2021-12-13 10:00:00+00:00
1639393200;-3;0.6;1.1;False;Thigh to stomach;0.64954;1.0149;2021-12-13 11:00:00+00:00
1639396800;-3;0.6;0.9;False;Thigh to waist;0.61212;0.95643;2021-12-13 12:00:00+00:00
1639400400;-3;0.6;0.9;False;Thigh to waist;0.61212;0.95643;2021-12-13 13:00:00+00:00
1639404000;-3;0.6;0.9;False;Thigh to waist;0.61212;0.95643;2021-12-13 14:00:00+00:00
1639407600;-3;0.6;0.9;False;Thigh to waist;0.59326;0.92697;2021-12-13 15:00:00+00:00
1639411200;-3;0.6;0.9;False;Thigh to waist;0.59326;0.92697;2021-12-13 16:00:00+00:00
1639414800;-3;0.6;0.9;False;Thigh to waist;0.59326;0.92697;2021-12-13 17:00:00+00:00
1639418400;-3;0.6;0.9;False;Thigh to waist;0.56657;0.88526;2021-12-13 18:00:00+00:00
1639422000;-3;0.6;0.9;False;Thigh to waist;0.56657;0.88526;2021-12-13 19:00:00+00:00
1639425600;-3;0.6;0.9;False;Thigh to waist;0.56657;0.88526;2021-12-13 20:00:00+00:00
1639429200;-3;0.6;0.9;False;Thigh to waist;0.53655;0.83836;2021-12-13 21:00:00+00:00
1639432800;-3;0.6;0.9;False;Thigh to waist;0.53655;0.83836;2021-12-13 22:00:00+00:00
1639436400;-3;0.6;0.9;False;Thigh to waist;0.53655;0.83836;2021-12-13 23:00:00+00:00
1639440000;-3;0.3;0.6;False;Knee to thigh;0.46045;0.71945;2021-12-14 00:00:00+00:00
1639443600;-3;0.3;0.6;False;Knee to thigh;0.46045;0.71945;2021-12-14 01:00:00+00:00
1639447200;-3;0.3;0.6;False;Knee to thigh;0.46045;0.71945;2021-12-14 02:00:00+00:00
1639450800;-3;0.3;0.6;False;Knee to thigh;0.4688;0.7325;2021-12-14 03:00:00+00:00
1639454400;-3;0.3;0.6;False;Knee to thigh;0.4688;0.7325;2021-12-14 04:00:00+00:00
1639458000;-3;0.3;0.6;False;Knee to thigh;0.4688;0.7325;2021-12-14 05:00:00+00:00
1639461600;-3;0.3;0.6;False;Knee to thigh;0.47582;0.74346;2021-12-14 06:00:00+00:00
1639465200;-3;0.3;0.6;False;Knee to thigh;0.47582;0.74346;2021-12-14 07:00:00+00:00
1639468800;-3;0.3;0.6;False;Knee to thigh;0.47582;0.74346;2021-12-14 08:00:00+00:00
1639472400;-3;0.3;0.6;False;Knee to thigh;0.48755;0.76179;2021-12-14 09:00:00+00:00
1639476000;-3;0.3;0.6;False;Knee to thigh;0.48755;0.76179;2021-12-14 10:00:00+00:00
1639479600;-3;0.3;0.6;False;Knee to thigh;0.48755;0.76179;2021-12-14 11:00:00+00:00
1639483200;-3;0.6;0.9;False;Thigh to waist;0.49762;0.77753;2021-12-14 12:00:00+00:00
1639486800;-3;0.6;0.9;False;Thigh to waist;0.49762;0.77753;2021-12-14 13:00:00+00:00
1639490400;-3;0.6;0.9;False;Thigh to waist;0.49762;0.77753;2021-12-14 14:00:00+00:00
1639494000;-3;0.6;0.9;False;Thigh to waist;0.50099;0.7828;2021-12-14 15:00:00+00:00
1639497600;-3;0.6;0.9;False;Thigh to waist;0.50099;0.7828;2021-12-14 16:00:00+00:00
1639501200;-3;0.6;0.9;False;Thigh to waist;0.50099;0.7828;2021-12-14 17:00:00+00:00
1639504800;-3;0.6;0.9;False;Thigh to waist;0.49256;0.76963;2021-12-14 18:00:00+00:00
1639508400;-3;0.6;0.9;False;Thigh to waist;0.49256;0.76963;2021-12-14 19:00:00+00:00
1639512000;-3;0.6;0.9;False;Thigh to waist;0.49256;0.76963;2021-12-14 20:00:00+00:00
1639515600;-3;0.3;0.6;False;Knee to thigh;0.48311;0.75486;2021-12-14 21:00:00+00:00
1639519200;-3;0.3;0.6;False;Knee to thigh;0.48311;0.75486;2021-12-14 22:00:00+00:00
1639522800;-3;0.3;0.6;False;Knee to thigh;0.48311;0.75486;2021-12-14 23:00:00+00:00
1639526400;-3;0.3;0.6;False;Knee to thigh;0.47436;0.74118;2021-12-15 00:00:00+00:00
1639530000;-3;0.3;0.6;False;Knee to thigh;0.47436;0.74118;2021-12-15 01:00:00+00:00
1639533600;-3;0.3;0.6;False;Knee to thigh;0.47436;0.74118;2021-12-15 02:00:00+00:00
1639537200;-3;0.6;0.9;False;Thigh to waist;0.52907;0.82666;2021-12-15 03:00:00+00:00
1639540800;-3;0.6;0.9;False;Thigh to waist;0.52907;0.82666;2021-12-15 04:00:00+00:00
1639544400;-3;0.6;0.9;False;Thigh to waist;0.52907;0.82666;2021-12-15 05:00:00+00:00
1639548000;-3;0.6;0.9;False;Thigh to waist;0.58307;0.91104;2021-12-15 06:00:00+00:00
1639551600;-3;0.6;0.9;False;Thigh to waist;0.58307;0.91104;2021-12-15 07:00:00+00:00
1639555200;-3;0.6;0.9;False;Thigh to waist;0.58307;0.91104;2021-12-15 08:00:00+00:00
1639558800;-3;0.3;0.6;False;Knee to thigh;0.43612;0.68143;2021-12-15 09:00:00+00:00
1639562400;-3;0.3;0.6;False;Knee to thigh;0.43612;0.68143;2021-12-15 10:00:00+00:00
1639566000;-3;0.3;0.6;False;Knee to thigh;0.43612;0.68143;2021-12-15 11:00:00+00:00
1639569600;-3;0.6;0.9;False;Thigh to waist;0.58372;0.91207;2021-12-15 12:00:00+00:00
1639573200;-3;0.6;0.9;False;Thigh to waist;0.58372;0.91207;2021-12-15 13:00:00+00:00
1639576800;-3;0.6;0.9;False;Thigh to waist;0.58372;0.91207;2021-12-15 14:00:00+00:00
1639580400;-3;0.6;0.9;False;Thigh to waist;0.63357;0.98995;2021-12-15 15:00:00+00:00
1639584000;-3;0.6;0.9;False;Thigh to waist;0.63357;0.98995;2021-12-15 16:00:00+00:00
1639587600;-3;0.6;0.9;False;Thigh to waist;0.63357;0.98995;2021-12-15 17:00:00+00:00
1639591200;-3;0.6;0.9;False;Thigh to waist;0.51038;0.79747;2021-12-15 18:00:00+00:00
1639594800;-3;0.6;0.9;False;Thigh to waist;0.51038;0.79747;2021-12-15 19:00:00+00:00
1639598400;-3;0.6;0.9;False;Thigh to waist;0.51038;0.79747;2021-12-15 20:00:00+00:00
1639602000;-3;0.6;1.1;False;Thigh to stomach;0.64661;1.01033;2021-12-15 21:00:00+00:00
1639605600;-3;0.6;1.1;False;Thigh to stomach;0.64661;1.01033;2021-12-15 22:00:00+00:00
1639609200;-3;0.6;1.1;False;Thigh to stomach;0.64661;1.01033;2021-12-15 23:00:00+00:00
1639612800;-3;0.6;0.9;False;Thigh to waist;0.62224;0.97225;2021-12-16 00:00:00+00:00
1639616400;-3;0.6;0.9;False;Thigh to waist;0.62224;0.97225;2021-12-16 01:00:00+00:00
1639620000;-3;0.6;0.9;False;Thigh to waist;0.62224;0.97225;2021-12-16 02:00:00+00:00
1639623600;-3;0.6;1.1;False;Thigh to stomach;0.65945;1.03039;2021-12-16 03:00:00+00:00
1639627200;-3;0.6;1.1;False;Thigh to stomach;0.65945;1.03039;2021-12-16 04:00:00+00:00
1639630800;-3;0.6;1.1;False;Thigh to stomach;0.65945;1.03039;2021-12-16 05:00:00+00:00
1639634400;-3;0.6;1.1;False;Thigh to stomach;0.67699;1.0578;2021-12-16 06:00:00+00:00
1639638000;-3;0.6;1.1;False;Thigh to stomach;0.67699;1.0578;2021-12-16 07:00:00+00:00
1639641600;-3;0.6;1.1;False;Thigh to stomach;0.67699;1.0578;2021-12-16 08:00:00+00:00
1639645200;-3;0.6;1.1;False;Thigh to stomach;0.68539;1.07092;2021-12-16 09:00:00+00:00
1639648800;-3;0.6;1.1;False;Thigh to stomach;0.68539;1.07092;2021-12-16 10:00:00+00:00
1639652400;-3;0.6;1.1;False;Thigh to stomach;0.68539;1.07092;2021-12-16 11:00:00+00:00
1639656000;-3;0.9;1.2;False;Waist to chest;0.75715;1.18304;2021-12-16 12:00:00+00:00
1639659600;-3;0.9;1.2;False;Waist to chest;0.75715;1.18304;2021-12-16 13:00:00+00:00
1639663200;-3;0.9;1.2;False;Waist to chest;0.75715;1.18304;2021-12-16 14:00:00+00:00
1639666800;-3;0.9;1.2;False;Waist to chest;0.75663;1.18223;2021-12-16 15:00:00+00:00
1639670400;-3;0.9;1.2;False;Waist to chest;0.75663;1.18223;2021-12-16 16:00:00+00:00
1639674000;-3;0.9;1.2;False;Waist to chest;0.75663;1.18223;2021-12-16 17:00:00+00:00
1639677600;-3;0.6;1.1;False;Thigh to stomach;0.7273;1.13641;2021-12-16 18:00:00+00:00
1639681200;-3;0.6;1.1;False;Thigh to stomach;0.7273;1.13641;2021-12-16 19:00:00+00:00
1639684800;-3;0.6;1.1;False;Thigh to stomach;0.7273;1.13641;2021-12-16 20:00:00+00:00
1639688400;-3;0.9;1.2;False;Waist to chest;0.76177;1.19026;2021-12-16 21:00:00+00:00
1639692000;-3;0.9;1.2;False;Waist to chest;0.76177;1.19026;2021-12-16 22:00:00+00:00
1639695600;-3;0.9;1.2;False;Waist to chest;0.76177;1.19026;2021-12-16 23:00:00+00:00
1639699200;-3;0.9;1.2;False;Waist to chest;0.76913;1.20177;2021-12-17 00:00:00+00:00
1639702800;-3;0.9;1.2;False;Waist to chest;0.76913;1.20177;2021-12-17 01:00:00+00:00
1639706400;-3;0.9;1.2;False;Waist to chest;0.76913;1.20177;2021-12-17 02:00:00+00:00
