timestamp;utcOffset;speed;direction;directionType;gust;optimalScore;datetime_utc
1663383600;-3;20.59917;118.02692;Onshore;21.318;0;2022-09-17 03:00:00+00:00
1663387200;-3;20.59917;118.02692;Onshore;21.318;0;2022-09-17 04:00:00+00:00
1663390800;-3;20.59917;118.02692;Onshore;21.318;0;2022-09-17 05:00:00+00:00
1663394400;-3;14.05576;122.89006;Onshore;15.92468;0;2022-09-17 06:00:00+00:00
1663398000;-3;14.05576;122.89006;Onshore;15.92468;0;2022-09-17 07:00:00+00:00
1663401600;-3;14.05576;122.89006;Onshore;15.92468;0;2022-09-17 08:00:00+00:00
1663405200;-3;22.49372;113.67565;Onshore;23.04;0;2022-09-17 09:00:00+00:00
1663408800;-3;22.49372;113.67565;Onshore;23.04;0;2022-09-17 10:00:00+00:00
1663412400;-3;22.49372;113.67565;Onshore;23.04;0;2022-09-17 11:00:00+00:00
1663416000;-3;20.58915;90.71496;Onshore;20.90702;0;2022-09-17 12:00:00+00:00
1663419600;-3;20.58915;90.71496;Onshore;20.90702;0;2022-09-17 13:00:00+00:00
1663423200;-3;20.58915;90.71496;Onshore;20.90702;0;2022-09-17 14:00:00+00:00
1663426800;-3;14.16224;87.67086;Onshore;14.4;0;2022-09-17 15:00:00+00:00
1663430400;-3;14.16224;87.67086;Onshore;14.4;0;2022-09-17 16:00:00+00:00
1663434000;-3;14.16224;87.67086;Onshore;14.4;0;2022-09-17 17:00:00+00:00
1663437600;-3;16.49686;100.09051;Onshore;16.49686;0;2022-09-17 18:00:00+00:00
1663441200;-3;16.49686;100.09051;Onshore;16.49686;0;2022-09-17 19:00:00+00:00
1663444800;-3;16.49686;100.09051;Onshore;16.49686;0;2022-09-17 20:00:00+00:00
1663448400;-3;19.86207;109.79835;Onshore;20.60323;0;2022-09-17 21:00:00+00:00
1663452000;-3;19.86207;109.79835;Onshore;20.60323;0;2022-09-17 22:00:00+00:00
1663455600;-3;19.86207;109.79835;Onshore;20.60323;0;2022-09-17 23:00:00+00:00
1663459200;-3;20.86422;94.80517;Onshore;22.7161;0;2022-09-18 00:00:00+00:00
1663462800;-3;20.86422;94.80517;Onshore;22.7161;0;2022-09-18 01:00:00+00:00
1663466400;-3;20.86422;94.80517;Onshore;22.7161;0;2022-09-18 02:00:00+00:00
1663470000;-3;21.67467;75.81228;Onshore;22.7203;0;2022-09-18 03:00:00+00:00
1663473600;-3;21.67467;75.81228;Onshore;22.7203;0;2022-09-18 04:00:00+00:00
1663477200;-3;21.67467;75.81228;Onshore;22.7203;0;2022-09-18 05:00:00+00:00
1663480800;-3;26.8421;68.46988;Cross-shore;26.8421;0;2022-09-18 06:00:00+00:00
1663484400;-3;26.8421;68.46988;Cross-shore;26.8421;0;2022-09-18 07:00:00+00:00
1663488000;-3;26.8421;68.46988;Cross-shore;26.8421;0;2022-09-18 08:00:00+00:00
1663491600;-3;25.41183;63.74991;Cross-shore;25.41183;0;2022-09-18 09:00:00+00:00
1663495200;-3;25.41183;63.74991;Cross-shore;25.41183;0;2022-09-18 10:00:00+00:00
1663498800;-3;25.41183;63.74991;Cross-shore;25.41183;0;2022-09-18 11:00:00+00:00
1663502400;-3;24.51763;49.78856;Cross-shore;25.30441;0;2022-09-18 12:00:00+00:00
1663506000;-3;24.51763;49.78856;Cross-shore;25.30441;0;2022-09-18 13:00:00+00:00
1663509600;-3;24.51763;49.78856;Cross-shore;25.30441;0;2022-09-18 14:00:00+00:00
1663513200;-3;26.22663;34.66548;Cross-shore;28.54025;0;2022-09-18 15:00:00+00:00
1663516800;-3;26.22663;34.66548;Cross-shore;28.54025;0;2022-09-18 16:00:00+00:00
1663520400;-3;26.22663;34.66548;Cross-shore;28.54025;0;2022-09-18 17:00:00+00:00
1663524000;-3;24.07182;31.33137;Cross-shore;27.79813;0;2022-09-18 18:00:00+00:00
1663527600;-3;24.07182;31.33137;Cross-shore;27.79813;0;2022-09-18 19:00:00+00:00
1663531200;-3;24.07182;31.33137;Cross-shore;27.79813;0;2022-09-18 20:00:00+00:00
1663534800;-3;26.3462;41.8932;Cross-shore;31.32586;0;2022-09-18 21:00:00+00:00
1663538400;-3;26.3462;41.8932;Cross-shore;31.32586;0;2022-09-18 22:00:00+00:00
1663542000;-3;26.3462;41.8932;Cross-shore;31.32586;0;2022-09-18 23:00:00+00:00
1663545600;-3;27.42788;34.19518;Cross-shore;31.3201;0;2022-09-19 00:00:00+00:00
1663549200;-3;27.42788;34.19518;Cross-shore;31.3201;0;2022-09-19 01:00:00+00:00
1663552800;-3;27.42788;34.19518;Cross-shore;31.3201;0;2022-09-19 02:00:00+00:00
1663556400;-3;29.81401;21.19421;Cross-shore;35.67856;0;2022-09-19 03:00:00+00:00
1663560000;-3;29.81401;21.19421;Cross-shore;35.67856;0;2022-09-19 04:00:00+00:00
1663563600;-3;29.81401;21.19421;Cross-shore;35.67856;0;2022-09-19 05:00:00+00:00
1663567200;-3;30.22625;10.41204;Offshore;35.74624;0;2022-09-19 06:00:00+00:00
1663570800;-3;30.22625;10.41204;Offshore;35.74624;0;2022-09-19 07:00:00+00:00
1663574400;-3;30.22625;10.41204;Offshore;35.74624;0;2022-09-19 08:00:00+00:00
1663578000;-3;26.46012;3.25616;Offshore;31.33896;0;2022-09-19 09:00:00+00:00
1663581600;-3;26.46012;3.25616;Offshore;31.33896;0;2022-09-19 10:00:00+00:00
1663585200;-3;26.46012;3.25616;Offshore;31.33896;0;2022-09-19 11:00:00+00:00
1663588800;-3;25.8939;358.0935;Offshore;35.68528;0;2022-09-19 12:00:00+00:00
1663592400;-3;25.8939;358.0935;Offshore;35.68528;0;2022-09-19 13:00:00+00:00
1663596000;-3;25.8939;358.0935;Offshore;35.68528;0;2022-09-19 14:00:00+00:00
1663599600;-3;27.56423;358.34451;Offshore;39.24183;0;2022-09-19 15:00:00+00:00
1663603200;-3;27.56423;358.34451;Offshore;39.24183;0;2022-09-19 16:00:00+00:00
1663606800;-3;27.56423;358.34451;Offshore;39.24183;0;2022-09-19 17:00:00+00:00
1663610400;-3;29.85763;353.60134;Offshore;40.36689;0;2022-09-19 18:00:00+00:00
1663614000;-3;29.85763;353.60134;Offshore;40.36689;0;2022-09-19 19:00:00+00:00
1663617600;-3;29.85763;353.60134;Offshore;40.36689;0;2022-09-19 20:00:00+00:00
1663621200;-3;26.50136;12.99643;Offshore;33.21758;0;2022-09-19 21:00:00+00:00
1663624800;-3;26.50136;12.99643;Offshore;33.21758;0;2022-09-19 22:00:00+00:00
1663628400;-3;26.50136;12.99643;Offshore;33.21758;0;2022-09-19 23:00:00+00:00
1663632000;-3;38.05743;14.1828;Offshore;45.78176;0;2022-09-20 00:00:00+00:00
1663635600;-3;38.05743;14.1828;Offshore;45.78176;0;2022-09-20 01:00:00+00:00
1663639200;-3;38.05743;14.1828;Offshore;45.78176;0;2022-09-20 02:00:00+00:00
1663642800;-3;36.74907;359.2277;Offshore;42.86957;0;2022-09-20 03:00:00+00:00
1663646400;-3;36.74907;359.2277;Offshore;42.86957;0;2022-09-20 04:00:00+00:00
1663650000;-3;36.74907;359.2277;Offshore;42.86957;0;2022-09-20 05:00:00+00:00
1663653600;-3;36.9641;340.29038;Offshore;46.08277;0;2022-09-20 06:00:00+00:00
1663657200;-3;36.9641;340.29038;Offshore;46.08277;0;2022-09-20 07:00:00+00:00
1663660800;-3;36.9641;340.29038;Offshore;46.08277;0;2022-09-20 08:00:00+00:00
1663664400;-3;25.60912;314.29235;Offshore;33.49853;0;2022-09-20 09:00:00+00:00
1663668000;-3;25.60912;314.29235;Offshore;33.49853;0;2022-09-20 10:00:00+00:00
1663671600;-3;25.60912;314.29235;Offshore;33.49853;0;2022-09-20 11:00:00+00:00
1663675200;-3;18.66642;290.49013;Offshore;22.34131;0;2022-09-20 12:00:00+00:00
1663678800;-3;18.66642;290.49013;Offshore;22.34131;0;2022-09-20 13:00:00+00:00
1663682400;-3;18.66642;290.49013;Offshore;22.34131;0;2022-09-20 14:00:00+00:00
1663686000;-3;29.69407;205.30118;Cross-shore;35.6405;0;2022-09-20 15:00:00+00:00
1663689600;-3;29.69407;205.30118;Cross-shore;35.6405;0;2022-09-20 16:00:00+00:00
1663693200;-3;29.69407;205.30118;Cross-shore;35.6405;0;2022-09-20 17:00:00+00:00
1663696800;-3;38.04301;189.03826;Onshore;46.44091;0;2022-09-20 18:00:00+00:00
1663700400;-3;38.04301;189.03826;Onshore;46.44091;0;2022-09-20 19:00:00+00:00
1663704000;-3;38.04301;189.03826;Onshore;46.44091;0;2022-09-20 20:00:00+00:00
1663707600;-3;35.16179;185.83508;Onshore;50.40091;0;2022-09-20 21:00:00+00:00
1663711200;-3;35.16179;185.83508;Onshore;50.40091;0;2022-09-20 22:00:00+00:00
1663714800;-3;35.16179;185.83508;Onshore;50.40091;0;2022-09-20 23:00:00+00:00
1663718400;-3;35.87232;198.74891;Onshore;50.06394;0;2022-09-21 00:00:00+00:00
1663722000;-3;35.87232;198.74891;Onshore;50.06394;0;2022-09-21 01:00:00+00:00
1663725600;-3;35.87232;198.74891;Onshore;50.06394;0;2022-09-21 02:00:00+00:00
1663729200;-3;32.66289;210.2889;Cross-shore;39.99349;0;2022-09-21 03:00:00+00:00
1663732800;-3;32.66289;210.2889;Cross-shore;39.99349;0;2022-09-21 04:00:00+00:00
1663736400;-3;32.66289;210.2889;Cross-shore;39.99349;0;2022-09-21 05:00:00+00:00
1663740000;-3;27.64658;204.2423;Cross-shore;31.03201;0;2022-09-21 06:00:00+00:00
1663743600;-3;27.64658;204.2423;Cross-shore;31.03201;0;2022-09-21 07:00:00+00:00
1663747200;-3;27.64658;204.2423;Cross-shore;31.03201;0;2022-09-21 08:00:00+00:00
1663750800;-3;23.22578;218.48149;Cross-shore;23.22578;2;2022-09-21 09:00:00+00:00
1663754400;-3;23.22578;218.48149;Cross-shore;23.22578;2;2022-09-21 10:00:00+00:00
1663758000;-3;23.22578;218.48149;Cross-shore;23.22578;2;2022-09-21 11:00:00+00:00
1663761600;-3;19.83635;202.69991;Cross-shore;19.83635;0;2022-09-21 12:00:00+00:00
1663765200;-3;19.83635;202.69991;Cross-shore;19.83635;0;2022-09-21 13:00:00+00:00
1663768800;-3;19.83635;202.69991;Cross-shore;19.83635;0;2022-09-21 14:00:00+00:00
1663772400;-3;12.9207;185.61553;Onshore;12.9207;0;2022-09-21 15:00:00+00:00
1663776000;-3;12.9207;185.61553;Onshore;12.9207;0;2022-09-21 16:00:00+00:00
1663779600;-3;12.9207;185.61553;Onshore;12.9207;0;2022-09-21 17:00:00+00:00
1663783200;-3;5.75589;119.73644;Onshore;6.53909;2;2022-09-21 18:00:00+00:00
1663786800;-3;5.75589;119.73644;Onshore;6.53909;2;2022-09-21 19:00:00+00:00
1663790400;-3;5.75589;119.73644;Onshore;6.53909;2;2022-09-21 20:00:00+00:00
1663794000;-3;13.37046;69.6946;Cross-shore;15.17119;0;2022-09-21 21:00:00+00:00
1663797600;-3;13.37046;69.6946;Cross-shore;15.17119;0;2022-09-21 22:00:00+00:00
1663801200;-3;13.37046;69.6946;Cross-shore;15.17119;0;2022-09-21 23:00:00+00:00
1663804800;-3;10.46427;64.42955;Cross-shore;11.92904;0;2022-09-22 00:00:00+00:00
1663808400;-3;10.46427;64.42955;Cross-shore;11.92904;0;2022-09-22 01:00:00+00:00
1663812000;-3;10.46427;64.42955;Cross-shore;11.92904;0;2022-09-22 02:00:00+00:00
1663815600;-3;19.97221;48.82609;Cross-shore;22.3276;0;2022-09-22 03:00:00+00:00
1663819200;-3;19.97221;48.82609;Cross-shore;22.3276;0;2022-09-22 04:00:00+00:00
1663822800;-3;19.97221;48.82609;Cross-shore;22.3276;0;2022-09-22 05:00:00+00:00
1663826400;-3;19.41464;10.08888;Offshore;20.52132;0;2022-09-22 06:00:00+00:00
1663830000;-3;19.41464;10.08888;Offshore;20.52132;0;2022-09-22 07:00:00+00:00
1663833600;-3;19.41464;10.08888;Offshore;20.52132;0;2022-09-22 08:00:00+00:00
1663837200;-3;24.56059;355.4834;Offshore;28.49236;0;2022-09-22 09:00:00+00:00
1663840800;-3;24.56059;355.4834;Offshore;28.49236;0;2022-09-22 10:00:00+00:00
1663844400;-3;24.56059;355.4834;Offshore;28.49236;0;2022-09-22 11:00:00+00:00
1663848000;-3;29.51421;347.10367;Offshore;34.92;0;2022-09-22 12:00:00+00:00
1663851600;-3;29.51421;347.10367;Offshore;34.92;0;2022-09-22 13:00:00+00:00
1663855200;-3;29.51421;347.10367;Offshore;34.92;0;2022-09-22 14:00:00+00:00
1663858800;-3;28.81813;356.73591;Offshore;32.40123;0;2022-09-22 15:00:00+00:00
1663862400;-3;28.81813;356.73591;Offshore;32.40123;0;2022-09-22 16:00:00+00:00
1663866000;-3;28.81813;356.73591;Offshore;32.40123;0;2022-09-22 17:00:00+00:00
1663869600;-3;34.78946;11.92773;Offshore;43.60825;0;2022-09-22 18:00:00+00:00
1663873200;-3;34.78946;11.92773;Offshore;43.60825;0;2022-09-22 19:00:00+00:00
1663876800;-3;34.78946;11.92773;Offshore;43.60825;0;2022-09-22 20:00:00+00:00
1663880400;-3;21.41049;184.12135;Onshore;23.82126;0;2022-09-22 21:00:00+00:00
1663884000;-3;21.41049;184.12135;Onshore;23.82126;0;2022-09-22 22:00:00+00:00
1663887600;-3;21.41049;184.12135;Onshore;23.82126;0;2022-09-22 23:00:00+00:00
1663891200;-3;39.46229;220.32449;Cross-shore;48.26974;2;2022-09-23 00:00:00+00:00
1663894800;-3;39.46229;220.32449;Cross-shore;48.26974;2;2022-09-23 01:00:00+00:00
1663898400;-3;39.46229;220.32449;Cross-shore;48.26974;2;2022-09-23 02:00:00+00:00
1663902000;-3;55.17497;219.8339;Cross-shore;55.17497;2;2022-09-23 03:00:00+00:00
1663905600;-3;55.17497;219.8339;Cross-shore;55.17497;2;2022-09-23 04:00:00+00:00
1663909200;-3;55.17497;219.8339;Cross-shore;55.17497;2;2022-09-23 05:00:00+00:00
1663912800;-3;46.4071;225.11354;Cross-shore;46.85546;2;2022-09-23 06:00:00+00:00
1663916400;-3;46.4071;225.11354;Cross-shore;46.85546;2;2022-09-23 07:00:00+00:00
1663920000;-3;46.4071;225.11354;Cross-shore;46.85546;2;2022-09-23 08:00:00+00:00
1663923600;-3;38.9394;245.69878;Cross-shore;54.00079;2;2022-09-23 09:00:00+00:00
1663927200;-3;38.9394;245.69878;Cross-shore;54.00079;2;2022-09-23 10:00:00+00:00
1663930800;-3;38.9394;245.69878;Cross-shore;54.00079;2;2022-09-23 11:00:00+00:00
1663934400;-3;46.34618;231.67641;Cross-shore;55.82386;2;2022-09-23 12:00:00+00:00
1663938000;-3;46.34618;231.67641;Cross-shore;55.82386;2;2022-09-23 13:00:00+00:00
1663941600;-3;46.34618;231.67641;Cross-shore;55.82386;2;2022-09-23 14:00:00+00:00
1663945200;-3;46.22118;221.78262;Cross-shore;59.1081;2;2022-09-23 15:00:00+00:00
1663948800;-3;46.22118;221.78262;Cross-shore;59.1081;2;2022-09-23 16:00:00+00:00
1663952400;-3;46.22118;221.78262;Cross-shore;59.1081;2;2022-09-23 17:00:00+00:00
1663956000;-3;51.89465;203.83379;Cross-shore;58.39083;0;2022-09-23 18:00:00+00:00
1663959600;-3;51.89465;203.83379;Cross-shore;58.39083;0;2022-09-23 19:00:00+00:00
1663963200;-3;51.89465;203.83379;Cross-shore;58.39083;0;2022-09-23 20:00:00+00:00
1663966800;-3;56.34452;201.80707;Cross-shore;61.56412;0;2022-09-23 21:00:00+00:00
1663970400;-3;56.34452;201.80707;Cross-shore;61.56412;0;2022-09-23 22:00:00+00:00
1663974000;-3;56.34452;201.80707;Cross-shore;61.56412;0;2022-09-23 23:00:00+00:00
1663977600;-3;54.25992;202.07578;Cross-shore;58.71932;0;2022-09-24 00:00:00+00:00
1663981200;-3;54.25992;202.07578;Cross-shore;58.71932;0;2022-09-24 01:00:00+00:00
1663984800;-3;54.25992;202.07578;Cross-shore;58.71932;0;2022-09-24 02:00:00+00:00
1663988400;-3;48.7217;215.46404;Cross-shore;51.62058;2;2022-09-24 03:00:00+00:00
1663992000;-3;48.7217;215.46404;Cross-shore;51.62058;2;2022-09-24 04:00:00+00:00
1663995600;-3;48.7217;215.46404;Cross-shore;51.62058;2;2022-09-24 05:00:00+00:00
1663999200;-3;42.04374;220.28335;Cross-shore;43.92;2;2022-09-24 06:00:00+00:00
1664002800;-3;42.04374;220.28335;Cross-shore;43.92;2;2022-09-24 07:00:00+00:00
1664006400;-3;42.04374;220.28335;Cross-shore;43.92;2;2022-09-24 08:00:00+00:00
1664010000;-3;38.68363;219.60248;Cross-shore;39.614;2;2022-09-24 09:00:00+00:00
1664013600;-3;38.68363;219.60248;Cross-shore;39.614;2;2022-09-24 10:00:00+00:00
1664017200;-3;38.68363;219.60248;Cross-shore;39.614;2;2022-09-24 11:00:00+00:00
1664020800;-3;30.87469;230.24142;Cross-shore;30.87469;2;2022-09-24 12:00:00+00:00
1664024400;-3;30.87469;230.24142;Cross-shore;30.87469;2;2022-09-24 13:00:00+00:00
1664028000;-3;30.87469;230.24142;Cross-shore;30.87469;2;2022-09-24 14:00:00+00:00
1664031600;-3;22.97326;210.30067;Cross-shore;22.97326;0;2022-09-24 15:00:00+00:00
1664035200;-3;22.97326;210.30067;Cross-shore;22.97326;0;2022-09-24 16:00:00+00:00
1664038800;-3;22.97326;210.30067;Cross-shore;22.97326;0;2022-09-24 17:00:00+00:00
1664042400;-3;20.08067;185.21613;Onshore;20.08067;0;2022-09-24 18:00:00+00:00
1664046000;-3;20.08067;185.21613;Onshore;20.08067;0;2022-09-24 19:00:00+00:00
1664049600;-3;20.08067;185.21613;Onshore;20.08067;0;2022-09-24 20:00:00+00:00
1664053200;-3;15.83446;171.44645;Onshore;16.31868;0;2022-09-24 21:00:00+00:00
1664056800;-3;15.83446;171.44645;Onshore;16.31868;0;2022-09-24 22:00:00+00:00
1664060400;-3;15.83446;171.44645;Onshore;16.31868;0;2022-09-24 23:00:00+00:00
1664064000;-3;9.07539;142.48836;Onshore;9.8042;0;2022-09-25 00:00:00+00:00
1664067600;-3;9.07539;142.48836;Onshore;9.8042;0;2022-09-25 01:00:00+00:00
1664071200;-3;9.07539;142.48836;Onshore;9.8042;0;2022-09-25 02:00:00+00:00
1664074800;-3;5.87432;353.00505;Offshore;6.12123;2;2022-09-25 03:00:00+00:00
1664078400;-3;5.87432;353.00505;Offshore;6.12123;2;2022-09-25 04:00:00+00:00
1664082000;-3;5.87432;353.00505;Offshore;6.12123;2;2022-09-25 05:00:00+00:00
1664085600;-3;10.93921;311.27725;Offshore;10.93921;0;2022-09-25 06:00:00+00:00
1664089200;-3;10.93921;311.27725;Offshore;10.93921;0;2022-09-25 07:00:00+00:00
1664092800;-3;10.93921;311.27725;Offshore;10.93921;0;2022-09-25 08:00:00+00:00
1664096400;-3;14.64684;341.14962;Offshore;17.30338;0;2022-09-25 09:00:00+00:00
1664100000;-3;14.64684;341.14962;Offshore;17.30338;0;2022-09-25 10:00:00+00:00
1664103600;-3;14.64684;341.14962;Offshore;17.30338;0;2022-09-25 11:00:00+00:00
1664107200;-3;16.42202;354.07126;Offshore;21.24797;0;2022-09-25 12:00:00+00:00
1664110800;-3;16.42202;354.07126;Offshore;21.24797;0;2022-09-25 13:00:00+00:00
1664114400;-3;16.42202;354.07126;Offshore;21.24797;0;2022-09-25 14:00:00+00:00
1664118000;-3;21.50771;15.9471;Offshore;27.03383;0;2022-09-25 15:00:00+00:00
1664121600;-3;21.50771;15.9471;Offshore;27.03383;0;2022-09-25 16:00:00+00:00
1664125200;-3;21.50771;15.9471;Offshore;27.03383;0;2022-09-25 17:00:00+00:00
1664128800;-3;24.99119;3.90944;Offshore;31.35208;0;2022-09-25 18:00:00+00:00
1664132400;-3;24.99119;3.90944;Offshore;31.35208;0;2022-09-25 19:00:00+00:00
1664136000;-3;24.99119;3.90944;Offshore;31.35208;0;2022-09-25 20:00:00+00:00
1664139600;-3;24.58671;329.03697;Offshore;25.6179;0;2022-09-25 21:00:00+00:00
1664143200;-3;24.58671;329.03697;Offshore;25.6179;0;2022-09-25 22:00:00+00:00
1664146800;-3;24.58671;329.03697;Offshore;25.6179;0;2022-09-25 23:00:00+00:00
1664150400;-3;30.25054;349.31602;Offshore;36.39358;0;2022-09-26 00:00:00+00:00
1664154000;-3;30.25054;349.31602;Offshore;36.39358;0;2022-09-26 01:00:00+00:00
1664157600;-3;30.25054;349.31602;Offshore;36.39358;0;2022-09-26 02:00:00+00:00
1664161200;-3;37.16095;356.14774;Offshore;48.96802;0;2022-09-26 03:00:00+00:00
1664164800;-3;37.16095;356.14774;Offshore;48.96802;0;2022-09-26 04:00:00+00:00
1664168400;-3;37.16095;356.14774;Offshore;48.96802;0;2022-09-26 05:00:00+00:00
1664172000;-3;36.54848;331.85642;Offshore;47.88123;0;2022-09-26 06:00:00+00:00
1664175600;-3;36.54848;331.85642;Offshore;47.88123;0;2022-09-26 07:00:00+00:00
1664179200;-3;36.54848;331.85642;Offshore;47.88123;0;2022-09-26 08:00:00+00:00
1664182800;-3;34.50723;337.62588;Offshore;47.57499;0;2022-09-26 09:00:00+00:00
1664186400;-3;34.50723;337.62588;Offshore;47.57499;0;2022-09-26 10:00:00+00:00
1664190000;-3;34.50723;337.62588;Offshore;47.57499;0;2022-09-26 11:00:00+00:00
1664193600;-3;34.74659;347.71823;Offshore;49.74458;0;2022-09-26 12:00:00+00:00
1664197200;-3;34.74659;347.71823;Offshore;49.74458;0;2022-09-26 13:00:00+00:00
1664200800;-3;34.74659;347.71823;Offshore;49.74458;0;2022-09-26 14:00:00+00:00
1664204400;-3;37.55307;352.66134;Offshore;53.06681;0;2022-09-26 15:00:00+00:00
1664208000;-3;37.55307;352.66134;Offshore;53.06681;0;2022-09-26 16:00:00+00:00
1664211600;-3;37.55307;352.66134;Offshore;53.06681;0;2022-09-26 17:00:00+00:00
1664215200;-3;37.09588;0.70814;Offshore;47.92901;0;2022-09-26 18:00:00+00:00
1664218800;-3;37.09588;0.70814;Offshore;47.92901;0;2022-09-26 19:00:00+00:00
1664222400;-3;37.09588;0.70814;Offshore;47.92901;0;2022-09-26 20:00:00+00:00
1664226000;-3;34.03669;8.35829;Offshore;40.77398;0;2022-09-26 21:00:00+00:00
1664229600;-3;34.03669;8.35829;Offshore;40.77398;0;2022-09-26 22:00:00+00:00
1664233200;-3;34.03669;8.35829;Offshore;40.77398;0;2022-09-26 23:00:00+00:00
1664236800;-3;26.9223;356.21859;Offshore;36.74416;0;2022-09-27 00:00:00+00:00
1664240400;-3;26.9223;356.21859;Offshore;36.74416;0;2022-09-27 01:00:00+00:00
1664244000;-3;26.9223;356.21859;Offshore;36.74416;0;2022-09-27 02:00:00+00:00
1664247600;-3;20.40961;348.89271;Offshore;27.09403;0;2022-09-27 03:00:00+00:00
1664251200;-3;20.40961;348.89271;Offshore;27.09403;0;2022-09-27 04:00:00+00:00
1664254800;-3;20.40961;348.89271;Offshore;27.09403;0;2022-09-27 05:00:00+00:00
1664258400;-3;7.71655;307.31651;Offshore;8.68974;2;2022-09-27 06:00:00+00:00
1664262000;-3;7.71655;307.31651;Offshore;8.68974;2;2022-09-27 07:00:00+00:00
1664265600;-3;7.71655;307.31651;Offshore;8.68974;2;2022-09-27 08:00:00+00:00
1664269200;-3;11.30415;195.1697;Onshore;12.25758;0;2022-09-27 09:00:00+00:00
1664272800;-3;11.30415;195.1697;Onshore;12.25758;0;2022-09-27 10:00:00+00:00
1664276400;-3;11.30415;195.1697;Onshore;12.25758;0;2022-09-27 11:00:00+00:00
1664280000;-3;17.26206;183.32536;Onshore;20.90837;0;2022-09-27 12:00:00+00:00
1664283600;-3;17.26206;183.32536;Onshore;20.90837;0;2022-09-27 13:00:00+00:00
1664287200;-3;17.26206;183.32536;Onshore;20.90837;0;2022-09-27 14:00:00+00:00
1664290800;-3;18.05886;185.4254;Onshore;22.39247;0;2022-09-27 15:00:00+00:00
1664294400;-3;18.05886;185.4254;Onshore;22.39247;0;2022-09-27 16:00:00+00:00
1664298000;-3;18.05886;185.4254;Onshore;22.39247;0;2022-09-27 17:00:00+00:00
1664301600;-3;20.48601;172.7586;Onshore;24.51876;0;2022-09-27 18:00:00+00:00
1664305200;-3;20.48601;172.7586;Onshore;24.51876;0;2022-09-27 19:00:00+00:00
1664308800;-3;20.48601;172.7586;Onshore;24.51876;0;2022-09-27 20:00:00+00:00
1664312400;-3;17.35696;165.45221;Onshore;23.04117;0;2022-09-27 21:00:00+00:00
1664316000;-3;17.35696;165.45221;Onshore;23.04117;0;2022-09-27 22:00:00+00:00
1664319600;-3;17.35696;165.45221;Onshore;23.04117;0;2022-09-27 23:00:00+00:00
1664323200;-3;20.09019;196.07828;Onshore;27.01431;0;2022-09-28 00:00:00+00:00
1664326800;-3;20.09019;196.07828;Onshore;27.01431;0;2022-09-28 01:00:00+00:00
1664330400;-3;20.09019;196.07828;Onshore;27.01431;0;2022-09-28 02:00:00+00:00
1664334000;-3;34.46433;207.56747;Cross-shore;38.2112;0;2022-09-28 03:00:00+00:00
1664337600;-3;34.46433;207.56747;Cross-shore;38.2112;0;2022-09-28 04:00:00+00:00
1664341200;-3;34.46433;207.56747;Cross-shore;38.2112;0;2022-09-28 05:00:00+00:00
1664344800;-3;35.85121;197.11523;Onshore;38.18435;0;2022-09-28 06:00:00+00:00
1664348400;-3;35.85121;197.11523;Onshore;38.18435;0;2022-09-28 07:00:00+00:00
1664352000;-3;35.85121;197.11523;Onshore;38.18435;0;2022-09-28 08:00:00+00:00
1664355600;-3;32.76049;198.4394;Onshore;33.86843;0;2022-09-28 09:00:00+00:00
1664359200;-3;32.76049;198.4394;Onshore;33.86843;0;2022-09-28 10:00:00+00:00
1664362800;-3;32.76049;198.4394;Onshore;33.86843;0;2022-09-28 11:00:00+00:00
1664366400;-3;32.35152;193.92436;Onshore;35.4036;0;2022-09-28 12:00:00+00:00
1664370000;-3;32.35152;193.92436;Onshore;35.4036;0;2022-09-28 13:00:00+00:00
1664373600;-3;32.35152;193.92436;Onshore;35.4036;0;2022-09-28 14:00:00+00:00
1664377200;-3;31.72981;167.90623;Onshore;32.11553;0;2022-09-28 15:00:00+00:00
1664380800;-3;31.72981;167.90623;Onshore;32.11553;0;2022-09-28 16:00:00+00:00
1664384400;-3;31.72981;167.90623;Onshore;32.11553;0;2022-09-28 17:00:00+00:00
1664388000;-3;31.97724;162.74235;Onshore;33.87189;0;2022-09-28 18:00:00+00:00
1664391600;-3;31.97724;162.74235;Onshore;33.87189;0;2022-09-28 19:00:00+00:00
1664395200;-3;31.97724;162.74235;Onshore;33.87189;0;2022-09-28 20:00:00+00:00
1664398800;-3;31.18362;160.6773;Onshore;32.5013;0;2022-09-28 21:00:00+00:00
1664402400;-3;31.18362;160.6773;Onshore;32.5013;0;2022-09-28 22:00:00+00:00
1664406000;-3;31.18362;160.6773;Onshore;32.5013;0;2022-09-28 23:00:00+00:00
1664409600;-3;30.32393;156.30375;Onshore;30.32393;0;2022-09-29 00:00:00+00:00
1664413200;-3;30.32393;156.30375;Onshore;30.32393;0;2022-09-29 01:00:00+00:00
1664416800;-3;30.32393;156.30375;Onshore;30.32393;0;2022-09-29 02:00:00+00:00
1664420400;-3;28.01459;153.32195;Onshore;28.01459;0;2022-09-29 03:00:00+00:00
1664424000;-3;28.01459;153.32195;Onshore;28.01459;0;2022-09-29 04:00:00+00:00
1664427600;-3;28.01459;153.32195;Onshore;28.01459;0;2022-09-29 05:00:00+00:00
1664431200;-3;22.96045;149.72215;Onshore;22.96045;0;2022-09-29 06:00:00+00:00
1664434800;-3;22.96045;149.72215;Onshore;22.96045;0;2022-09-29 07:00:00+00:00
1664438400;-3;22.96045;149.72215;Onshore;22.96045;0;2022-09-29 08:00:00+00:00
1664442000;-3;18.50633;135.85984;Onshore;18.50633;0;2022-09-29 09:00:00+00:00
1664445600;-3;18.50633;135.85984;Onshore;18.50633;0;2022-09-29 10:00:00+00:00
1664449200;-3;18.50633;135.85984;Onshore;18.50633;0;2022-09-29 11:00:00+00:00
1664452800;-3;23.68238;135.94591;Onshore;23.68238;0;2022-09-29 12:00:00+00:00
1664456400;-3;23.68238;135.94591;Onshore;23.68238;0;2022-09-29 13:00:00+00:00
1664460000;-3;23.68238;135.94591;Onshore;23.68238;0;2022-09-29 14:00:00+00:00
1664463600;-3;19.27969;128.89356;Onshore;19.27969;0;2022-09-29 15:00:00+00:00
1664467200;-3;19.27969;128.89356;Onshore;19.27969;0;2022-09-29 16:00:00+00:00
1664470800;-3;19.27969;128.89356;Onshore;19.27969;0;2022-09-29 17:00:00+00:00
1664474400;-3;17.00324;125.85568;Onshore;17.00324;0;2022-09-29 18:00:00+00:00
1664478000;-3;17.00324;125.85568;Onshore;17.00324;0;2022-09-29 19:00:00+00:00
1664481600;-3;17.00324;125.85568;Onshore;17.00324;0;2022-09-29 20:00:00+00:00
1664485200;-3;18.59445;125.82989;Onshore;18.59445;0;2022-09-29 21:00:00+00:00
1664488800;-3;18.59445;125.82989;Onshore;18.59445;0;2022-09-29 22:00:00+00:00
1664492400;-3;18.59445;125.82989;Onshore;18.59445;0;2022-09-29 23:00:00+00:00
1664496000;-3;14.16204;106.77287;Onshore;14.16204;0;2022-09-30 00:00:00+00:00
1664499600;-3;14.16204;106.77287;Onshore;14.16204;0;2022-09-30 01:00:00+00:00
1664503200;-3;14.16204;106.77287;Onshore;14.16204;0;2022-09-30 02:00:00+00:00
1664506800;-3;16.90599;90.45175;Onshore;16.90599;0;2022-09-30 03:00:00+00:00
1664510400;-3;16.90599;90.45175;Onshore;16.90599;0;2022-09-30 04:00:00+00:00
1664514000;-3;16.90599;90.45175;Onshore;16.90599;0;2022-09-30 05:00:00+00:00
1664517600;-3;15.76455;80.57295;Onshore;15.76455;0;2022-09-30 06:00:00+00:00
1664521200;-3;15.76455;80.57295;Onshore;15.76455;0;2022-09-30 07:00:00+00:00
1664524800;-3;15.76455;80.57295;Onshore;15.76455;0;2022-09-30 08:00:00+00:00
1664528400;-3;18.68937;65.01621;Cross-shore;18.68937;0;2022-09-30 09:00:00+00:00
1664532000;-3;18.68937;65.01621;Cross-shore;18.68937;0;2022-09-30 10:00:00+00:00
1664535600;-3;18.68937;65.01621;Cross-shore;18.68937;0;2022-09-30 11:00:00+00:00
1664539200;-3;19.974;44.47926;Cross-shore;20.94567;0;2022-09-30 12:00:00+00:00
1664542800;-3;19.974;44.47926;Cross-shore;20.94567;0;2022-09-30 13:00:00+00:00
1664546400;-3;19.974;44.47926;Cross-shore;20.94567;0;2022-09-30 14:00:00+00:00
1664550000;-3;21.63934;36.34079;Cross-shore;22.40192;0;2022-09-30 15:00:00+00:00
1664553600;-3;21.63934;36.34079;Cross-shore;22.40192;0;2022-09-30 16:00:00+00:00
1664557200;-3;21.63934;36.34079;Cross-shore;22.40192;0;2022-09-30 17:00:00+00:00
1664560800;-3;21.6329;39.70426;Cross-shore;23.1071;0;2022-09-30 18:00:00+00:00
1664564400;-3;21.6329;39.70426;Cross-shore;23.1071;0;2022-09-30 19:00:00+00:00
1664568000;-3;21.6329;39.70426;Cross-shore;23.1071;0;2022-09-30 20:00:00+00:00
1664571600;-3;26.65525;43.86379;Cross-shore;27.761;0;2022-09-30 21:00:00+00:00
1664575200;-3;26.65525;43.86379;Cross-shore;27.761;0;2022-09-30 22:00:00+00:00
1664578800;-3;26.65525;43.86379;Cross-shore;27.761;0;2022-09-30 23:00:00+00:00
1664582400;-3;26.86894;34.0326;Cross-shore;27.74405;0;2022-10-01 00:00:00+00:00
1664586000;-3;26.86894;34.0326;Cross-shore;27.74405;0;2022-10-01 01:00:00+00:00
1664589600;-3;26.86894;34.0326;Cross-shore;27.74405;0;2022-10-01 02:00:00+00:00
1664593200;-3;30.45576;29.68152;Cross-shore;31.34405;0;2022-10-01 03:00:00+00:00
1664596800;-3;30.45576;29.68152;Cross-shore;31.34405;0;2022-10-01 04:00:00+00:00
1664600400;-3;30.45576;29.68152;Cross-shore;31.34405;0;2022-10-01 05:00:00+00:00
1664604000;-3;30.95241;8.95692;Offshore;34.28348;0;2022-10-01 06:00:00+00:00
1664607600;-3;30.95241;8.95692;Offshore;34.28348;0;2022-10-01 07:00:00+00:00
1664611200;-3;30.95241;8.95692;Offshore;34.28348;0;2022-10-01 08:00:00+00:00
1664614800;-3;26.12992;14.45834;Offshore;31.4301;0;2022-10-01 09:00:00+00:00
1664618400;-3;26.12992;14.45834;Offshore;31.4301;0;2022-10-01 10:00:00+00:00
1664622000;-3;26.12992;14.45834;Offshore;31.4301;0;2022-10-01 11:00:00+00:00
1664625600;-3;25.64441;352.71852;Offshore;31.09481;0;2022-10-01 12:00:00+00:00
1664629200;-3;25.64441;352.71852;Offshore;31.09481;0;2022-10-01 13:00:00+00:00
1664632800;-3;25.64441;352.71852;Offshore;31.09481;0;2022-10-01 14:00:00+00:00
1664636400;-3;25.11685;350.26961;Offshore;31.68366;0;2022-10-01 15:00:00+00:00
1664640000;-3;25.11685;350.26961;Offshore;31.68366;0;2022-10-01 16:00:00+00:00
1664643600;-3;25.11685;350.26961;Offshore;31.68366;0;2022-10-01 17:00:00+00:00
1664647200;-3;18.21513;357.44087;Offshore;20.17903;0;2022-10-01 18:00:00+00:00
1664650800;-3;18.21513;357.44087;Offshore;20.17903;0;2022-10-01 19:00:00+00:00
1664654400;-3;18.21513;357.44087;Offshore;20.17903;0;2022-10-01 20:00:00+00:00
1664658000;-3;21.99506;191.44629;Onshore;21.99506;0;2022-10-01 21:00:00+00:00
1664661600;-3;21.99506;191.44629;Onshore;21.99506;0;2022-10-01 22:00:00+00:00
1664665200;-3;21.99506;191.44629;Onshore;21.99506;0;2022-10-01 23:00:00+00:00
1664668800;-3;25.55245;186.31395;Onshore;26.28035;0;2022-10-02 00:00:00+00:00
1664672400;-3;25.55245;186.31395;Onshore;26.28035;0;2022-10-02 01:00:00+00:00
1664676000;-3;25.55245;186.31395;Onshore;26.28035;0;2022-10-02 02:00:00+00:00
1664679600;-3;22.6365;198.81327;Onshore;26.32021;0;2022-10-02 03:00:00+00:00
1664683200;-3;22.6365;198.81327;Onshore;26.32021;0;2022-10-02 04:00:00+00:00
1664686800;-3;22.6365;198.81327;Onshore;26.32021;0;2022-10-02 05:00:00+00:00
1664690400;-3;26.07675;205.77589;Cross-shore;26.3128;0;2022-10-02 06:00:00+00:00
1664694000;-3;26.07675;205.77589;Cross-shore;26.3128;0;2022-10-02 07:00:00+00:00
1664697600;-3;26.07675;205.77589;Cross-shore;26.3128;0;2022-10-02 08:00:00+00:00
1664701200;-3;22.53141;194.85937;Onshore;23.45169;0;2022-10-02 09:00:00+00:00
1664704800;-3;22.53141;194.85937;Onshore;23.45169;0;2022-10-02 10:00:00+00:00
1664708400;-3;22.53141;194.85937;Onshore;23.45169;0;2022-10-02 11:00:00+00:00
1664712000;-3;19.2851;204.29872;Cross-shore;19.8;0;2022-10-02 12:00:00+00:00
1664715600;-3;19.2851;204.29872;Cross-shore;19.8;0;2022-10-02 13:00:00+00:00
1664719200;-3;19.2851;204.29872;Cross-shore;19.8;0;2022-10-02 14:00:00+00:00
1664722800;-3;22.85133;190.17601;Onshore;22.85133;0;2022-10-02 15:00:00+00:00
1664726400;-3;22.85133;190.17601;Onshore;22.85133;0;2022-10-02 16:00:00+00:00
1664730000;-3;22.85133;190.17601;Onshore;22.85133;0;2022-10-02 17:00:00+00:00
1664733600;-3;27.81676;191.36924;Onshore;27.87568;0;2022-10-02 18:00:00+00:00
1664737200;-3;27.81676;191.36924;Onshore;27.87568;0;2022-10-02 19:00:00+00:00
1664740800;-3;27.81676;191.36924;Onshore;27.87568;0;2022-10-02 20:00:00+00:00
1664744400;-3;24.6125;208.6898;Cross-shore;28.89846;0;2022-10-02 21:00:00+00:00
1664748000;-3;24.6125;208.6898;Cross-shore;28.89846;0;2022-10-02 22:00:00+00:00
1664751600;-3;24.6125;208.6898;Cross-shore;28.89846;0;2022-10-02 23:00:00+00:00
1664755200;-3;29.35719;204.27405;Cross-shore;34.58656;0;2022-10-03 00:00:00+00:00
1664758800;-3;29.35719;204.27405;Cross-shore;34.58656;0;2022-10-03 01:00:00+00:00
1664762400;-3;29.35719;204.27405;Cross-shore;34.58656;0;2022-10-03 02:00:00+00:00
1662001200;-3;37.34534;13.45366;Offshore;42.17407;0;2022-09-01 03:00:00+00:00
1662004800;-3;37.34534;13.45366;Offshore;42.17407;0;2022-09-01 04:00:00+00:00
1662008400;-3;37.34534;13.45366;Offshore;42.17407;0;2022-09-01 05:00:00+00:00
1662012000;-3;37.40084;9.30793;Offshore;45.74338;0;2022-09-01 06:00:00+00:00
1662015600;-3;37.40084;9.30793;Offshore;45.74338;0;2022-09-01 07:00:00+00:00
1662019200;-3;37.40084;9.30793;Offshore;45.74338;0;2022-09-01 08:00:00+00:00
1662022800;-3;40.68321;2.11213;Offshore;44.28115;0;2022-09-01 09:00:00+00:00
1662026400;-3;40.68321;2.11213;Offshore;44.28115;0;2022-09-01 10:00:00+00:00
1662030000;-3;40.68321;2.11213;Offshore;44.28115;0;2022-09-01 11:00:00+00:00
1662033600;-3;42.6377;1.07613;Offshore;48.99666;0;2022-09-01 12:00:00+00:00
1662037200;-3;42.6377;1.07613;Offshore;48.99666;0;2022-09-01 13:00:00+00:00
1662040800;-3;42.6377;1.07613;Offshore;48.99666;0;2022-09-01 14:00:00+00:00
1662044400;-3;36.50772;357.47472;Offshore;48.69547;0;2022-09-01 15:00:00+00:00
1662048000;-3;36.50772;357.47472;Offshore;48.69547;0;2022-09-01 16:00:00+00:00
1662051600;-3;36.50772;357.47472;Offshore;48.69547;0;2022-09-01 17:00:00+00:00
1662055200;-3;41.21405;4.10102;Offshore;51.22593;0;2022-09-01 18:00:00+00:00
1662058800;-3;41.21405;4.10102;Offshore;51.22593;0;2022-09-01 19:00:00+00:00
1662062400;-3;41.21405;4.10102;Offshore;51.22593;0;2022-09-01 20:00:00+00:00
1662066000;-3;42.12553;18.1099;Offshore;51.8448;0;2022-09-01 21:00:00+00:00
1662069600;-3;42.12553;18.1099;Offshore;51.8448;0;2022-09-01 22:00:00+00:00
1662073200;-3;42.12553;18.1099;Offshore;51.8448;0;2022-09-01 23:00:00+00:00
1662076800;-3;42.51084;13.25713;Offshore;51.87844;0;2022-09-02 00:00:00+00:00
1662080400;-3;42.51084;13.25713;Offshore;51.87844;0;2022-09-02 01:00:00+00:00
1662084000;-3;42.51084;13.25713;Offshore;51.87844;0;2022-09-02 02:00:00+00:00
1662087600;-3;47.41132;5.88318;Offshore;58.44067;0;2022-09-02 03:00:00+00:00
1662091200;-3;47.41132;5.88318;Offshore;58.44067;0;2022-09-02 04:00:00+00:00
1662094800;-3;47.41132;5.88318;Offshore;58.44067;0;2022-09-02 05:00:00+00:00
1662098400;-3;47.36007;359.5717;Offshore;61.25289;0;2022-09-02 06:00:00+00:00
1662102000;-3;47.36007;359.5717;Offshore;61.25289;0;2022-09-02 07:00:00+00:00
1662105600;-3;47.36007;359.5717;Offshore;61.25289;0;2022-09-02 08:00:00+00:00
1662109200;-3;50.27843;2.6821;Offshore;67.35274;0;2022-09-02 09:00:00+00:00
1662112800;-3;50.27843;2.6821;Offshore;67.35274;0;2022-09-02 10:00:00+00:00
1662116400;-3;50.27843;2.6821;Offshore;67.35274;0;2022-09-02 11:00:00+00:00
1662120000;-3;27.77967;356.74356;Offshore;29.92624;0;2022-09-02 12:00:00+00:00
1662123600;-3;27.77967;356.74356;Offshore;29.92624;0;2022-09-02 13:00:00+00:00
1662127200;-3;27.77967;356.74356;Offshore;29.92624;0;2022-09-02 14:00:00+00:00
1662130800;-3;32.11448;8.76931;Offshore;33.56478;0;2022-09-02 15:00:00+00:00
1662134400;-3;32.11448;8.76931;Offshore;33.56478;0;2022-09-02 16:00:00+00:00
1662138000;-3;32.11448;8.76931;Offshore;33.56478;0;2022-09-02 17:00:00+00:00
1662141600;-3;26.357;354.94204;Offshore;31.32022;0;2022-09-02 18:00:00+00:00
1662145200;-3;26.357;354.94204;Offshore;31.32022;0;2022-09-02 19:00:00+00:00
1662148800;-3;26.357;354.94204;Offshore;31.32022;0;2022-09-02 20:00:00+00:00
1662152400;-3;24.24779;343.3821;Offshore;36.39058;0;2022-09-02 21:00:00+00:00
1662156000;-3;24.24779;343.3821;Offshore;36.39058;0;2022-09-02 22:00:00+00:00
1662159600;-3;24.24779;343.3821;Offshore;36.39058;0;2022-09-02 23:00:00+00:00
1662163200;-3;41.32901;191.20579;Onshore;44.64;0;2022-09-03 00:00:00+00:00
1662166800;-3;41.32901;191.20579;Onshore;44.64;0;2022-09-03 01:00:00+00:00
1662170400;-3;41.32901;191.20579;Onshore;44.64;0;2022-09-03 02:00:00+00:00
1662174000;-3;36.99606;200.88243;Cross-shore;41.45666;0;2022-09-03 03:00:00+00:00
1662177600;-3;36.99606;200.88243;Cross-shore;41.45666;0;2022-09-03 04:00:00+00:00
1662181200;-3;36.99606;200.88243;Cross-shore;41.45666;0;2022-09-03 05:00:00+00:00
1662184800;-3;42.88208;197.4194;Onshore;46.08062;0;2022-09-03 06:00:00+00:00
1662188400;-3;42.88208;197.4194;Onshore;46.08062;0;2022-09-03 07:00:00+00:00
1662192000;-3;42.88208;197.4194;Onshore;46.08062;0;2022-09-03 08:00:00+00:00
1662195600;-3;42.34152;200.87797;Cross-shore;46.82453;0;2022-09-03 09:00:00+00:00
1662199200;-3;42.34152;200.87797;Cross-shore;46.82453;0;2022-09-03 10:00:00+00:00
1662202800;-3;42.34152;200.87797;Cross-shore;46.82453;0;2022-09-03 11:00:00+00:00
1662206400;-3;46.68075;203.4173;Cross-shore;50.09602;0;2022-09-03 12:00:00+00:00
1662210000;-3;46.68075;203.4173;Cross-shore;50.09602;0;2022-09-03 13:00:00+00:00
1662213600;-3;46.68075;203.4173;Cross-shore;50.09602;0;2022-09-03 14:00:00+00:00
1662217200;-3;49.15776;206.69049;Cross-shore;52.62462;0;2022-09-03 15:00:00+00:00
1662220800;-3;49.15776;206.69049;Cross-shore;52.62462;0;2022-09-03 16:00:00+00:00
1662224400;-3;49.15776;206.69049;Cross-shore;52.62462;0;2022-09-03 17:00:00+00:00
1662228000;-3;53.30004;202.1902;Cross-shore;59.11807;0;2022-09-03 18:00:00+00:00
1662231600;-3;53.30004;202.1902;Cross-shore;59.11807;0;2022-09-03 19:00:00+00:00
1662235200;-3;53.30004;202.1902;Cross-shore;59.11807;0;2022-09-03 20:00:00+00:00
1662238800;-3;47.9654;199.21251;Onshore;53.64932;0;2022-09-03 21:00:00+00:00
1662242400;-3;47.9654;199.21251;Onshore;53.64932;0;2022-09-03 22:00:00+00:00
1662246000;-3;47.9654;199.21251;Onshore;53.64932;0;2022-09-03 23:00:00+00:00
1662249600;-3;48.75708;206.21534;Cross-shore;50.40547;0;2022-09-04 00:00:00+00:00
1662253200;-3;48.75708;206.21534;Cross-shore;50.40547;0;2022-09-04 01:00:00+00:00
1662256800;-3;48.75708;206.21534;Cross-shore;50.40547;0;2022-09-04 02:00:00+00:00
1662260400;-3;45.61985;209.17354;Cross-shore;46.10916;0;2022-09-04 03:00:00+00:00
1662264000;-3;45.61985;209.17354;Cross-shore;46.10916;0;2022-09-04 04:00:00+00:00
1662267600;-3;45.61985;209.17354;Cross-shore;46.10916;0;2022-09-04 05:00:00+00:00
1662271200;-3;38.50353;214.60901;Cross-shore;38.54744;0;2022-09-04 06:00:00+00:00
1662274800;-3;38.50353;214.60901;Cross-shore;38.54744;0;2022-09-04 07:00:00+00:00
1662278400;-3;38.50353;214.60901;Cross-shore;38.54744;0;2022-09-04 08:00:00+00:00
1662282000;-3;36.69608;222.68891;Cross-shore;37.16183;2;2022-09-04 09:00:00+00:00
1662285600;-3;36.69608;222.68891;Cross-shore;37.16183;2;2022-09-04 10:00:00+00:00
1662289200;-3;36.69608;222.68891;Cross-shore;37.16183;2;2022-09-04 11:00:00+00:00
1662292800;-3;34.06028;215.96229;Cross-shore;34.06028;2;2022-09-04 12:00:00+00:00
1662296400;-3;34.06028;215.96229;Cross-shore;34.06028;2;2022-09-04 13:00:00+00:00
1662300000;-3;34.06028;215.96229;Cross-shore;34.06028;2;2022-09-04 14:00:00+00:00
1662303600;-3;30.25451;218.1699;Cross-shore;30.25451;2;2022-09-04 15:00:00+00:00
1662307200;-3;30.25451;218.1699;Cross-shore;30.25451;2;2022-09-04 16:00:00+00:00
1662310800;-3;30.25451;218.1699;Cross-shore;30.25451;2;2022-09-04 17:00:00+00:00
1662314400;-3;25.94269;197.84358;Onshore;25.94269;0;2022-09-04 18:00:00+00:00
1662318000;-3;25.94269;197.84358;Onshore;25.94269;0;2022-09-04 19:00:00+00:00
1662321600;-3;25.94269;197.84358;Onshore;25.94269;0;2022-09-04 20:00:00+00:00
1662325200;-3;22.49354;179.9259;Onshore;22.49354;0;2022-09-04 21:00:00+00:00
1662328800;-3;22.49354;179.9259;Onshore;22.49354;0;2022-09-04 22:00:00+00:00
1662332400;-3;22.49354;179.9259;Onshore;22.49354;0;2022-09-04 23:00:00+00:00
1662336000;-3;20.69444;133.23838;Onshore;20.69444;0;2022-09-05 00:00:00+00:00
1662339600;-3;20.69444;133.23838;Onshore;20.69444;0;2022-09-05 01:00:00+00:00
1662343200;-3;20.69444;133.23838;Onshore;20.69444;0;2022-09-05 02:00:00+00:00
1662346800;-3;11.17109;94.22702;Onshore;11.17109;0;2022-09-05 03:00:00+00:00
1662350400;-3;11.17109;94.22702;Onshore;11.17109;0;2022-09-05 04:00:00+00:00
1662354000;-3;11.17109;94.22702;Onshore;11.17109;0;2022-09-05 05:00:00+00:00
1662357600;-3;3.9288;244.39709;Cross-shore;4.04152;2;2022-09-05 06:00:00+00:00
1662361200;-3;3.9288;244.39709;Cross-shore;4.04152;2;2022-09-05 07:00:00+00:00
1662364800;-3;3.9288;244.39709;Cross-shore;4.04152;2;2022-09-05 08:00:00+00:00
1662368400;-3;9.99655;90.91792;Onshore;12.6;0;2022-09-05 09:00:00+00:00
1662372000;-3;9.99655;90.91792;Onshore;12.6;0;2022-09-05 10:00:00+00:00
1662375600;-3;9.99655;90.91792;Onshore;12.6;0;2022-09-05 11:00:00+00:00
1662379200;-3;13.10918;74.96926;Onshore;13.10918;0;2022-09-05 12:00:00+00:00
1662382800;-3;13.10918;74.96926;Onshore;13.10918;0;2022-09-05 13:00:00+00:00
1662386400;-3;13.10918;74.96926;Onshore;13.10918;0;2022-09-05 14:00:00+00:00
1662390000;-3;16.63799;68.58837;Cross-shore;16.63799;0;2022-09-05 15:00:00+00:00
1662393600;-3;16.63799;68.58837;Cross-shore;16.63799;0;2022-09-05 16:00:00+00:00
1662397200;-3;16.63799;68.58837;Cross-shore;16.63799;0;2022-09-05 17:00:00+00:00
1662400800;-3;15.59274;66.88459;Cross-shore;15.59274;0;2022-09-05 18:00:00+00:00
1662404400;-3;15.59274;66.88459;Cross-shore;15.59274;0;2022-09-05 19:00:00+00:00
1662408000;-3;15.59274;66.88459;Cross-shore;15.59274;0;2022-09-05 20:00:00+00:00
1662411600;-3;21.40726;65.09055;Cross-shore;21.40726;0;2022-09-05 21:00:00+00:00
1662415200;-3;21.40726;65.09055;Cross-shore;21.40726;0;2022-09-05 22:00:00+00:00
1662418800;-3;21.40726;65.09055;Cross-shore;21.40726;0;2022-09-05 23:00:00+00:00
1662422400;-3;20.03432;61.10468;Cross-shore;20.03432;0;2022-09-06 00:00:00+00:00
1662426000;-3;20.03432;61.10468;Cross-shore;20.03432;0;2022-09-06 01:00:00+00:00
1662429600;-3;20.03432;61.10468;Cross-shore;20.03432;0;2022-09-06 02:00:00+00:00
1662433200;-3;22.53683;55.56378;Cross-shore;23.06773;0;2022-09-06 03:00:00+00:00
1662436800;-3;22.53683;55.56378;Cross-shore;23.06773;0;2022-09-06 04:00:00+00:00
1662440400;-3;22.53683;55.56378;Cross-shore;23.06773;0;2022-09-06 05:00:00+00:00
1662444000;-3;23.06211;45.04104;Cross-shore;23.76147;0;2022-09-06 06:00:00+00:00
1662447600;-3;23.06211;45.04104;Cross-shore;23.76147;0;2022-09-06 07:00:00+00:00
1662451200;-3;23.06211;45.04104;Cross-shore;23.76147;0;2022-09-06 08:00:00+00:00
1662454800;-3;26.56061;41.90289;Cross-shore;27.40184;0;2022-09-06 09:00:00+00:00
1662458400;-3;26.56061;41.90289;Cross-shore;27.40184;0;2022-09-06 10:00:00+00:00
1662462000;-3;26.56061;41.90289;Cross-shore;27.40184;0;2022-09-06 11:00:00+00:00
1662465600;-3;29.60447;44.16341;Cross-shore;31.72113;0;2022-09-06 12:00:00+00:00
1662469200;-3;29.60447;44.16341;Cross-shore;31.72113;0;2022-09-06 13:00:00+00:00
1662472800;-3;29.60447;44.16341;Cross-shore;31.72113;0;2022-09-06 14:00:00+00:00
1662476400;-3;33.01294;37.82809;Cross-shore;37.50933;0;2022-09-06 15:00:00+00:00
1662480000;-3;33.01294;37.82809;Cross-shore;37.50933;0;2022-09-06 16:00:00+00:00
1662483600;-3;33.01294;37.82809;Cross-shore;37.50933;0;2022-09-06 17:00:00+00:00
1662487200;-3;32.27684;16.58521;Offshore;39.66971;0;2022-09-06 18:00:00+00:00
1662490800;-3;32.27684;16.58521;Offshore;39.66971;0;2022-09-06 19:00:00+00:00
1662494400;-3;32.27684;16.58521;Offshore;39.66971;0;2022-09-06 20:00:00+00:00
1662498000;-3;30.85371;11.57019;Offshore;38.16378;0;2022-09-06 21:00:00+00:00
1662501600;-3;30.85371;11.57019;Offshore;38.16378;0;2022-09-06 22:00:00+00:00
1662505200;-3;30.85371;11.57019;Offshore;38.16378;0;2022-09-06 23:00:00+00:00
1662508800;-3;33.30291;16.46341;Offshore;42.8769;0;2022-09-07 00:00:00+00:00
1662512400;-3;33.30291;16.46341;Offshore;42.8769;0;2022-09-07 01:00:00+00:00
1662516000;-3;33.30291;16.46341;Offshore;42.8769;0;2022-09-07 02:00:00+00:00
1662519600;-3;36.26463;32.60407;Cross-shore;44.66029;0;2022-09-07 03:00:00+00:00
1662523200;-3;36.26463;32.60407;Cross-shore;44.66029;0;2022-09-07 04:00:00+00:00
1662526800;-3;36.26463;32.60407;Cross-shore;44.66029;0;2022-09-07 05:00:00+00:00
1662530400;-3;38.51403;23.92281;Cross-shore;46.44091;0;2022-09-07 06:00:00+00:00
1662534000;-3;38.51403;23.92281;Cross-shore;46.44091;0;2022-09-07 07:00:00+00:00
1662537600;-3;38.51403;23.92281;Cross-shore;46.44091;0;2022-09-07 08:00:00+00:00
1662541200;-3;43.34552;8.50525;Offshore;54.40583;0;2022-09-07 09:00:00+00:00
1662544800;-3;43.34552;8.50525;Offshore;54.40583;0;2022-09-07 10:00:00+00:00
1662548400;-3;43.34552;8.50525;Offshore;54.40583;0;2022-09-07 11:00:00+00:00
1662552000;-3;36.13438;6.18122;Offshore;49.75854;0;2022-09-07 12:00:00+00:00
1662555600;-3;36.13438;6.18122;Offshore;49.75854;0;2022-09-07 13:00:00+00:00
1662559200;-3;36.13438;6.18122;Offshore;49.75854;0;2022-09-07 14:00:00+00:00
1662562800;-3;40.43954;16.1985;Offshore;55.44668;0;2022-09-07 15:00:00+00:00
1662566400;-3;40.43954;16.1985;Offshore;55.44668;0;2022-09-07 16:00:00+00:00
1662570000;-3;40.43954;16.1985;Offshore;55.44668;0;2022-09-07 17:00:00+00:00
1662573600;-3;41.69016;14.31757;Offshore;55.85765;0;2022-09-07 18:00:00+00:00
1662577200;-3;41.69016;14.31757;Offshore;55.85765;0;2022-09-07 19:00:00+00:00
1662580800;-3;41.69016;14.31757;Offshore;55.85765;0;2022-09-07 20:00:00+00:00
1662584400;-3;40.62884;16.75125;Offshore;54.0;0;2022-09-07 21:00:00+00:00
1662588000;-3;40.62884;16.75125;Offshore;54.0;0;2022-09-07 22:00:00+00:00
1662591600;-3;40.62884;16.75125;Offshore;54.0;0;2022-09-07 23:00:00+00:00
1662595200;-3;29.55519;8.51033;Offshore;43.20274;0;2022-09-08 00:00:00+00:00
1662598800;-3;29.55519;8.51033;Offshore;43.20274;0;2022-09-08 01:00:00+00:00
1662602400;-3;29.55519;8.51033;Offshore;43.20274;0;2022-09-08 02:00:00+00:00
1662606000;-3;32.5011;354.94742;Offshore;44.28006;0;2022-09-08 03:00:00+00:00
1662609600;-3;32.5011;354.94742;Offshore;44.28006;0;2022-09-08 04:00:00+00:00
1662613200;-3;32.5011;354.94742;Offshore;44.28006;0;2022-09-08 05:00:00+00:00
1662616800;-3;33.09511;354.24354;Offshore;43.24305;0;2022-09-08 06:00:00+00:00
1662620400;-3;33.09511;354.24354;Offshore;43.24305;0;2022-09-08 07:00:00+00:00
1662624000;-3;33.09511;354.24354;Offshore;43.24305;0;2022-09-08 08:00:00+00:00
1662627600;-3;25.13192;357.69035;Offshore;33.48;0;2022-09-08 09:00:00+00:00
1662631200;-3;25.13192;357.69035;Offshore;33.48;0;2022-09-08 10:00:00+00:00
1662634800;-3;25.13192;357.69035;Offshore;33.48;0;2022-09-08 11:00:00+00:00
1662638400;-3;22.43014;5.49632;Offshore;28.16684;0;2022-09-08 12:00:00+00:00
1662642000;-3;22.43014;5.49632;Offshore;28.16684;0;2022-09-08 13:00:00+00:00
1662645600;-3;22.43014;5.49632;Offshore;28.16684;0;2022-09-08 14:00:00+00:00
1662649200;-3;20.89092;6.17776;Offshore;26.35911;0;2022-09-08 15:00:00+00:00
1662652800;-3;20.89092;6.17776;Offshore;26.35911;0;2022-09-08 16:00:00+00:00
1662656400;-3;20.89092;6.17776;Offshore;26.35911;0;2022-09-08 17:00:00+00:00
1662660000;-3;18.76109;23.77053;Cross-shore;23.47909;0;2022-09-08 18:00:00+00:00
1662663600;-3;18.76109;23.77053;Cross-shore;23.47909;0;2022-09-08 19:00:00+00:00
1662667200;-3;18.76109;23.77053;Cross-shore;23.47909;0;2022-09-08 20:00:00+00:00
1662670800;-3;17.51339;34.7514;Cross-shore;20.88366;0;2022-09-08 21:00:00+00:00
1662674400;-3;17.51339;34.7514;Cross-shore;20.88366;0;2022-09-08 22:00:00+00:00
1662678000;-3;17.51339;34.7514;Cross-shore;20.88366;0;2022-09-08 23:00:00+00:00
1662681600;-3;21.34814;18.88033;Offshore;25.92;0;2022-09-09 00:00:00+00:00
1662685200;-3;21.34814;18.88033;Offshore;25.92;0;2022-09-09 01:00:00+00:00
1662688800;-3;21.34814;18.88033;Offshore;25.92;0;2022-09-09 02:00:00+00:00
1662692400;-3;28.29242;358.04235;Offshore;41.06322;0;2022-09-09 03:00:00+00:00
1662696000;-3;28.29242;358.04235;Offshore;41.06322;0;2022-09-09 04:00:00+00:00
1662699600;-3;28.29242;358.04235;Offshore;41.06322;0;2022-09-09 05:00:00+00:00
1662703200;-3;33.8027;357.60381;Offshore;51.12058;0;2022-09-09 06:00:00+00:00
1662706800;-3;33.8027;357.60381;Offshore;51.12058;0;2022-09-09 07:00:00+00:00
1662710400;-3;33.8027;357.60381;Offshore;51.12058;0;2022-09-09 08:00:00+00:00
1662714000;-3;36.33153;353.98277;Offshore;55.8358;0;2022-09-09 09:00:00+00:00
1662717600;-3;36.33153;353.98277;Offshore;55.8358;0;2022-09-09 10:00:00+00:00
1662721200;-3;36.33153;353.98277;Offshore;55.8358;0;2022-09-09 11:00:00+00:00
1662724800;-3;37.45019;351.66502;Offshore;56.89947;0;2022-09-09 12:00:00+00:00
1662728400;-3;37.45019;351.66502;Offshore;56.89947;0;2022-09-09 13:00:00+00:00
1662732000;-3;37.45019;351.66502;Offshore;56.89947;0;2022-09-09 14:00:00+00:00
1662735600;-3;39.72116;356.1386;Offshore;59.78903;0;2022-09-09 15:00:00+00:00
1662739200;-3;39.72116;356.1386;Offshore;59.78903;0;2022-09-09 16:00:00+00:00
1662742800;-3;39.72116;356.1386;Offshore;59.78903;0;2022-09-09 17:00:00+00:00
1662746400;-3;36.67905;2.62781;Offshore;53.28933;0;2022-09-09 18:00:00+00:00
1662750000;-3;36.67905;2.62781;Offshore;53.28933;0;2022-09-09 19:00:00+00:00
1662753600;-3;36.67905;2.62781;Offshore;53.28933;0;2022-09-09 20:00:00+00:00
1662757200;-3;26.83975;7.55326;Offshore;42.12219;0;2022-09-09 21:00:00+00:00
1662760800;-3;26.83975;7.55326;Offshore;42.12219;0;2022-09-09 22:00:00+00:00
1662764400;-3;26.83975;7.55326;Offshore;42.12219;0;2022-09-09 23:00:00+00:00
1662768000;-3;27.2471;4.36907;Offshore;31.35154;0;2022-09-10 00:00:00+00:00
1662771600;-3;27.2471;4.36907;Offshore;31.35154;0;2022-09-10 01:00:00+00:00
1662775200;-3;27.2471;4.36907;Offshore;31.35154;0;2022-09-10 02:00:00+00:00
1662778800;-3;51.45617;211.28536;Cross-shore;67.33867;0;2022-09-10 03:00:00+00:00
1662782400;-3;51.45617;211.28536;Cross-shore;67.33867;0;2022-09-10 04:00:00+00:00
1662786000;-3;51.45617;211.28536;Cross-shore;67.33867;0;2022-09-10 05:00:00+00:00
1662789600;-3;55.13228;204.7607;Cross-shore;61.97095;0;2022-09-10 06:00:00+00:00
1662793200;-3;55.13228;204.7607;Cross-shore;61.97095;0;2022-09-10 07:00:00+00:00
1662796800;-3;55.13228;204.7607;Cross-shore;61.97095;0;2022-09-10 08:00:00+00:00
1662800400;-3;59.84688;204.9095;Cross-shore;64.57996;0;2022-09-10 09:00:00+00:00
1662804000;-3;59.84688;204.9095;Cross-shore;64.57996;0;2022-09-10 10:00:00+00:00
1662807600;-3;59.84688;204.9095;Cross-shore;64.57996;0;2022-09-10 11:00:00+00:00
1662811200;-3;51.8579;196.46729;Onshore;54.40098;0;2022-09-10 12:00:00+00:00
1662814800;-3;51.8579;196.46729;Onshore;54.40098;0;2022-09-10 13:00:00+00:00
1662818400;-3;51.8579;196.46729;Onshore;54.40098;0;2022-09-10 14:00:00+00:00
1662822000;-3;49.54546;198.94159;Onshore;52.64761;0;2022-09-10 15:00:00+00:00
1662825600;-3;49.54546;198.94159;Onshore;52.64761;0;2022-09-10 16:00:00+00:00
1662829200;-3;49.54546;198.94159;Onshore;52.64761;0;2022-09-10 17:00:00+00:00
1662832800;-3;47.40594;194.15105;Onshore;51.14424;0;2022-09-10 18:00:00+00:00
1662836400;-3;47.40594;194.15105;Onshore;51.14424;0;2022-09-10 19:00:00+00:00
1662840000;-3;47.40594;194.15105;Onshore;51.14424;0;2022-09-10 20:00:00+00:00
1662843600;-3;42.87946;193.18808;Onshore;46.09771;0;2022-09-10 21:00:00+00:00
1662847200;-3;42.87946;193.18808;Onshore;46.09771;0;2022-09-10 22:00:00+00:00
1662850800;-3;42.87946;193.18808;Onshore;46.09771;0;2022-09-10 23:00:00+00:00
1662854400;-3;41.24094;197.56129;Onshore;45.02868;0;2022-09-11 00:00:00+00:00
1662858000;-3;41.24094;197.56129;Onshore;45.02868;0;2022-09-11 01:00:00+00:00
1662861600;-3;41.24094;197.56129;Onshore;45.02868;0;2022-09-11 02:00:00+00:00
1662865200;-3;36.61281;202.14001;Cross-shore;38.2413;0;2022-09-11 03:00:00+00:00
1662868800;-3;36.61281;202.14001;Cross-shore;38.2413;0;2022-09-11 04:00:00+00:00
1662872400;-3;36.61281;202.14001;Cross-shore;38.2413;0;2022-09-11 05:00:00+00:00
1662876000;-3;32.70343;200.40396;Cross-shore;33.17028;0;2022-09-11 06:00:00+00:00
1662879600;-3;32.70343;200.40396;Cross-shore;33.17028;0;2022-09-11 07:00:00+00:00
1662883200;-3;32.70343;200.40396;Cross-shore;33.17028;0;2022-09-11 08:00:00+00:00
1662886800;-3;27.53949;200.52555;Cross-shore;27.74766;0;2022-09-11 09:00:00+00:00
1662890400;-3;27.53949;200.52555;Cross-shore;27.74766;0;2022-09-11 10:00:00+00:00
1662894000;-3;27.53949;200.52555;Cross-shore;27.74766;0;2022-09-11 11:00:00+00:00
1662897600;-3;22.63515;204.93098;Cross-shore;22.68122;0;2022-09-11 12:00:00+00:00
1662901200;-3;22.63515;204.93098;Cross-shore;22.68122;0;2022-09-11 13:00:00+00:00
1662904800;-3;22.63515;204.93098;Cross-shore;22.68122;0;2022-09-11 14:00:00+00:00
1662908400;-3;17.73162;189.0339;Onshore;17.73162;0;2022-09-11 15:00:00+00:00
1662912000;-3;17.73162;189.0339;Onshore;17.73162;0;2022-09-11 16:00:00+00:00
1662915600;-3;17.73162;189.0339;Onshore;17.73162;0;2022-09-11 17:00:00+00:00
1662919200;-3;15.47368;160.98632;Onshore;15.47368;0;2022-09-11 18:00:00+00:00
1662922800;-3;15.47368;160.98632;Onshore;15.47368;0;2022-09-11 19:00:00+00:00
1662926400;-3;15.47368;160.98632;Onshore;15.47368;0;2022-09-11 20:00:00+00:00
1662930000;-3;5.17497;117.92439;Onshore;5.17497;2;2022-09-11 21:00:00+00:00
1662933600;-3;5.17497;117.92439;Onshore;5.17497;2;2022-09-11 22:00:00+00:00
1662937200;-3;5.17497;117.92439;Onshore;5.17497;2;2022-09-11 23:00:00+00:00
1662940800;-3;9.36437;30.70204;Cross-shore;10.45028;0;2022-09-12 00:00:00+00:00
1662944400;-3;9.36437;30.70204;Cross-shore;10.45028;0;2022-09-12 01:00:00+00:00
1662948000;-3;9.36437;30.70204;Cross-shore;10.45028;0;2022-09-12 02:00:00+00:00
1662951600;-3;18.20059;11.98008;Offshore;19.49288;0;2022-09-12 03:00:00+00:00
1662955200;-3;18.20059;11.98008;Offshore;19.49288;0;2022-09-12 04:00:00+00:00
1662958800;-3;18.20059;11.98008;Offshore;19.49288;0;2022-09-12 05:00:00+00:00
1662962400;-3;31.61496;1.32933;Offshore;32.82968;0;2022-09-12 06:00:00+00:00
1662966000;-3;31.61496;1.32933;Offshore;32.82968;0;2022-09-12 07:00:00+00:00
1662969600;-3;31.61496;1.32933;Offshore;32.82968;0;2022-09-12 08:00:00+00:00
1662973200;-3;46.59055;2.7504;Offshore;48.6;0;2022-09-12 09:00:00+00:00
1662976800;-3;46.59055;2.7504;Offshore;48.6;0;2022-09-12 10:00:00+00:00
1662980400;-3;46.59055;2.7504;Offshore;48.6;0;2022-09-12 11:00:00+00:00
1662984000;-3;36.8614;358.29804;Offshore;43.61758;0;2022-09-12 12:00:00+00:00
1662987600;-3;36.8614;358.29804;Offshore;43.61758;0;2022-09-12 13:00:00+00:00
1662991200;-3;36.8614;358.29804;Offshore;43.61758;0;2022-09-12 14:00:00+00:00
1662994800;-3;40.10454;8.77606;Offshore;49.35197;0;2022-09-12 15:00:00+00:00
1662998400;-3;40.10454;8.77606;Offshore;49.35197;0;2022-09-12 16:00:00+00:00
1663002000;-3;40.10454;8.77606;Offshore;49.35197;0;2022-09-12 17:00:00+00:00
1663005600;-3;39.82083;8.87852;Offshore;48.99195;0;2022-09-12 18:00:00+00:00
1663009200;-3;39.82083;8.87852;Offshore;48.99195;0;2022-09-12 19:00:00+00:00
1663012800;-3;39.82083;8.87852;Offshore;48.99195;0;2022-09-12 20:00:00+00:00
1663016400;-3;43.03694;5.1817;Offshore;53.6449;0;2022-09-12 21:00:00+00:00
1663020000;-3;43.03694;5.1817;Offshore;53.6449;0;2022-09-12 22:00:00+00:00
1663023600;-3;43.03694;5.1817;Offshore;53.6449;0;2022-09-12 23:00:00+00:00
1663027200;-3;39.96853;343.96706;Offshore;50.12554;0;2022-09-13 00:00:00+00:00
1663030800;-3;39.96853;343.96706;Offshore;50.12554;0;2022-09-13 01:00:00+00:00
1663034400;-3;39.96853;343.96706;Offshore;50.12554;0;2022-09-13 02:00:00+00:00
1663038000;-3;39.87658;354.35159;Offshore;51.90107;0;2022-09-13 03:00:00+00:00
1663041600;-3;39.87658;354.35159;Offshore;51.90107;0;2022-09-13 04:00:00+00:00
1663045200;-3;39.87658;354.35159;Offshore;51.90107;0;2022-09-13 05:00:00+00:00
1663048800;-3;35.70346;351.65254;Offshore;52.57951;0;2022-09-13 06:00:00+00:00
1663052400;-3;35.70346;351.65254;Offshore;52.57951;0;2022-09-13 07:00:00+00:00
1663056000;-3;35.70346;351.65254;Offshore;52.57951;0;2022-09-13 08:00:00+00:00
1663059600;-3;34.62207;349.51139;Offshore;48.65434;0;2022-09-13 09:00:00+00:00
1663063200;-3;34.62207;349.51139;Offshore;48.65434;0;2022-09-13 10:00:00+00:00
1663066800;-3;34.62207;349.51139;Offshore;48.65434;0;2022-09-13 11:00:00+00:00
1663070400;-3;28.73097;337.47307;Offshore;42.12123;0;2022-09-13 12:00:00+00:00
1663074000;-3;28.73097;337.47307;Offshore;42.12123;0;2022-09-13 13:00:00+00:00
1663077600;-3;28.73097;337.47307;Offshore;42.12123;0;2022-09-13 14:00:00+00:00
1663081200;-3;20.86384;202.5038;Cross-shore;22.42514;0;2022-09-13 15:00:00+00:00
1663084800;-3;20.86384;202.5038;Cross-shore;22.42514;0;2022-09-13 16:00:00+00:00
1663088400;-3;20.86384;202.5038;Cross-shore;22.42514;0;2022-09-13 17:00:00+00:00
1663092000;-3;30.91329;159.87761;Onshore;33.5209;0;2022-09-13 18:00:00+00:00
1663095600;-3;30.91329;159.87761;Onshore;33.5209;0;2022-09-13 19:00:00+00:00
1663099200;-3;30.91329;159.87761;Onshore;33.5209;0;2022-09-13 20:00:00+00:00
1663102800;-3;28.32926;171.78637;Onshore;33.92339;0;2022-09-13 21:00:00+00:00
1663106400;-3;28.32926;171.78637;Onshore;33.92339;0;2022-09-13 22:00:00+00:00
1663110000;-3;28.32926;171.78637;Onshore;33.92339;0;2022-09-13 23:00:00+00:00
1663113600;-3;19.54688;190.53047;Onshore;32.76343;0;2022-09-14 00:00:00+00:00
1663117200;-3;19.54688;190.53047;Onshore;32.76343;0;2022-09-14 01:00:00+00:00
1663120800;-3;19.54688;190.53047;Onshore;32.76343;0;2022-09-14 02:00:00+00:00
1663124400;-3;20.4313;221.14637;Cross-shore;29.54289;2;2022-09-14 03:00:00+00:00
1663128000;-3;20.4313;221.14637;Cross-shore;29.54289;2;2022-09-14 04:00:00+00:00
1663131600;-3;20.4313;221.14637;Cross-shore;29.54289;2;2022-09-14 05:00:00+00:00
1663135200;-3;26.89352;218.9866;Cross-shore;38.19074;2;2022-09-14 06:00:00+00:00
1663138800;-3;26.89352;218.9866;Cross-shore;38.19074;2;2022-09-14 07:00:00+00:00
1663142400;-3;26.89352;218.9866;Cross-shore;38.19074;2;2022-09-14 08:00:00+00:00
1663146000;-3;34.15307;203.61436;Cross-shore;40.34461;0;2022-09-14 09:00:00+00:00
1663149600;-3;34.15307;203.61436;Cross-shore;40.34461;0;2022-09-14 10:00:00+00:00
1663153200;-3;34.15307;203.61436;Cross-shore;40.34461;0;2022-09-14 11:00:00+00:00
1663156800;-3;40.2062;211.72091;Cross-shore;44.77943;0;2022-09-14 12:00:00+00:00
1663160400;-3;40.2062;211.72091;Cross-shore;44.77943;0;2022-09-14 13:00:00+00:00
1663164000;-3;40.2062;211.72091;Cross-shore;44.77943;0;2022-09-14 14:00:00+00:00
1663167600;-3;37.6826;214.76914;Cross-shore;41.46172;0;2022-09-14 15:00:00+00:00
1663171200;-3;37.6826;214.76914;Cross-shore;41.46172;0;2022-09-14 16:00:00+00:00
1663174800;-3;37.6826;214.76914;Cross-shore;41.46172;0;2022-09-14 17:00:00+00:00
1663178400;-3;34.10159;205.56984;Cross-shore;38.96144;0;2022-09-14 18:00:00+00:00
1663182000;-3;34.10159;205.56984;Cross-shore;38.96144;0;2022-09-14 19:00:00+00:00
1663185600;-3;34.10159;205.56984;Cross-shore;38.96144;0;2022-09-14 20:00:00+00:00
1663189200;-3;34.63039;204.2092;Cross-shore;38.52183;0;2022-09-14 21:00:00+00:00
1663192800;-3;34.63039;204.2092;Cross-shore;38.52183;0;2022-09-14 22:00:00+00:00
1663196400;-3;34.63039;204.2092;Cross-shore;38.52183;0;2022-09-14 23:00:00+00:00
1663200000;-3;32.94533;204.38655;Cross-shore;36.72217;0;2022-09-15 00:00:00+00:00
1663203600;-3;32.94533;204.38655;Cross-shore;36.72217;0;2022-09-15 01:00:00+00:00
1663207200;-3;32.94533;204.38655;Cross-shore;36.72217;0;2022-09-15 02:00:00+00:00
1663210800;-3;30.93532;209.84953;Cross-shore;32.78435;0;2022-09-15 03:00:00+00:00
1663214400;-3;30.93532;209.84953;Cross-shore;32.78435;0;2022-09-15 04:00:00+00:00
1663218000;-3;30.93532;209.84953;Cross-shore;32.78435;0;2022-09-15 05:00:00+00:00
1663221600;-3;36.63107;214.52371;Cross-shore;36.63107;0;2022-09-15 06:00:00+00:00
1663225200;-3;36.63107;214.52371;Cross-shore;36.63107;0;2022-09-15 07:00:00+00:00
1663228800;-3;36.63107;214.52371;Cross-shore;36.63107;0;2022-09-15 08:00:00+00:00
1663232400;-3;34.75623;206.38451;Cross-shore;34.75623;0;2022-09-15 09:00:00+00:00
1663236000;-3;34.75623;206.38451;Cross-shore;34.75623;0;2022-09-15 10:00:00+00:00
1663239600;-3;34.75623;206.38451;Cross-shore;34.75623;0;2022-09-15 11:00:00+00:00
1663243200;-3;14.19577;169.6067;Onshore;17.38802;0;2022-09-15 12:00:00+00:00
1663246800;-3;14.19577;169.6067;Onshore;17.38802;0;2022-09-15 13:00:00+00:00
1663250400;-3;14.19577;169.6067;Onshore;17.38802;0;2022-09-15 14:00:00+00:00
1663254000;-3;18.97538;138.96691;Onshore;22.05747;0;2022-09-15 15:00:00+00:00
1663257600;-3;18.97538;138.96691;Onshore;22.05747;0;2022-09-15 16:00:00+00:00
1663261200;-3;18.97538;138.96691;Onshore;22.05747;0;2022-09-15 17:00:00+00:00
1663264800;-3;18.05204;167.02516;Onshore;19.51568;0;2022-09-15 18:00:00+00:00
1663268400;-3;18.05204;167.02516;Onshore;19.51568;0;2022-09-15 19:00:00+00:00
1663272000;-3;18.05204;167.02516;Onshore;19.51568;0;2022-09-15 20:00:00+00:00
1663275600;-3;22.03821;131.36784;Onshore;24.54409;0;2022-09-15 21:00:00+00:00
1663279200;-3;22.03821;131.36784;Onshore;24.54409;0;2022-09-15 22:00:00+00:00
1663282800;-3;22.03821;131.36784;Onshore;24.54409;0;2022-09-15 23:00:00+00:00
1663286400;-3;22.50487;128.37547;Onshore;25.2211;0;2022-09-16 00:00:00+00:00
1663290000;-3;22.50487;128.37547;Onshore;25.2211;0;2022-09-16 01:00:00+00:00
1663293600;-3;22.50487;128.37547;Onshore;25.2211;0;2022-09-16 02:00:00+00:00
1663297200;-3;22.09907;125.60537;Onshore;23.50176;0;2022-09-16 03:00:00+00:00
1663300800;-3;22.09907;125.60537;Onshore;23.50176;0;2022-09-16 04:00:00+00:00
1663304400;-3;22.09907;125.60537;Onshore;23.50176;0;2022-09-16 05:00:00+00:00
1663308000;-3;19.52267;121.52676;Onshore;21.27225;0;2022-09-16 06:00:00+00:00
1663311600;-3;19.52267;121.52676;Onshore;21.27225;0;2022-09-16 07:00:00+00:00
1663315200;-3;19.52267;121.52676;Onshore;21.27225;0;2022-09-16 08:00:00+00:00
1663318800;-3;22.76069;123.11065;Onshore;23.41974;0;2022-09-16 09:00:00+00:00
1663322400;-3;22.76069;123.11065;Onshore;23.41974;0;2022-09-16 10:00:00+00:00
1663326000;-3;22.76069;123.11065;Onshore;23.41974;0;2022-09-16 11:00:00+00:00
1663329600;-3;24.13493;119.13373;Onshore;24.13493;0;2022-09-16 12:00:00+00:00
1663333200;-3;24.13493;119.13373;Onshore;24.13493;0;2022-09-16 13:00:00+00:00
1663336800;-3;24.13493;119.13373;Onshore;24.13493;0;2022-09-16 14:00:00+00:00
1663340400;-3;25.22817;122.46418;Onshore;25.73265;0;2022-09-16 15:00:00+00:00
1663344000;-3;25.22817;122.46418;Onshore;25.73265;0;2022-09-16 16:00:00+00:00
1663347600;-3;25.22817;122.46418;Onshore;25.73265;0;2022-09-16 17:00:00+00:00
1663351200;-3;21.86745;130.23672;Onshore;22.41396;0;2022-09-16 18:00:00+00:00
1663354800;-3;21.86745;130.23672;Onshore;22.41396;0;2022-09-16 19:00:00+00:00
1663358400;-3;21.86745;130.23672;Onshore;22.41396;0;2022-09-16 20:00:00+00:00
1663362000;-3;18.93699;137.73852;Onshore;20.94874;0;2022-09-16 21:00:00+00:00
1663365600;-3;18.93699;137.73852;Onshore;20.94874;0;2022-09-16 22:00:00+00:00
1663369200;-3;18.93699;137.73852;Onshore;20.94874;0;2022-09-16 23:00:00+00:00
1663372800;-3;19.43295;127.82323;Onshore;20.56737;0;2022-09-17 00:00:00+00:00
1663376400;-3;19.43295;127.82323;Onshore;20.56737;0;2022-09-17 01:00:00+00:00
1663380000;-3;19.43295;127.82323;Onshore;20.56737;0;2022-09-17 02:00:00+00:00
