timestamp;utcOffset;type;height;datetime_utc
1663383600;-3;NORMAL;0.27;2022-09-17 03:00:00+00:00
1663385905;-3;HIGH;0.27;2022-09-17 03:38:25+00:00
1663387200;-3;NORMAL;0.27;2022-09-17 04:00:00+00:00
1663388058;-3;LOW;0.28;2022-09-17 04:14:18+00:00
1663390800;-3;NORMAL;0.28;2022-09-17 05:00:00+00:00
1663394400;-3;NORMAL;0.32;2022-09-17 06:00:00+00:00
1663398000;-3;NORMAL;0.4;2022-09-17 07:00:00+00:00
1663401600;-3;NORMAL;0.48;2022-09-17 08:00:00+00:00
1663405200;-3;NORMAL;0.55;2022-09-17 09:00:00+00:00
1663408345;-3;HIGH;0.58;2022-09-17 09:52:25+00:00
1663408800;-3;NORMAL;0.58;2022-09-17 10:00:00+00:00
1663412400;-3;NORMAL;0.55;2022-09-17 11:00:00+00:00
1663416000;-3;NORMAL;0.49;2022-09-17 12:00:00+00:00
1663419600;-3;NORMAL;0.44;2022-09-17 13:00:00+00:00
1663421930;-3;LOW;0.43;2022-09-17 13:38:50+00:00
1663423200;-3;NORMAL;0.44;2022-09-17 14:00:00+00:00
1663426800;-3;NORMAL;0.46;2022-09-17 15:00:00+00:00
1663428058;-3;HIGH;0.46;2022-09-17 15:20:58+00:00
1663430400;-3;NORMAL;0.46;2022-09-17 16:00:00+00:00
1663434000;-3;NORMAL;0.45;2022-09-17 17:00:00+00:00
1663437049;-3;LOW;0.45;2022-09-17 17:50:49+00:00
1663437600;-3;NORMAL;0.45;2022-09-17 18:00:00+00:00
1663441200;-3;NORMAL;0.46;2022-09-17 19:00:00+00:00
1663444800;-3;NORMAL;0.48;2022-09-17 20:00:00+00:00
1663448400;-3;NORMAL;0.52;2022-09-17 21:00:00+00:00
1663450799;-3;HIGH;0.53;2022-09-17 21:39:59+00:00
1663452000;-3;NORMAL;0.52;2022-09-17 22:00:00+00:00
1663455600;-3;NORMAL;0.48;2022-09-17 23:00:00+00:00
1663459200;-3;NORMAL;0.4;2022-09-18 00:00:00+00:00
1663462800;-3;NORMAL;0.33;2022-09-18 01:00:00+00:00
1663466400;-3;NORMAL;0.3;2022-09-18 02:00:00+00:00
1663467308;-3;LOW;0.3;2022-09-18 02:15:08+00:00
1663470000;-3;NORMAL;0.3;2022-09-18 03:00:00+00:00
1663471226;-3;HIGH;0.31;2022-09-18 03:20:26+00:00
1663473600;-3;NORMAL;0.3;2022-09-18 04:00:00+00:00
1663477200;-3;NORMAL;0.3;2022-09-18 05:00:00+00:00
1663479832;-3;LOW;0.3;2022-09-18 05:43:52+00:00
1663480800;-3;NORMAL;0.3;2022-09-18 06:00:00+00:00
1663484400;-3;NORMAL;0.31;2022-09-18 07:00:00+00:00
1663488000;-3;NORMAL;0.34;2022-09-18 08:00:00+00:00
1663491600;-3;NORMAL;0.41;2022-09-18 09:00:00+00:00
1663495200;-3;NORMAL;0.5;2022-09-18 10:00:00+00:00
1663498226;-3;HIGH;0.52;2022-09-18 10:50:26+00:00
1663498800;-3;NORMAL;0.52;2022-09-18 11:00:00+00:00
1663502400;-3;NORMAL;0.5;2022-09-18 12:00:00+00:00
1663506000;-3;NORMAL;0.48;2022-09-18 13:00:00+00:00
1663508456;-3;LOW;0.47;2022-09-18 13:40:56+00:00
1663509600;-3;NORMAL;0.47;2022-09-18 14:00:00+00:00
1663513200;-3;NORMAL;0.5;2022-09-18 15:00:00+00:00
1663515801;-3;HIGH;0.51;2022-09-18 15:43:21+00:00
1663516800;-3;NORMAL;0.51;2022-09-18 16:00:00+00:00
1663520400;-3;NORMAL;0.5;2022-09-18 17:00:00+00:00
1663524000;-3;NORMAL;0.48;2022-09-18 18:00:00+00:00
1663527600;-3;NORMAL;0.45;2022-09-18 19:00:00+00:00
1663531200;-3;NORMAL;0.42;2022-09-18 20:00:00+00:00
1663532999;-3;LOW;0.42;2022-09-18 20:29:59+00:00
1663534800;-3;NORMAL;0.42;2022-09-18 21:00:00+00:00
1663538400;-3;NORMAL;0.47;2022-09-18 22:00:00+00:00
1663540689;-3;HIGH;0.49;2022-09-18 22:38:09+00:00
1663542000;-3;NORMAL;0.49;2022-09-18 23:00:00+00:00
1663545600;-3;NORMAL;0.44;2022-09-19 00:00:00+00:00
1663549200;-3;NORMAL;0.39;2022-09-19 01:00:00+00:00
1663552800;-3;NORMAL;0.37;2022-09-19 02:00:00+00:00
1663556400;-3;NORMAL;0.36;2022-09-19 03:00:00+00:00
1663560000;-3;NORMAL;0.35;2022-09-19 04:00:00+00:00
1663563600;-3;NORMAL;0.34;2022-09-19 05:00:00+00:00
1663567200;-3;NORMAL;0.32;2022-09-19 06:00:00+00:00
1663570800;-3;NORMAL;0.28;2022-09-19 07:00:00+00:00
1663574400;-3;NORMAL;0.25;2022-09-19 08:00:00+00:00
1663575733;-3;LOW;0.25;2022-09-19 08:22:13+00:00
1663578000;-3;NORMAL;0.26;2022-09-19 09:00:00+00:00
1663581600;-3;NORMAL;0.35;2022-09-19 10:00:00+00:00
1663585200;-3;NORMAL;0.44;2022-09-19 11:00:00+00:00
1663588800;-3;NORMAL;0.49;2022-09-19 12:00:00+00:00
1663592400;-3;NORMAL;0.5;2022-09-19 13:00:00+00:00
1663596000;-3;NORMAL;0.52;2022-09-19 14:00:00+00:00
1663599600;-3;NORMAL;0.54;2022-09-19 15:00:00+00:00
1663602636;-3;HIGH;0.54;2022-09-19 15:50:36+00:00
1663603200;-3;NORMAL;0.54;2022-09-19 16:00:00+00:00
1663606800;-3;NORMAL;0.53;2022-09-19 17:00:00+00:00
1663610400;-3;NORMAL;0.51;2022-09-19 18:00:00+00:00
1663614000;-3;NORMAL;0.45;2022-09-19 19:00:00+00:00
1663617600;-3;NORMAL;0.39;2022-09-19 20:00:00+00:00
1663621200;-3;NORMAL;0.35;2022-09-19 21:00:00+00:00
1663621764;-3;LOW;0.35;2022-09-19 21:09:24+00:00
1663624800;-3;NORMAL;0.38;2022-09-19 22:00:00+00:00
1663628400;-3;NORMAL;0.45;2022-09-19 23:00:00+00:00
1663632000;-3;NORMAL;0.47;2022-09-20 00:00:00+00:00
1663632143;-3;HIGH;0.47;2022-09-20 00:02:23+00:00
1663635600;-3;NORMAL;0.47;2022-09-20 01:00:00+00:00
1663639200;-3;NORMAL;0.45;2022-09-20 02:00:00+00:00
1663642800;-3;NORMAL;0.44;2022-09-20 03:00:00+00:00
1663646400;-3;NORMAL;0.41;2022-09-20 04:00:00+00:00
1663650000;-3;NORMAL;0.39;2022-09-20 05:00:00+00:00
1663653600;-3;NORMAL;0.35;2022-09-20 06:00:00+00:00
1663657200;-3;NORMAL;0.29;2022-09-20 07:00:00+00:00
1663660800;-3;NORMAL;0.22;2022-09-20 08:00:00+00:00
1663664400;-3;NORMAL;0.17;2022-09-20 09:00:00+00:00
1663664873;-3;LOW;0.17;2022-09-20 09:07:53+00:00
1663668000;-3;NORMAL;0.21;2022-09-20 10:00:00+00:00
1663671600;-3;NORMAL;0.32;2022-09-20 11:00:00+00:00
1663675200;-3;NORMAL;0.43;2022-09-20 12:00:00+00:00
1663678800;-3;NORMAL;0.51;2022-09-20 13:00:00+00:00
1663682400;-3;NORMAL;0.56;2022-09-20 14:00:00+00:00
1663686000;-3;NORMAL;0.58;2022-09-20 15:00:00+00:00
1663686525;-3;HIGH;0.58;2022-09-20 15:08:45+00:00
1663689600;-3;NORMAL;0.58;2022-09-20 16:00:00+00:00
1663693200;-3;NORMAL;0.57;2022-09-20 17:00:00+00:00
1663696800;-3;NORMAL;0.55;2022-09-20 18:00:00+00:00
1663700400;-3;NORMAL;0.48;2022-09-20 19:00:00+00:00
1663704000;-3;NORMAL;0.38;2022-09-20 20:00:00+00:00
1663707600;-3;NORMAL;0.3;2022-09-20 21:00:00+00:00
1663710110;-3;LOW;0.28;2022-09-20 21:41:50+00:00
1663711200;-3;NORMAL;0.29;2022-09-20 22:00:00+00:00
1663714800;-3;NORMAL;0.35;2022-09-20 23:00:00+00:00
1663718400;-3;NORMAL;0.44;2022-09-21 00:00:00+00:00
1663722000;-3;NORMAL;0.51;2022-09-21 01:00:00+00:00
1663725600;-3;NORMAL;0.55;2022-09-21 02:00:00+00:00
1663726219;-3;HIGH;0.55;2022-09-21 02:10:19+00:00
1663729200;-3;NORMAL;0.53;2022-09-21 03:00:00+00:00
1663732800;-3;NORMAL;0.49;2022-09-21 04:00:00+00:00
1663736400;-3;NORMAL;0.45;2022-09-21 05:00:00+00:00
1663740000;-3;NORMAL;0.4;2022-09-21 06:00:00+00:00
1663743600;-3;NORMAL;0.33;2022-09-21 07:00:00+00:00
1663747200;-3;NORMAL;0.22;2022-09-21 08:00:00+00:00
1663750800;-3;NORMAL;0.12;2022-09-21 09:00:00+00:00
1663753535;-3;LOW;0.1;2022-09-21 09:45:35+00:00
1663754400;-3;NORMAL;0.1;2022-09-21 10:00:00+00:00
1663758000;-3;NORMAL;0.18;2022-09-21 11:00:00+00:00
1663761600;-3;NORMAL;0.32;2022-09-21 12:00:00+00:00
1663765200;-3;NORMAL;0.47;2022-09-21 13:00:00+00:00
1663768800;-3;NORMAL;0.59;2022-09-21 14:00:00+00:00
1663772400;-3;NORMAL;0.64;2022-09-21 15:00:00+00:00
1663773275;-3;HIGH;0.64;2022-09-21 15:14:35+00:00
1663776000;-3;NORMAL;0.64;2022-09-21 16:00:00+00:00
1663779600;-3;NORMAL;0.62;2022-09-21 17:00:00+00:00
1663783200;-3;NORMAL;0.59;2022-09-21 18:00:00+00:00
1663786800;-3;NORMAL;0.52;2022-09-21 19:00:00+00:00
1663790400;-3;NORMAL;0.41;2022-09-21 20:00:00+00:00
1663794000;-3;NORMAL;0.29;2022-09-21 21:00:00+00:00
1663797600;-3;NORMAL;0.23;2022-09-21 22:00:00+00:00
1663798585;-3;LOW;0.23;2022-09-21 22:16:25+00:00
1663801200;-3;NORMAL;0.26;2022-09-21 23:00:00+00:00
1663804800;-3;NORMAL;0.36;2022-09-22 00:00:00+00:00
1663808400;-3;NORMAL;0.49;2022-09-22 01:00:00+00:00
1663812000;-3;NORMAL;0.61;2022-09-22 02:00:00+00:00
1663814885;-3;HIGH;0.64;2022-09-22 02:48:05+00:00
1663815600;-3;NORMAL;0.64;2022-09-22 03:00:00+00:00
1663819200;-3;NORMAL;0.6;2022-09-22 04:00:00+00:00
1663822800;-3;NORMAL;0.54;2022-09-22 05:00:00+00:00
1663826400;-3;NORMAL;0.47;2022-09-22 06:00:00+00:00
1663830000;-3;NORMAL;0.38;2022-09-22 07:00:00+00:00
1663833600;-3;NORMAL;0.25;2022-09-22 08:00:00+00:00
1663837200;-3;NORMAL;0.12;2022-09-22 09:00:00+00:00
1663840800;-3;NORMAL;0.05;2022-09-22 10:00:00+00:00
1663842292;-3;LOW;0.04;2022-09-22 10:24:52+00:00
1663844400;-3;NORMAL;0.06;2022-09-22 11:00:00+00:00
1663848000;-3;NORMAL;0.17;2022-09-22 12:00:00+00:00
1663851600;-3;NORMAL;0.36;2022-09-22 13:00:00+00:00
1663855200;-3;NORMAL;0.56;2022-09-22 14:00:00+00:00
1663858800;-3;NORMAL;0.68;2022-09-22 15:00:00+00:00
1663861281;-3;HIGH;0.7;2022-09-22 15:41:21+00:00
1663862400;-3;NORMAL;0.7;2022-09-22 16:00:00+00:00
1663866000;-3;NORMAL;0.68;2022-09-22 17:00:00+00:00
1663869600;-3;NORMAL;0.64;2022-09-22 18:00:00+00:00
1663873200;-3;NORMAL;0.56;2022-09-22 19:00:00+00:00
1663876800;-3;NORMAL;0.44;2022-09-22 20:00:00+00:00
1663880400;-3;NORMAL;0.31;2022-09-22 21:00:00+00:00
1663884000;-3;NORMAL;0.22;2022-09-22 22:00:00+00:00
1663887299;-3;LOW;0.19;2022-09-22 22:54:59+00:00
1663887600;-3;NORMAL;0.19;2022-09-22 23:00:00+00:00
1663891200;-3;NORMAL;0.25;2022-09-23 00:00:00+00:00
1663894800;-3;NORMAL;0.41;2022-09-23 01:00:00+00:00
1663898400;-3;NORMAL;0.6;2022-09-23 02:00:00+00:00
1663902000;-3;NORMAL;0.71;2022-09-23 03:00:00+00:00
1663903438;-3;HIGH;0.72;2022-09-23 03:23:58+00:00
1663905600;-3;NORMAL;0.71;2022-09-23 04:00:00+00:00
1663909200;-3;NORMAL;0.65;2022-09-23 05:00:00+00:00
1663912800;-3;NORMAL;0.56;2022-09-23 06:00:00+00:00
1663916400;-3;NORMAL;0.45;2022-09-23 07:00:00+00:00
1663920000;-3;NORMAL;0.31;2022-09-23 08:00:00+00:00
1663923600;-3;NORMAL;0.15;2022-09-23 09:00:00+00:00
1663927200;-3;NORMAL;0.04;2022-09-23 10:00:00+00:00
1663930800;-3;NORMAL;-0.01;2022-09-23 11:00:00+00:00
1663931243;-3;LOW;-0.01;2022-09-23 11:07:23+00:00
1663934400;-3;NORMAL;0.04;2022-09-23 12:00:00+00:00
1663938000;-3;NORMAL;0.21;2022-09-23 13:00:00+00:00
1663941600;-3;NORMAL;0.47;2022-09-23 14:00:00+00:00
1663945200;-3;NORMAL;0.67;2022-09-23 15:00:00+00:00
1663948800;-3;NORMAL;0.76;2022-09-23 16:00:00+00:00
1663949894;-3;HIGH;0.76;2022-09-23 16:18:14+00:00
1663952400;-3;NORMAL;0.75;2022-09-23 17:00:00+00:00
1663956000;-3;NORMAL;0.7;2022-09-23 18:00:00+00:00
1663959600;-3;NORMAL;0.61;2022-09-23 19:00:00+00:00
1663963200;-3;NORMAL;0.49;2022-09-23 20:00:00+00:00
1663966800;-3;NORMAL;0.35;2022-09-23 21:00:00+00:00
1663970400;-3;NORMAL;0.23;2022-09-23 22:00:00+00:00
1663974000;-3;NORMAL;0.16;2022-09-23 23:00:00+00:00
1663976029;-3;LOW;0.15;2022-09-23 23:33:49+00:00
1663977600;-3;NORMAL;0.16;2022-09-24 00:00:00+00:00
1663981200;-3;NORMAL;0.29;2022-09-24 01:00:00+00:00
1663984800;-3;NORMAL;0.51;2022-09-24 02:00:00+00:00
1663988400;-3;NORMAL;0.71;2022-09-24 03:00:00+00:00
1663992000;-3;NORMAL;0.79;2022-09-24 04:00:00+00:00
1663992250;-3;HIGH;0.79;2022-09-24 04:04:10+00:00
1663995600;-3;NORMAL;0.76;2022-09-24 05:00:00+00:00
1663999200;-3;NORMAL;0.67;2022-09-24 06:00:00+00:00
1664002800;-3;NORMAL;0.54;2022-09-24 07:00:00+00:00
1664006400;-3;NORMAL;0.38;2022-09-24 08:00:00+00:00
1664010000;-3;NORMAL;0.21;2022-09-24 09:00:00+00:00
1664013600;-3;NORMAL;0.08;2022-09-24 10:00:00+00:00
1664017200;-3;NORMAL;-0.02;2022-09-24 11:00:00+00:00
1664020027;-3;LOW;-0.04;2022-09-24 11:47:07+00:00
1664020800;-3;NORMAL;-0.04;2022-09-24 12:00:00+00:00
1664024400;-3;NORMAL;0.07;2022-09-24 13:00:00+00:00
1664028000;-3;NORMAL;0.32;2022-09-24 14:00:00+00:00
1664031600;-3;NORMAL;0.59;2022-09-24 15:00:00+00:00
1664035200;-3;NORMAL;0.76;2022-09-24 16:00:00+00:00
1664038661;-3;HIGH;0.81;2022-09-24 16:57:41+00:00
1664038800;-3;NORMAL;0.81;2022-09-24 17:00:00+00:00
1664042400;-3;NORMAL;0.77;2022-09-24 18:00:00+00:00
1664046000;-3;NORMAL;0.67;2022-09-24 19:00:00+00:00
1664049600;-3;NORMAL;0.54;2022-09-24 20:00:00+00:00
1664053200;-3;NORMAL;0.39;2022-09-24 21:00:00+00:00
1664056800;-3;NORMAL;0.27;2022-09-24 22:00:00+00:00
1664060400;-3;NORMAL;0.17;2022-09-24 23:00:00+00:00
1664064000;-3;NORMAL;0.13;2022-09-25 00:00:00+00:00
1664064413;-3;LOW;0.13;2022-09-25 00:06:53+00:00
1664067600;-3;NORMAL;0.19;2022-09-25 01:00:00+00:00
1664071200;-3;NORMAL;0.39;2022-09-25 02:00:00+00:00
1664074800;-3;NORMAL;0.64;2022-09-25 03:00:00+00:00
1664078400;-3;NORMAL;0.8;2022-09-25 04:00:00+00:00
1664081309;-3;HIGH;0.84;2022-09-25 04:48:29+00:00
1664082000;-3;NORMAL;0.84;2022-09-25 05:00:00+00:00
1664085600;-3;NORMAL;0.78;2022-09-25 06:00:00+00:00
1664089200;-3;NORMAL;0.65;2022-09-25 07:00:00+00:00
1664092800;-3;NORMAL;0.47;2022-09-25 08:00:00+00:00
1664096400;-3;NORMAL;0.29;2022-09-25 09:00:00+00:00
1664100000;-3;NORMAL;0.14;2022-09-25 10:00:00+00:00
1664103600;-3;NORMAL;0.02;2022-09-25 11:00:00+00:00
1664107200;-3;NORMAL;-0.05;2022-09-25 12:00:00+00:00
1664108448;-3;LOW;-0.05;2022-09-25 12:20:48+00:00
1664110800;-3;NORMAL;-0.02;2022-09-25 13:00:00+00:00
1664114400;-3;NORMAL;0.17;2022-09-25 14:00:00+00:00
1664118000;-3;NORMAL;0.45;2022-09-25 15:00:00+00:00
1664121600;-3;NORMAL;0.69;2022-09-25 16:00:00+00:00
1664125200;-3;NORMAL;0.82;2022-09-25 17:00:00+00:00
1664127099;-3;HIGH;0.84;2022-09-25 17:31:39+00:00
1664128800;-3;NORMAL;0.82;2022-09-25 18:00:00+00:00
1664132400;-3;NORMAL;0.74;2022-09-25 19:00:00+00:00
1664136000;-3;NORMAL;0.59;2022-09-25 20:00:00+00:00
1664139600;-3;NORMAL;0.44;2022-09-25 21:00:00+00:00
1664143200;-3;NORMAL;0.31;2022-09-25 22:00:00+00:00
1664146800;-3;NORMAL;0.21;2022-09-25 23:00:00+00:00
1664150400;-3;NORMAL;0.13;2022-09-26 00:00:00+00:00
1664152481;-3;LOW;0.12;2022-09-26 00:34:41+00:00
1664154000;-3;NORMAL;0.13;2022-09-26 01:00:00+00:00
1664157600;-3;NORMAL;0.27;2022-09-26 02:00:00+00:00
1664161200;-3;NORMAL;0.51;2022-09-26 03:00:00+00:00
1664164800;-3;NORMAL;0.73;2022-09-26 04:00:00+00:00
1664168400;-3;NORMAL;0.87;2022-09-26 05:00:00+00:00
1664170129;-3;HIGH;0.88;2022-09-26 05:28:49+00:00
1664172000;-3;NORMAL;0.87;2022-09-26 06:00:00+00:00
1664175600;-3;NORMAL;0.76;2022-09-26 07:00:00+00:00
1664179200;-3;NORMAL;0.58;2022-09-26 08:00:00+00:00
1664182800;-3;NORMAL;0.39;2022-09-26 09:00:00+00:00
1664186400;-3;NORMAL;0.23;2022-09-26 10:00:00+00:00
1664190000;-3;NORMAL;0.1;2022-09-26 11:00:00+00:00
1664193600;-3;NORMAL;0.0;2022-09-26 12:00:00+00:00
1664196590;-3;LOW;-0.03;2022-09-26 12:49:50+00:00
1664197200;-3;NORMAL;-0.03;2022-09-26 13:00:00+00:00
1664200800;-3;NORMAL;0.07;2022-09-26 14:00:00+00:00
1664204400;-3;NORMAL;0.3;2022-09-26 15:00:00+00:00
1664208000;-3;NORMAL;0.56;2022-09-26 16:00:00+00:00
1664211600;-3;NORMAL;0.76;2022-09-26 17:00:00+00:00
1664215200;-3;NORMAL;0.84;2022-09-26 18:00:00+00:00
1664215300;-3;HIGH;0.84;2022-09-26 18:01:40+00:00
1664218800;-3;NORMAL;0.79;2022-09-26 19:00:00+00:00
1664222400;-3;NORMAL;0.65;2022-09-26 20:00:00+00:00
1664226000;-3;NORMAL;0.49;2022-09-26 21:00:00+00:00
1664229600;-3;NORMAL;0.36;2022-09-26 22:00:00+00:00
1664233200;-3;NORMAL;0.25;2022-09-26 23:00:00+00:00
1664236800;-3;NORMAL;0.16;2022-09-27 00:00:00+00:00
1664240288;-3;LOW;0.12;2022-09-27 00:58:08+00:00
1664240400;-3;NORMAL;0.12;2022-09-27 01:00:00+00:00
1664244000;-3;NORMAL;0.19;2022-09-27 02:00:00+00:00
1664247600;-3;NORMAL;0.38;2022-09-27 03:00:00+00:00
1664251200;-3;NORMAL;0.61;2022-09-27 04:00:00+00:00
1664254800;-3;NORMAL;0.8;2022-09-27 05:00:00+00:00
1664258400;-3;NORMAL;0.9;2022-09-27 06:00:00+00:00
1664258668;-3;HIGH;0.9;2022-09-27 06:04:28+00:00
1664262000;-3;NORMAL;0.84;2022-09-27 07:00:00+00:00
1664265600;-3;NORMAL;0.69;2022-09-27 08:00:00+00:00
1664269200;-3;NORMAL;0.5;2022-09-27 09:00:00+00:00
1664272800;-3;NORMAL;0.34;2022-09-27 10:00:00+00:00
1664276400;-3;NORMAL;0.2;2022-09-27 11:00:00+00:00
1664280000;-3;NORMAL;0.09;2022-09-27 12:00:00+00:00
1664283600;-3;NORMAL;0.03;2022-09-27 13:00:00+00:00
1664284567;-3;LOW;0.02;2022-09-27 13:16:07+00:00
1664287200;-3;NORMAL;0.06;2022-09-27 14:00:00+00:00
1664290800;-3;NORMAL;0.2;2022-09-27 15:00:00+00:00
1664294400;-3;NORMAL;0.42;2022-09-27 16:00:00+00:00
1664298000;-3;NORMAL;0.64;2022-09-27 17:00:00+00:00
1664301600;-3;NORMAL;0.79;2022-09-27 18:00:00+00:00
1664303337;-3;HIGH;0.81;2022-09-27 18:28:57+00:00
1664305200;-3;NORMAL;0.8;2022-09-27 19:00:00+00:00
1664308800;-3;NORMAL;0.69;2022-09-27 20:00:00+00:00
1664312400;-3;NORMAL;0.54;2022-09-27 21:00:00+00:00
1664316000;-3;NORMAL;0.4;2022-09-27 22:00:00+00:00
1664319600;-3;NORMAL;0.28;2022-09-27 23:00:00+00:00
1664323200;-3;NORMAL;0.19;2022-09-28 00:00:00+00:00
1664326800;-3;NORMAL;0.14;2022-09-28 01:00:00+00:00
1664327802;-3;LOW;0.14;2022-09-28 01:16:42+00:00
1664330400;-3;NORMAL;0.17;2022-09-28 02:00:00+00:00
1664334000;-3;NORMAL;0.28;2022-09-28 03:00:00+00:00
1664337600;-3;NORMAL;0.46;2022-09-28 04:00:00+00:00
1664341200;-3;NORMAL;0.68;2022-09-28 05:00:00+00:00
1664344800;-3;NORMAL;0.84;2022-09-28 06:00:00+00:00
1664347057;-3;HIGH;0.88;2022-09-28 06:37:37+00:00
1664348400;-3;NORMAL;0.87;2022-09-28 07:00:00+00:00
1664352000;-3;NORMAL;0.77;2022-09-28 08:00:00+00:00
1664355600;-3;NORMAL;0.61;2022-09-28 09:00:00+00:00
1664359200;-3;NORMAL;0.45;2022-09-28 10:00:00+00:00
1664362800;-3;NORMAL;0.31;2022-09-28 11:00:00+00:00
1664366400;-3;NORMAL;0.2;2022-09-28 12:00:00+00:00
1664370000;-3;NORMAL;0.13;2022-09-28 13:00:00+00:00
1664372393;-3;LOW;0.11;2022-09-28 13:39:53+00:00
1664373600;-3;NORMAL;0.12;2022-09-28 14:00:00+00:00
1664377200;-3;NORMAL;0.19;2022-09-28 15:00:00+00:00
1664380800;-3;NORMAL;0.32;2022-09-28 16:00:00+00:00
1664384400;-3;NORMAL;0.51;2022-09-28 17:00:00+00:00
1664388000;-3;NORMAL;0.69;2022-09-28 18:00:00+00:00
1664391356;-3;HIGH;0.76;2022-09-28 18:55:56+00:00
1664391600;-3;NORMAL;0.76;2022-09-28 19:00:00+00:00
1664395200;-3;NORMAL;0.7;2022-09-28 20:00:00+00:00
1664398800;-3;NORMAL;0.57;2022-09-28 21:00:00+00:00
1664402400;-3;NORMAL;0.44;2022-09-28 22:00:00+00:00
1664406000;-3;NORMAL;0.32;2022-09-28 23:00:00+00:00
1664409600;-3;NORMAL;0.22;2022-09-29 00:00:00+00:00
1664413200;-3;NORMAL;0.17;2022-09-29 01:00:00+00:00
1664414909;-3;LOW;0.16;2022-09-29 01:28:29+00:00
1664416800;-3;NORMAL;0.17;2022-09-29 02:00:00+00:00
1664420400;-3;NORMAL;0.24;2022-09-29 03:00:00+00:00
1664424000;-3;NORMAL;0.35;2022-09-29 04:00:00+00:00
1664427600;-3;NORMAL;0.52;2022-09-29 05:00:00+00:00
1664431200;-3;NORMAL;0.72;2022-09-29 06:00:00+00:00
1664434800;-3;NORMAL;0.82;2022-09-29 07:00:00+00:00
1664435556;-3;HIGH;0.83;2022-09-29 07:12:36+00:00
1664438400;-3;NORMAL;0.79;2022-09-29 08:00:00+00:00
1664442000;-3;NORMAL;0.69;2022-09-29 09:00:00+00:00
1664445600;-3;NORMAL;0.56;2022-09-29 10:00:00+00:00
1664449200;-3;NORMAL;0.43;2022-09-29 11:00:00+00:00
1664452800;-3;NORMAL;0.32;2022-09-29 12:00:00+00:00
1664456400;-3;NORMAL;0.25;2022-09-29 13:00:00+00:00
1664459921;-3;LOW;0.23;2022-09-29 13:58:41+00:00
1664460000;-3;NORMAL;0.23;2022-09-29 14:00:00+00:00
1664463600;-3;NORMAL;0.25;2022-09-29 15:00:00+00:00
1664467200;-3;NORMAL;0.3;2022-09-29 16:00:00+00:00
1664470800;-3;NORMAL;0.41;2022-09-29 17:00:00+00:00
1664474400;-3;NORMAL;0.57;2022-09-29 18:00:00+00:00
1664478000;-3;NORMAL;0.68;2022-09-29 19:00:00+00:00
1664479402;-3;HIGH;0.69;2022-09-29 19:23:22+00:00
1664481600;-3;NORMAL;0.67;2022-09-29 20:00:00+00:00
1664485200;-3;NORMAL;0.59;2022-09-29 21:00:00+00:00
1664488800;-3;NORMAL;0.48;2022-09-29 22:00:00+00:00
1664492400;-3;NORMAL;0.36;2022-09-29 23:00:00+00:00
1664496000;-3;NORMAL;0.25;2022-09-30 00:00:00+00:00
1664499600;-3;NORMAL;0.2;2022-09-30 01:00:00+00:00
1664501535;-3;LOW;0.19;2022-09-30 01:32:15+00:00
1664503200;-3;NORMAL;0.2;2022-09-30 02:00:00+00:00
1664506800;-3;NORMAL;0.23;2022-09-30 03:00:00+00:00
1664510400;-3;NORMAL;0.29;2022-09-30 04:00:00+00:00
1664514000;-3;NORMAL;0.39;2022-09-30 05:00:00+00:00
1664517600;-3;NORMAL;0.56;2022-09-30 06:00:00+00:00
1664521200;-3;NORMAL;0.7;2022-09-30 07:00:00+00:00
1664524564;-3;HIGH;0.75;2022-09-30 07:56:04+00:00
1664524800;-3;NORMAL;0.75;2022-09-30 08:00:00+00:00
1664528400;-3;NORMAL;0.71;2022-09-30 09:00:00+00:00
1664532000;-3;NORMAL;0.63;2022-09-30 10:00:00+00:00
1664535600;-3;NORMAL;0.52;2022-09-30 11:00:00+00:00
1664539200;-3;NORMAL;0.42;2022-09-30 12:00:00+00:00
1664542800;-3;NORMAL;0.36;2022-09-30 13:00:00+00:00
1664546183;-3;LOW;0.35;2022-09-30 13:56:23+00:00
1664546400;-3;NORMAL;0.35;2022-09-30 14:00:00+00:00
1664550000;-3;NORMAL;0.35;2022-09-30 15:00:00+00:00
1664550181;-3;HIGH;0.35;2022-09-30 15:03:01+00:00
1664552231;-3;LOW;0.35;2022-09-30 15:37:11+00:00
1664553600;-3;NORMAL;0.35;2022-09-30 16:00:00+00:00
1664557200;-3;NORMAL;0.38;2022-09-30 17:00:00+00:00
1664560800;-3;NORMAL;0.47;2022-09-30 18:00:00+00:00
1664564400;-3;NORMAL;0.57;2022-09-30 19:00:00+00:00
1664567694;-3;HIGH;0.61;2022-09-30 19:54:54+00:00
1664568000;-3;NORMAL;0.61;2022-09-30 20:00:00+00:00
1664571600;-3;NORMAL;0.58;2022-09-30 21:00:00+00:00
1664575200;-3;NORMAL;0.5;2022-09-30 22:00:00+00:00
1664578800;-3;NORMAL;0.4;2022-09-30 23:00:00+00:00
1664582400;-3;NORMAL;0.29;2022-10-01 00:00:00+00:00
1664586000;-3;NORMAL;0.23;2022-10-01 01:00:00+00:00
1664588218;-3;LOW;0.22;2022-10-01 01:36:58+00:00
1664589600;-3;NORMAL;0.22;2022-10-01 02:00:00+00:00
1664593200;-3;NORMAL;0.25;2022-10-01 03:00:00+00:00
1664596800;-3;NORMAL;0.27;2022-10-01 04:00:00+00:00
1664600400;-3;NORMAL;0.31;2022-10-01 05:00:00+00:00
1664604000;-3;NORMAL;0.41;2022-10-01 06:00:00+00:00
1664607600;-3;NORMAL;0.53;2022-10-01 07:00:00+00:00
1664611200;-3;NORMAL;0.62;2022-10-01 08:00:00+00:00
1664614800;-3;NORMAL;0.66;2022-10-01 09:00:00+00:00
1664615235;-3;HIGH;0.66;2022-10-01 09:07:15+00:00
1664618400;-3;NORMAL;0.65;2022-10-01 10:00:00+00:00
1664622000;-3;NORMAL;0.59;2022-10-01 11:00:00+00:00
1664625600;-3;NORMAL;0.51;2022-10-01 12:00:00+00:00
1664629200;-3;NORMAL;0.46;2022-10-01 13:00:00+00:00
1664631641;-3;LOW;0.45;2022-10-01 13:40:41+00:00
1664632800;-3;NORMAL;0.45;2022-10-01 14:00:00+00:00
1664635409;-3;HIGH;0.46;2022-10-01 14:43:29+00:00
1664636400;-3;NORMAL;0.46;2022-10-01 15:00:00+00:00
1664640000;-3;NORMAL;0.45;2022-10-01 16:00:00+00:00
1664643600;-3;NORMAL;0.43;2022-10-01 17:00:00+00:00
1664644847;-3;LOW;0.43;2022-10-01 17:20:47+00:00
1664647200;-3;NORMAL;0.44;2022-10-01 18:00:00+00:00
1664650800;-3;NORMAL;0.49;2022-10-01 19:00:00+00:00
1664654400;-3;NORMAL;0.52;2022-10-01 20:00:00+00:00
1664657226;-3;HIGH;0.53;2022-10-01 20:47:06+00:00
1664658000;-3;NORMAL;0.53;2022-10-01 21:00:00+00:00
1664661600;-3;NORMAL;0.51;2022-10-01 22:00:00+00:00
1664665200;-3;NORMAL;0.44;2022-10-01 23:00:00+00:00
1664668800;-3;NORMAL;0.35;2022-10-02 00:00:00+00:00
1664672400;-3;NORMAL;0.28;2022-10-02 01:00:00+00:00
1664675345;-3;LOW;0.26;2022-10-02 01:49:05+00:00
1664676000;-3;NORMAL;0.26;2022-10-02 02:00:00+00:00
1664679600;-3;NORMAL;0.28;2022-10-02 03:00:00+00:00
1664681008;-3;HIGH;0.29;2022-10-02 03:23:28+00:00
1664683200;-3;NORMAL;0.29;2022-10-02 04:00:00+00:00
1664686262;-3;LOW;0.29;2022-10-02 04:51:02+00:00
1664686800;-3;NORMAL;0.29;2022-10-02 05:00:00+00:00
1664690400;-3;NORMAL;0.31;2022-10-02 06:00:00+00:00
1664694000;-3;NORMAL;0.37;2022-10-02 07:00:00+00:00
1664697600;-3;NORMAL;0.45;2022-10-02 08:00:00+00:00
1664701200;-3;NORMAL;0.54;2022-10-02 09:00:00+00:00
1664704800;-3;NORMAL;0.6;2022-10-02 10:00:00+00:00
1664706241;-3;HIGH;0.6;2022-10-02 10:24:01+00:00
1664708400;-3;NORMAL;0.6;2022-10-02 11:00:00+00:00
1664712000;-3;NORMAL;0.56;2022-10-02 12:00:00+00:00
1664715600;-3;NORMAL;0.53;2022-10-02 13:00:00+00:00
1664717327;-3;LOW;0.53;2022-10-02 13:28:47+00:00
1664719200;-3;NORMAL;0.54;2022-10-02 14:00:00+00:00
1664722800;-3;NORMAL;0.56;2022-10-02 15:00:00+00:00
1664722966;-3;HIGH;0.56;2022-10-02 15:02:46+00:00
1664726400;-3;NORMAL;0.55;2022-10-02 16:00:00+00:00
1664730000;-3;NORMAL;0.51;2022-10-02 17:00:00+00:00
1664733600;-3;NORMAL;0.48;2022-10-02 18:00:00+00:00
1664737200;-3;NORMAL;0.46;2022-10-02 19:00:00+00:00
1664740800;-3;NORMAL;0.45;2022-10-02 20:00:00+00:00
1664741308;-3;LOW;0.45;2022-10-02 20:08:28+00:00
1664744400;-3;NORMAL;0.46;2022-10-02 21:00:00+00:00
1664747981;-3;HIGH;0.48;2022-10-02 21:59:41+00:00
1664748000;-3;NORMAL;0.48;2022-10-02 22:00:00+00:00
1664751600;-3;NORMAL;0.46;2022-10-02 23:00:00+00:00
1664755200;-3;NORMAL;0.4;2022-10-03 00:00:00+00:00
1664758800;-3;NORMAL;0.35;2022-10-03 01:00:00+00:00
1664762400;-3;NORMAL;0.32;2022-10-03 02:00:00+00:00
1664762970;-3;LOW;0.32;2022-10-03 02:09:30+00:00
1664766000;-3;NORMAL;0.33;2022-10-03 03:00:00+00:00
1664766218;-3;HIGH;0.33;2022-10-03 03:03:38+00:00
1664769600;-3;NORMAL;0.32;2022-10-03 04:00:00+00:00
1664773200;-3;NORMAL;0.3;2022-10-03 05:00:00+00:00
1664776800;-3;NORMAL;0.29;2022-10-03 06:00:00+00:00
1664780400;-3;NORMAL;0.28;2022-10-03 07:00:00+00:00
1664781586;-3;LOW;0.28;2022-10-03 07:19:46+00:00
1664784000;-3;NORMAL;0.28;2022-10-03 08:00:00+00:00
1664787600;-3;NORMAL;0.34;2022-10-03 09:00:00+00:00
1664791200;-3;NORMAL;0.45;2022-10-03 10:00:00+00:00
1664794800;-3;NORMAL;0.54;2022-10-03 11:00:00+00:00
1664798400;-3;NORMAL;0.56;2022-10-03 12:00:00+00:00
1664802000;-3;NORMAL;0.57;2022-10-03 13:00:00+00:00
1664805600;-3;NORMAL;0.6;2022-10-03 14:00:00+00:00
1664809200;-3;NORMAL;0.63;2022-10-03 15:00:00+00:00
1664810702;-3;HIGH;0.64;2022-10-03 15:25:02+00:00
1664812800;-3;NORMAL;0.63;2022-10-03 16:00:00+00:00
1664816400;-3;NORMAL;0.6;2022-10-03 17:00:00+00:00
1664820000;-3;NORMAL;0.55;2022-10-03 18:00:00+00:00
1664823600;-3;NORMAL;0.48;2022-10-03 19:00:00+00:00
1664827200;-3;NORMAL;0.42;2022-10-03 20:00:00+00:00
1664830800;-3;NORMAL;0.39;2022-10-03 21:00:00+00:00
1664830833;-3;LOW;0.39;2022-10-03 21:00:33+00:00
1664834400;-3;NORMAL;0.43;2022-10-03 22:00:00+00:00
1664838000;-3;NORMAL;0.46;2022-10-03 23:00:00+00:00
1664838205;-3;HIGH;0.46;2022-10-03 23:03:25+00:00
1664841600;-3;NORMAL;0.45;2022-10-04 00:00:00+00:00
1664845200;-3;NORMAL;0.42;2022-10-04 01:00:00+00:00
1664848800;-3;NORMAL;0.4;2022-10-04 02:00:00+00:00
1664852400;-3;NORMAL;0.4;2022-10-04 03:00:00+00:00
1662001200;-3;NORMAL;0.29;2022-09-01 03:00:00+00:00
1662004800;-3;NORMAL;0.32;2022-09-01 04:00:00+00:00
1662008400;-3;NORMAL;0.4;2022-09-01 05:00:00+00:00
1662012000;-3;NORMAL;0.54;2022-09-01 06:00:00+00:00
1662015600;-3;NORMAL;0.69;2022-09-01 07:00:00+00:00
1662019200;-3;NORMAL;0.76;2022-09-01 08:00:00+00:00
1662020151;-3;HIGH;0.77;2022-09-01 08:15:51+00:00
1662022800;-3;NORMAL;0.75;2022-09-01 09:00:00+00:00
1662026400;-3;NORMAL;0.67;2022-09-01 10:00:00+00:00
1662030000;-3;NORMAL;0.54;2022-09-01 11:00:00+00:00
1662033600;-3;NORMAL;0.41;2022-09-01 12:00:00+00:00
1662037200;-3;NORMAL;0.32;2022-09-01 13:00:00+00:00
1662040800;-3;NORMAL;0.28;2022-09-01 14:00:00+00:00
1662044400;-3;NORMAL;0.28;2022-09-01 15:00:00+00:00
1662046962;-3;LOW;0.28;2022-09-01 15:42:42+00:00
1662048000;-3;NORMAL;0.28;2022-09-01 16:00:00+00:00
1662051600;-3;NORMAL;0.31;2022-09-01 17:00:00+00:00
1662055200;-3;NORMAL;0.4;2022-09-01 18:00:00+00:00
1662058800;-3;NORMAL;0.53;2022-09-01 19:00:00+00:00
1662062400;-3;NORMAL;0.62;2022-09-01 20:00:00+00:00
1662065230;-3;HIGH;0.64;2022-09-01 20:47:10+00:00
1662066000;-3;NORMAL;0.64;2022-09-01 21:00:00+00:00
1662069600;-3;NORMAL;0.6;2022-09-01 22:00:00+00:00
1662073200;-3;NORMAL;0.51;2022-09-01 23:00:00+00:00
1662076800;-3;NORMAL;0.4;2022-09-02 00:00:00+00:00
1662080400;-3;NORMAL;0.32;2022-09-02 01:00:00+00:00
1662084000;-3;NORMAL;0.29;2022-09-02 02:00:00+00:00
1662084243;-3;LOW;0.29;2022-09-02 02:04:03+00:00
1662087600;-3;NORMAL;0.3;2022-09-02 03:00:00+00:00
1662091200;-3;NORMAL;0.31;2022-09-02 04:00:00+00:00
1662094800;-3;NORMAL;0.34;2022-09-02 05:00:00+00:00
1662098400;-3;NORMAL;0.42;2022-09-02 06:00:00+00:00
1662102000;-3;NORMAL;0.53;2022-09-02 07:00:00+00:00
1662105600;-3;NORMAL;0.63;2022-09-02 08:00:00+00:00
1662109200;-3;NORMAL;0.68;2022-09-02 09:00:00+00:00
1662110547;-3;HIGH;0.69;2022-09-02 09:22:27+00:00
1662112800;-3;NORMAL;0.68;2022-09-02 10:00:00+00:00
1662116400;-3;NORMAL;0.6;2022-09-02 11:00:00+00:00
1662120000;-3;NORMAL;0.5;2022-09-02 12:00:00+00:00
1662123600;-3;NORMAL;0.41;2022-09-02 13:00:00+00:00
1662127200;-3;NORMAL;0.38;2022-09-02 14:00:00+00:00
1662130800;-3;NORMAL;0.38;2022-09-02 15:00:00+00:00
1662134400;-3;NORMAL;0.37;2022-09-02 16:00:00+00:00
1662138000;-3;NORMAL;0.36;2022-09-02 17:00:00+00:00
1662138213;-3;LOW;0.36;2022-09-02 17:03:33+00:00
1662141600;-3;NORMAL;0.38;2022-09-02 18:00:00+00:00
1662145200;-3;NORMAL;0.43;2022-09-02 19:00:00+00:00
1662148800;-3;NORMAL;0.5;2022-09-02 20:00:00+00:00
1662152400;-3;NORMAL;0.55;2022-09-02 21:00:00+00:00
1662154814;-3;HIGH;0.57;2022-09-02 21:40:14+00:00
1662156000;-3;NORMAL;0.57;2022-09-02 22:00:00+00:00
1662159600;-3;NORMAL;0.52;2022-09-02 23:00:00+00:00
1662163200;-3;NORMAL;0.43;2022-09-03 00:00:00+00:00
1662166800;-3;NORMAL;0.35;2022-09-03 01:00:00+00:00
1662170400;-3;NORMAL;0.31;2022-09-03 02:00:00+00:00
1662171801;-3;LOW;0.31;2022-09-03 02:23:21+00:00
1662174000;-3;NORMAL;0.31;2022-09-03 03:00:00+00:00
1662176136;-3;HIGH;0.31;2022-09-03 03:35:36+00:00
1662177600;-3;NORMAL;0.31;2022-09-03 04:00:00+00:00
1662179410;-3;LOW;0.32;2022-09-03 04:30:10+00:00
1662181200;-3;NORMAL;0.32;2022-09-03 05:00:00+00:00
1662184800;-3;NORMAL;0.34;2022-09-03 06:00:00+00:00
1662188400;-3;NORMAL;0.39;2022-09-03 07:00:00+00:00
1662192000;-3;NORMAL;0.46;2022-09-03 08:00:00+00:00
1662195600;-3;NORMAL;0.54;2022-09-03 09:00:00+00:00
1662199200;-3;NORMAL;0.62;2022-09-03 10:00:00+00:00
1662200813;-3;HIGH;0.62;2022-09-03 10:26:53+00:00
1662202800;-3;NORMAL;0.62;2022-09-03 11:00:00+00:00
1662206400;-3;NORMAL;0.57;2022-09-03 12:00:00+00:00
1662210000;-3;NORMAL;0.51;2022-09-03 13:00:00+00:00
1662213600;-3;NORMAL;0.48;2022-09-03 14:00:00+00:00
1662215835;-3;LOW;0.48;2022-09-03 14:37:15+00:00
1662215957;-3;HIGH;0.47;2022-09-03 14:39:17+00:00
1662217200;-3;NORMAL;0.47;2022-09-03 15:00:00+00:00
1662220800;-3;NORMAL;0.46;2022-09-03 16:00:00+00:00
1662224400;-3;NORMAL;0.44;2022-09-03 17:00:00+00:00
1662228000;-3;NORMAL;0.43;2022-09-03 18:00:00+00:00
1662231600;-3;NORMAL;0.41;2022-09-03 19:00:00+00:00
1662234723;-3;LOW;0.41;2022-09-03 19:52:03+00:00
1662235200;-3;NORMAL;0.41;2022-09-03 20:00:00+00:00
1662238800;-3;NORMAL;0.44;2022-09-03 21:00:00+00:00
1662242400;-3;NORMAL;0.49;2022-09-03 22:00:00+00:00
1662244118;-3;HIGH;0.5;2022-09-03 22:28:38+00:00
1662246000;-3;NORMAL;0.5;2022-09-03 23:00:00+00:00
1662249600;-3;NORMAL;0.44;2022-09-04 00:00:00+00:00
1662253200;-3;NORMAL;0.38;2022-09-04 01:00:00+00:00
1662256800;-3;NORMAL;0.35;2022-09-04 02:00:00+00:00
1662260400;-3;NORMAL;0.34;2022-09-04 03:00:00+00:00
1662264000;-3;NORMAL;0.33;2022-09-04 04:00:00+00:00
1662267600;-3;NORMAL;0.32;2022-09-04 05:00:00+00:00
1662271200;-3;NORMAL;0.32;2022-09-04 06:00:00+00:00
1662274800;-3;NORMAL;0.31;2022-09-04 07:00:00+00:00
1662277369;-3;LOW;0.3;2022-09-04 07:42:49+00:00
1662278400;-3;NORMAL;0.3;2022-09-04 08:00:00+00:00
1662282000;-3;NORMAL;0.35;2022-09-04 09:00:00+00:00
1662285600;-3;NORMAL;0.46;2022-09-04 10:00:00+00:00
1662289200;-3;NORMAL;0.55;2022-09-04 11:00:00+00:00
1662291996;-3;HIGH;0.57;2022-09-04 11:46:36+00:00
1662292800;-3;NORMAL;0.57;2022-09-04 12:00:00+00:00
1662296400;-3;NORMAL;0.57;2022-09-04 13:00:00+00:00
1662299561;-3;LOW;0.56;2022-09-04 13:52:41+00:00
1662300000;-3;NORMAL;0.56;2022-09-04 14:00:00+00:00
1662303600;-3;NORMAL;0.56;2022-09-04 15:00:00+00:00
1662303643;-3;HIGH;0.56;2022-09-04 15:00:43+00:00
1662307200;-3;NORMAL;0.56;2022-09-04 16:00:00+00:00
1662310800;-3;NORMAL;0.54;2022-09-04 17:00:00+00:00
1662314400;-3;NORMAL;0.51;2022-09-04 18:00:00+00:00
1662318000;-3;NORMAL;0.45;2022-09-04 19:00:00+00:00
1662321600;-3;NORMAL;0.39;2022-09-04 20:00:00+00:00
1662325200;-3;NORMAL;0.36;2022-09-04 21:00:00+00:00
1662325435;-3;LOW;0.36;2022-09-04 21:03:55+00:00
1662328800;-3;NORMAL;0.39;2022-09-04 22:00:00+00:00
1662332400;-3;NORMAL;0.45;2022-09-04 23:00:00+00:00
1662334070;-3;HIGH;0.45;2022-09-04 23:27:50+00:00
1662336000;-3;NORMAL;0.45;2022-09-05 00:00:00+00:00
1662339600;-3;NORMAL;0.43;2022-09-05 01:00:00+00:00
1662343200;-3;NORMAL;0.41;2022-09-05 02:00:00+00:00
1662346800;-3;NORMAL;0.39;2022-09-05 03:00:00+00:00
1662350400;-3;NORMAL;0.37;2022-09-05 04:00:00+00:00
1662354000;-3;NORMAL;0.35;2022-09-05 05:00:00+00:00
1662357600;-3;NORMAL;0.33;2022-09-05 06:00:00+00:00
1662361200;-3;NORMAL;0.28;2022-09-05 07:00:00+00:00
1662364800;-3;NORMAL;0.22;2022-09-05 08:00:00+00:00
1662367891;-3;LOW;0.19;2022-09-05 08:51:31+00:00
1662368400;-3;NORMAL;0.2;2022-09-05 09:00:00+00:00
1662372000;-3;NORMAL;0.26;2022-09-05 10:00:00+00:00
1662375600;-3;NORMAL;0.38;2022-09-05 11:00:00+00:00
1662379200;-3;NORMAL;0.49;2022-09-05 12:00:00+00:00
1662382800;-3;NORMAL;0.56;2022-09-05 13:00:00+00:00
1662386400;-3;NORMAL;0.61;2022-09-05 14:00:00+00:00
1662390000;-3;NORMAL;0.64;2022-09-05 15:00:00+00:00
1662391741;-3;HIGH;0.64;2022-09-05 15:29:01+00:00
1662393600;-3;NORMAL;0.64;2022-09-05 16:00:00+00:00
1662397200;-3;NORMAL;0.63;2022-09-05 17:00:00+00:00
1662400800;-3;NORMAL;0.6;2022-09-05 18:00:00+00:00
1662404400;-3;NORMAL;0.53;2022-09-05 19:00:00+00:00
1662408000;-3;NORMAL;0.42;2022-09-05 20:00:00+00:00
1662411600;-3;NORMAL;0.33;2022-09-05 21:00:00+00:00
1662414509;-3;LOW;0.31;2022-09-05 21:48:29+00:00
1662415200;-3;NORMAL;0.31;2022-09-05 22:00:00+00:00
1662418800;-3;NORMAL;0.36;2022-09-05 23:00:00+00:00
1662422400;-3;NORMAL;0.42;2022-09-06 00:00:00+00:00
1662426000;-3;NORMAL;0.46;2022-09-06 01:00:00+00:00
1662429600;-3;NORMAL;0.48;2022-09-06 02:00:00+00:00
1662429645;-3;HIGH;0.48;2022-09-06 02:00:45+00:00
1662433200;-3;NORMAL;0.47;2022-09-06 03:00:00+00:00
1662436800;-3;NORMAL;0.43;2022-09-06 04:00:00+00:00
1662440400;-3;NORMAL;0.4;2022-09-06 05:00:00+00:00
1662444000;-3;NORMAL;0.36;2022-09-06 06:00:00+00:00
1662447600;-3;NORMAL;0.3;2022-09-06 07:00:00+00:00
1662451200;-3;NORMAL;0.19;2022-09-06 08:00:00+00:00
1662454800;-3;NORMAL;0.11;2022-09-06 09:00:00+00:00
1662457010;-3;LOW;0.09;2022-09-06 09:36:50+00:00
1662458400;-3;NORMAL;0.1;2022-09-06 10:00:00+00:00
1662462000;-3;NORMAL;0.19;2022-09-06 11:00:00+00:00
1662465600;-3;NORMAL;0.33;2022-09-06 12:00:00+00:00
1662469200;-3;NORMAL;0.48;2022-09-06 13:00:00+00:00
1662472800;-3;NORMAL;0.61;2022-09-06 14:00:00+00:00
1662476400;-3;NORMAL;0.69;2022-09-06 15:00:00+00:00
1662480000;-3;NORMAL;0.71;2022-09-06 16:00:00+00:00
1662481085;-3;HIGH;0.71;2022-09-06 16:18:05+00:00
1662483600;-3;NORMAL;0.7;2022-09-06 17:00:00+00:00
1662487200;-3;NORMAL;0.68;2022-09-06 18:00:00+00:00
1662490800;-3;NORMAL;0.61;2022-09-06 19:00:00+00:00
1662494400;-3;NORMAL;0.48;2022-09-06 20:00:00+00:00
1662498000;-3;NORMAL;0.36;2022-09-06 21:00:00+00:00
1662501600;-3;NORMAL;0.28;2022-09-06 22:00:00+00:00
1662503599;-3;LOW;0.27;2022-09-06 22:33:19+00:00
1662505200;-3;NORMAL;0.28;2022-09-06 23:00:00+00:00
1662508800;-3;NORMAL;0.35;2022-09-07 00:00:00+00:00
1662512400;-3;NORMAL;0.45;2022-09-07 01:00:00+00:00
1662516000;-3;NORMAL;0.54;2022-09-07 02:00:00+00:00
1662518768;-3;HIGH;0.56;2022-09-07 02:46:08+00:00
1662519600;-3;NORMAL;0.56;2022-09-07 03:00:00+00:00
1662523200;-3;NORMAL;0.53;2022-09-07 04:00:00+00:00
1662526800;-3;NORMAL;0.48;2022-09-07 05:00:00+00:00
1662530400;-3;NORMAL;0.43;2022-09-07 06:00:00+00:00
1662534000;-3;NORMAL;0.35;2022-09-07 07:00:00+00:00
1662537600;-3;NORMAL;0.22;2022-09-07 08:00:00+00:00
1662541200;-3;NORMAL;0.09;2022-09-07 09:00:00+00:00
1662544800;-3;NORMAL;0.01;2022-09-07 10:00:00+00:00
1662546209;-3;LOW;0.01;2022-09-07 10:23:29+00:00
1662548400;-3;NORMAL;0.03;2022-09-07 11:00:00+00:00
1662552000;-3;NORMAL;0.14;2022-09-07 12:00:00+00:00
1662555600;-3;NORMAL;0.33;2022-09-07 13:00:00+00:00
1662559200;-3;NORMAL;0.54;2022-09-07 14:00:00+00:00
1662562800;-3;NORMAL;0.69;2022-09-07 15:00:00+00:00
1662566400;-3;NORMAL;0.74;2022-09-07 16:00:00+00:00
1662570000;-3;NORMAL;0.76;2022-09-07 17:00:00+00:00
1662570016;-3;HIGH;0.76;2022-09-07 17:00:16+00:00
1662573600;-3;NORMAL;0.74;2022-09-07 18:00:00+00:00
1662577200;-3;NORMAL;0.68;2022-09-07 19:00:00+00:00
1662580800;-3;NORMAL;0.56;2022-09-07 20:00:00+00:00
1662584400;-3;NORMAL;0.41;2022-09-07 21:00:00+00:00
1662588000;-3;NORMAL;0.3;2022-09-07 22:00:00+00:00
1662591600;-3;NORMAL;0.24;2022-09-07 23:00:00+00:00
1662592679;-3;LOW;0.24;2022-09-07 23:17:59+00:00
1662595200;-3;NORMAL;0.26;2022-09-08 00:00:00+00:00
1662598800;-3;NORMAL;0.38;2022-09-08 01:00:00+00:00
1662602400;-3;NORMAL;0.54;2022-09-08 02:00:00+00:00
1662606000;-3;NORMAL;0.64;2022-09-08 03:00:00+00:00
1662607521;-3;HIGH;0.65;2022-09-08 03:25:21+00:00
1662609600;-3;NORMAL;0.64;2022-09-08 04:00:00+00:00
1662613200;-3;NORMAL;0.59;2022-09-08 05:00:00+00:00
1662616800;-3;NORMAL;0.53;2022-09-08 06:00:00+00:00
1662620400;-3;NORMAL;0.44;2022-09-08 07:00:00+00:00
1662624000;-3;NORMAL;0.29;2022-09-08 08:00:00+00:00
1662627600;-3;NORMAL;0.13;2022-09-08 09:00:00+00:00
1662631200;-3;NORMAL;0.0;2022-09-08 10:00:00+00:00
1662634800;-3;NORMAL;-0.06;2022-09-08 11:00:00+00:00
1662635613;-3;LOW;-0.06;2022-09-08 11:13:33+00:00
1662638400;-3;NORMAL;-0.02;2022-09-08 12:00:00+00:00
1662642000;-3;NORMAL;0.15;2022-09-08 13:00:00+00:00
1662645600;-3;NORMAL;0.4;2022-09-08 14:00:00+00:00
1662649200;-3;NORMAL;0.62;2022-09-08 15:00:00+00:00
1662652800;-3;NORMAL;0.75;2022-09-08 16:00:00+00:00
1662656400;-3;NORMAL;0.79;2022-09-08 17:00:00+00:00
1662657746;-3;HIGH;0.79;2022-09-08 17:22:26+00:00
1662660000;-3;NORMAL;0.79;2022-09-08 18:00:00+00:00
1662663600;-3;NORMAL;0.73;2022-09-08 19:00:00+00:00
1662667200;-3;NORMAL;0.62;2022-09-08 20:00:00+00:00
1662670800;-3;NORMAL;0.48;2022-09-08 21:00:00+00:00
1662674400;-3;NORMAL;0.34;2022-09-08 22:00:00+00:00
1662678000;-3;NORMAL;0.24;2022-09-08 23:00:00+00:00
1662681322;-3;LOW;0.21;2022-09-08 23:55:22+00:00
1662681600;-3;NORMAL;0.21;2022-09-09 00:00:00+00:00
1662685200;-3;NORMAL;0.29;2022-09-09 01:00:00+00:00
1662688800;-3;NORMAL;0.48;2022-09-09 02:00:00+00:00
1662692400;-3;NORMAL;0.66;2022-09-09 03:00:00+00:00
1662696000;-3;NORMAL;0.73;2022-09-09 04:00:00+00:00
1662696630;-3;HIGH;0.73;2022-09-09 04:10:30+00:00
1662699600;-3;NORMAL;0.71;2022-09-09 05:00:00+00:00
1662703200;-3;NORMAL;0.65;2022-09-09 06:00:00+00:00
1662706800;-3;NORMAL;0.54;2022-09-09 07:00:00+00:00
1662710400;-3;NORMAL;0.39;2022-09-09 08:00:00+00:00
1662714000;-3;NORMAL;0.22;2022-09-09 09:00:00+00:00
1662717600;-3;NORMAL;0.06;2022-09-09 10:00:00+00:00
1662721200;-3;NORMAL;-0.05;2022-09-09 11:00:00+00:00
1662724668;-3;LOW;-0.1;2022-09-09 11:57:48+00:00
1662724800;-3;NORMAL;-0.1;2022-09-09 12:00:00+00:00
1662728400;-3;NORMAL;-0.01;2022-09-09 13:00:00+00:00
1662732000;-3;NORMAL;0.23;2022-09-09 14:00:00+00:00
1662735600;-3;NORMAL;0.5;2022-09-09 15:00:00+00:00
1662739200;-3;NORMAL;0.7;2022-09-09 16:00:00+00:00
1662742800;-3;NORMAL;0.79;2022-09-09 17:00:00+00:00
1662745263;-3;HIGH;0.81;2022-09-09 17:41:03+00:00
1662746400;-3;NORMAL;0.81;2022-09-09 18:00:00+00:00
1662750000;-3;NORMAL;0.76;2022-09-09 19:00:00+00:00
1662753600;-3;NORMAL;0.66;2022-09-09 20:00:00+00:00
1662757200;-3;NORMAL;0.53;2022-09-09 21:00:00+00:00
1662760800;-3;NORMAL;0.39;2022-09-09 22:00:00+00:00
1662764400;-3;NORMAL;0.27;2022-09-09 23:00:00+00:00
1662768000;-3;NORMAL;0.19;2022-09-10 00:00:00+00:00
1662769536;-3;LOW;0.18;2022-09-10 00:25:36+00:00
1662771600;-3;NORMAL;0.21;2022-09-10 01:00:00+00:00
1662775200;-3;NORMAL;0.38;2022-09-10 02:00:00+00:00
1662778800;-3;NORMAL;0.6;2022-09-10 03:00:00+00:00
1662782400;-3;NORMAL;0.75;2022-09-10 04:00:00+00:00
1662785894;-3;HIGH;0.8;2022-09-10 04:58:14+00:00
1662786000;-3;NORMAL;0.8;2022-09-10 05:00:00+00:00
1662789600;-3;NORMAL;0.76;2022-09-10 06:00:00+00:00
1662793200;-3;NORMAL;0.66;2022-09-10 07:00:00+00:00
1662796800;-3;NORMAL;0.5;2022-09-10 08:00:00+00:00
1662800400;-3;NORMAL;0.33;2022-09-10 09:00:00+00:00
1662804000;-3;NORMAL;0.17;2022-09-10 10:00:00+00:00
1662807600;-3;NORMAL;0.02;2022-09-10 11:00:00+00:00
1662811200;-3;NORMAL;-0.08;2022-09-10 12:00:00+00:00
1662813245;-3;LOW;-0.1;2022-09-10 12:34:05+00:00
1662814800;-3;NORMAL;-0.08;2022-09-10 13:00:00+00:00
1662818400;-3;NORMAL;0.08;2022-09-10 14:00:00+00:00
1662822000;-3;NORMAL;0.35;2022-09-10 15:00:00+00:00
1662825600;-3;NORMAL;0.6;2022-09-10 16:00:00+00:00
1662829200;-3;NORMAL;0.76;2022-09-10 17:00:00+00:00
1662832787;-3;HIGH;0.82;2022-09-10 17:59:47+00:00
1662832800;-3;NORMAL;0.82;2022-09-10 18:00:00+00:00
1662836400;-3;NORMAL;0.78;2022-09-10 19:00:00+00:00
1662840000;-3;NORMAL;0.68;2022-09-10 20:00:00+00:00
1662843600;-3;NORMAL;0.56;2022-09-10 21:00:00+00:00
1662847200;-3;NORMAL;0.43;2022-09-10 22:00:00+00:00
1662850800;-3;NORMAL;0.31;2022-09-10 23:00:00+00:00
1662854400;-3;NORMAL;0.21;2022-09-11 00:00:00+00:00
1662857506;-3;LOW;0.17;2022-09-11 00:51:46+00:00
1662858000;-3;NORMAL;0.17;2022-09-11 01:00:00+00:00
1662861600;-3;NORMAL;0.28;2022-09-11 02:00:00+00:00
1662865200;-3;NORMAL;0.49;2022-09-11 03:00:00+00:00
1662868800;-3;NORMAL;0.7;2022-09-11 04:00:00+00:00
1662872400;-3;NORMAL;0.83;2022-09-11 05:00:00+00:00
1662874662;-3;HIGH;0.86;2022-09-11 05:37:42+00:00
1662876000;-3;NORMAL;0.85;2022-09-11 06:00:00+00:00
1662879600;-3;NORMAL;0.77;2022-09-11 07:00:00+00:00
1662883200;-3;NORMAL;0.61;2022-09-11 08:00:00+00:00
1662886800;-3;NORMAL;0.44;2022-09-11 09:00:00+00:00
1662890400;-3;NORMAL;0.28;2022-09-11 10:00:00+00:00
1662894000;-3;NORMAL;0.13;2022-09-11 11:00:00+00:00
1662897600;-3;NORMAL;0.0;2022-09-11 12:00:00+00:00
1662901200;-3;NORMAL;-0.06;2022-09-11 13:00:00+00:00
1662901498;-3;LOW;-0.06;2022-09-11 13:04:58+00:00
1662904800;-3;NORMAL;0.01;2022-09-11 14:00:00+00:00
1662908400;-3;NORMAL;0.22;2022-09-11 15:00:00+00:00
1662912000;-3;NORMAL;0.47;2022-09-11 16:00:00+00:00
1662915600;-3;NORMAL;0.69;2022-09-11 17:00:00+00:00
1662919200;-3;NORMAL;0.8;2022-09-11 18:00:00+00:00
1662920365;-3;HIGH;0.81;2022-09-11 18:19:25+00:00
1662922800;-3;NORMAL;0.78;2022-09-11 19:00:00+00:00
1662926400;-3;NORMAL;0.69;2022-09-11 20:00:00+00:00
1662930000;-3;NORMAL;0.57;2022-09-11 21:00:00+00:00
1662933600;-3;NORMAL;0.46;2022-09-11 22:00:00+00:00
1662937200;-3;NORMAL;0.34;2022-09-11 23:00:00+00:00
1662940800;-3;NORMAL;0.24;2022-09-12 00:00:00+00:00
1662944400;-3;NORMAL;0.17;2022-09-12 01:00:00+00:00
1662945311;-3;LOW;0.17;2022-09-12 01:15:11+00:00
1662948000;-3;NORMAL;0.21;2022-09-12 02:00:00+00:00
1662951600;-3;NORMAL;0.37;2022-09-12 03:00:00+00:00
1662955200;-3;NORMAL;0.58;2022-09-12 04:00:00+00:00
1662958800;-3;NORMAL;0.78;2022-09-12 05:00:00+00:00
1662962400;-3;NORMAL;0.88;2022-09-12 06:00:00+00:00
1662963036;-3;HIGH;0.88;2022-09-12 06:10:36+00:00
1662966000;-3;NORMAL;0.84;2022-09-12 07:00:00+00:00
1662969600;-3;NORMAL;0.71;2022-09-12 08:00:00+00:00
1662973200;-3;NORMAL;0.55;2022-09-12 09:00:00+00:00
1662976800;-3;NORMAL;0.4;2022-09-12 10:00:00+00:00
1662980400;-3;NORMAL;0.26;2022-09-12 11:00:00+00:00
1662984000;-3;NORMAL;0.12;2022-09-12 12:00:00+00:00
1662987600;-3;NORMAL;0.03;2022-09-12 13:00:00+00:00
1662989606;-3;LOW;0.02;2022-09-12 13:33:26+00:00
1662991200;-3;NORMAL;0.03;2022-09-12 14:00:00+00:00
1662994800;-3;NORMAL;0.15;2022-09-12 15:00:00+00:00
1662998400;-3;NORMAL;0.35;2022-09-12 16:00:00+00:00
1663002000;-3;NORMAL;0.58;2022-09-12 17:00:00+00:00
1663005600;-3;NORMAL;0.75;2022-09-12 18:00:00+00:00
1663007977;-3;HIGH;0.78;2022-09-12 18:39:37+00:00
1663009200;-3;NORMAL;0.78;2022-09-12 19:00:00+00:00
1663012800;-3;NORMAL;0.7;2022-09-12 20:00:00+00:00
1663016400;-3;NORMAL;0.58;2022-09-12 21:00:00+00:00
1663020000;-3;NORMAL;0.46;2022-09-12 22:00:00+00:00
1663023600;-3;NORMAL;0.36;2022-09-12 23:00:00+00:00
1663027200;-3;NORMAL;0.26;2022-09-13 00:00:00+00:00
1663030800;-3;NORMAL;0.19;2022-09-13 01:00:00+00:00
1663032932;-3;LOW;0.17;2022-09-13 01:35:32+00:00
1663034400;-3;NORMAL;0.18;2022-09-13 02:00:00+00:00
1663038000;-3;NORMAL;0.28;2022-09-13 03:00:00+00:00
1663041600;-3;NORMAL;0.44;2022-09-13 04:00:00+00:00
1663045200;-3;NORMAL;0.65;2022-09-13 05:00:00+00:00
1663048800;-3;NORMAL;0.82;2022-09-13 06:00:00+00:00
1663051311;-3;HIGH;0.86;2022-09-13 06:41:51+00:00
1663052400;-3;NORMAL;0.86;2022-09-13 07:00:00+00:00
1663056000;-3;NORMAL;0.77;2022-09-13 08:00:00+00:00
1663059600;-3;NORMAL;0.63;2022-09-13 09:00:00+00:00
1663063200;-3;NORMAL;0.49;2022-09-13 10:00:00+00:00
1663066800;-3;NORMAL;0.36;2022-09-13 11:00:00+00:00
1663070400;-3;NORMAL;0.24;2022-09-13 12:00:00+00:00
1663074000;-3;NORMAL;0.15;2022-09-13 13:00:00+00:00
1663077583;-3;LOW;0.12;2022-09-13 13:59:43+00:00
1663077600;-3;NORMAL;0.12;2022-09-13 14:00:00+00:00
1663081200;-3;NORMAL;0.16;2022-09-13 15:00:00+00:00
1663084800;-3;NORMAL;0.28;2022-09-13 16:00:00+00:00
1663088400;-3;NORMAL;0.47;2022-09-13 17:00:00+00:00
1663092000;-3;NORMAL;0.67;2022-09-13 18:00:00+00:00
1663095600;-3;NORMAL;0.75;2022-09-13 19:00:00+00:00
1663095662;-3;HIGH;0.75;2022-09-13 19:01:02+00:00
1663099200;-3;NORMAL;0.7;2022-09-13 20:00:00+00:00
1663102800;-3;NORMAL;0.59;2022-09-13 21:00:00+00:00
1663106400;-3;NORMAL;0.47;2022-09-13 22:00:00+00:00
1663110000;-3;NORMAL;0.37;2022-09-13 23:00:00+00:00
1663113600;-3;NORMAL;0.27;2022-09-14 00:00:00+00:00
1663117200;-3;NORMAL;0.21;2022-09-14 01:00:00+00:00
1663120242;-3;LOW;0.19;2022-09-14 01:50:42+00:00
1663120800;-3;NORMAL;0.19;2022-09-14 02:00:00+00:00
1663124400;-3;NORMAL;0.23;2022-09-14 03:00:00+00:00
1663128000;-3;NORMAL;0.33;2022-09-14 04:00:00+00:00
1663131600;-3;NORMAL;0.51;2022-09-14 05:00:00+00:00
1663135200;-3;NORMAL;0.7;2022-09-14 06:00:00+00:00
1663138800;-3;NORMAL;0.81;2022-09-14 07:00:00+00:00
1663139613;-3;HIGH;0.81;2022-09-14 07:13:33+00:00
1663142400;-3;NORMAL;0.78;2022-09-14 08:00:00+00:00
1663146000;-3;NORMAL;0.68;2022-09-14 09:00:00+00:00
1663149600;-3;NORMAL;0.56;2022-09-14 10:00:00+00:00
1663153200;-3;NORMAL;0.44;2022-09-14 11:00:00+00:00
1663156800;-3;NORMAL;0.33;2022-09-14 12:00:00+00:00
1663160400;-3;NORMAL;0.26;2022-09-14 13:00:00+00:00
1663164000;-3;NORMAL;0.23;2022-09-14 14:00:00+00:00
1663165377;-3;LOW;0.22;2022-09-14 14:22:57+00:00
1663167600;-3;NORMAL;0.23;2022-09-14 15:00:00+00:00
1663171200;-3;NORMAL;0.28;2022-09-14 16:00:00+00:00
1663174800;-3;NORMAL;0.4;2022-09-14 17:00:00+00:00
1663178400;-3;NORMAL;0.57;2022-09-14 18:00:00+00:00
1663182000;-3;NORMAL;0.69;2022-09-14 19:00:00+00:00
1663183463;-3;HIGH;0.7;2022-09-14 19:24:23+00:00
1663185600;-3;NORMAL;0.68;2022-09-14 20:00:00+00:00
1663189200;-3;NORMAL;0.6;2022-09-14 21:00:00+00:00
1663192800;-3;NORMAL;0.5;2022-09-14 22:00:00+00:00
1663196400;-3;NORMAL;0.38;2022-09-14 23:00:00+00:00
1663200000;-3;NORMAL;0.28;2022-09-15 00:00:00+00:00
1663203600;-3;NORMAL;0.22;2022-09-15 01:00:00+00:00
1663206735;-3;LOW;0.21;2022-09-15 01:52:15+00:00
1663207200;-3;NORMAL;0.21;2022-09-15 02:00:00+00:00
1663210800;-3;NORMAL;0.22;2022-09-15 03:00:00+00:00
1663214400;-3;NORMAL;0.27;2022-09-15 04:00:00+00:00
1663218000;-3;NORMAL;0.38;2022-09-15 05:00:00+00:00
1663221600;-3;NORMAL;0.55;2022-09-15 06:00:00+00:00
1663225200;-3;NORMAL;0.69;2022-09-15 07:00:00+00:00
1663228266;-3;HIGH;0.73;2022-09-15 07:51:06+00:00
1663228800;-3;NORMAL;0.73;2022-09-15 08:00:00+00:00
1663232400;-3;NORMAL;0.69;2022-09-15 09:00:00+00:00
1663236000;-3;NORMAL;0.61;2022-09-15 10:00:00+00:00
1663239600;-3;NORMAL;0.5;2022-09-15 11:00:00+00:00
1663243200;-3;NORMAL;0.4;2022-09-15 12:00:00+00:00
1663246800;-3;NORMAL;0.34;2022-09-15 13:00:00+00:00
1663250400;-3;NORMAL;0.32;2022-09-15 14:00:00+00:00
1663250988;-3;LOW;0.32;2022-09-15 14:09:48+00:00
1663254000;-3;NORMAL;0.33;2022-09-15 15:00:00+00:00
1663257600;-3;NORMAL;0.33;2022-09-15 16:00:00+00:00
1663261200;-3;NORMAL;0.38;2022-09-15 17:00:00+00:00
1663264800;-3;NORMAL;0.49;2022-09-15 18:00:00+00:00
1663268400;-3;NORMAL;0.61;2022-09-15 19:00:00+00:00
1663271538;-3;HIGH;0.64;2022-09-15 19:52:18+00:00
1663272000;-3;NORMAL;0.64;2022-09-15 20:00:00+00:00
1663275600;-3;NORMAL;0.6;2022-09-15 21:00:00+00:00
1663279200;-3;NORMAL;0.52;2022-09-15 22:00:00+00:00
1663282800;-3;NORMAL;0.41;2022-09-15 23:00:00+00:00
1663286400;-3;NORMAL;0.31;2022-09-16 00:00:00+00:00
1663290000;-3;NORMAL;0.24;2022-09-16 01:00:00+00:00
1663292813;-3;LOW;0.22;2022-09-16 01:46:53+00:00
1663293600;-3;NORMAL;0.23;2022-09-16 02:00:00+00:00
1663297200;-3;NORMAL;0.24;2022-09-16 03:00:00+00:00
1663300800;-3;NORMAL;0.26;2022-09-16 04:00:00+00:00
1663304400;-3;NORMAL;0.3;2022-09-16 05:00:00+00:00
1663308000;-3;NORMAL;0.41;2022-09-16 06:00:00+00:00
1663311600;-3;NORMAL;0.54;2022-09-16 07:00:00+00:00
1663315200;-3;NORMAL;0.63;2022-09-16 08:00:00+00:00
1663317974;-3;HIGH;0.65;2022-09-16 08:46:14+00:00
1663318800;-3;NORMAL;0.65;2022-09-16 09:00:00+00:00
1663322400;-3;NORMAL;0.61;2022-09-16 10:00:00+00:00
1663326000;-3;NORMAL;0.54;2022-09-16 11:00:00+00:00
1663329600;-3;NORMAL;0.45;2022-09-16 12:00:00+00:00
1663333200;-3;NORMAL;0.4;2022-09-16 13:00:00+00:00
1663335656;-3;LOW;0.39;2022-09-16 13:40:56+00:00
1663336800;-3;NORMAL;0.39;2022-09-16 14:00:00+00:00
1663340279;-3;HIGH;0.4;2022-09-16 14:57:59+00:00
1663340400;-3;NORMAL;0.4;2022-09-16 15:00:00+00:00
1663344000;-3;NORMAL;0.4;2022-09-16 16:00:00+00:00
1663346440;-3;LOW;0.4;2022-09-16 16:40:40+00:00
1663347600;-3;NORMAL;0.4;2022-09-16 17:00:00+00:00
1663351200;-3;NORMAL;0.45;2022-09-16 18:00:00+00:00
1663354800;-3;NORMAL;0.52;2022-09-16 19:00:00+00:00
1663358400;-3;NORMAL;0.57;2022-09-16 20:00:00+00:00
1663360506;-3;HIGH;0.58;2022-09-16 20:35:06+00:00
1663362000;-3;NORMAL;0.58;2022-09-16 21:00:00+00:00
1663365600;-3;NORMAL;0.54;2022-09-16 22:00:00+00:00
1663369200;-3;NORMAL;0.45;2022-09-16 23:00:00+00:00
1663372800;-3;NORMAL;0.35;2022-09-17 00:00:00+00:00
1663376400;-3;NORMAL;0.27;2022-09-17 01:00:00+00:00
1663379664;-3;LOW;0.25;2022-09-17 01:54:24+00:00
1663380000;-3;NORMAL;0.25;2022-09-17 02:00:00+00:00
1663383600;-3;NORMAL;0.27;2022-09-17 03:00:00+00:00
1663385918;-3;HIGH;0.27;2022-09-17 03:38:38+00:00
1663387200;-3;NORMAL;0.27;2022-09-17 04:00:00+00:00
1663388066;-3;LOW;0.28;2022-09-17 04:14:26+00:00
1663390800;-3;NORMAL;0.28;2022-09-17 05:00:00+00:00
1663394400;-3;NORMAL;0.32;2022-09-17 06:00:00+00:00
1663398000;-3;NORMAL;0.4;2022-09-17 07:00:00+00:00
1663401600;-3;NORMAL;0.48;2022-09-17 08:00:00+00:00
1663405200;-3;NORMAL;0.55;2022-09-17 09:00:00+00:00
1663408346;-3;HIGH;0.58;2022-09-17 09:52:26+00:00
1663408800;-3;NORMAL;0.58;2022-09-17 10:00:00+00:00
1663412400;-3;NORMAL;0.55;2022-09-17 11:00:00+00:00
1663416000;-3;NORMAL;0.49;2022-09-17 12:00:00+00:00
1663419600;-3;NORMAL;0.44;2022-09-17 13:00:00+00:00
1663421930;-3;LOW;0.43;2022-09-17 13:38:50+00:00
1663423200;-3;NORMAL;0.44;2022-09-17 14:00:00+00:00
1663426800;-3;NORMAL;0.46;2022-09-17 15:00:00+00:00
1663428058;-3;HIGH;0.46;2022-09-17 15:20:58+00:00
1663430400;-3;NORMAL;0.46;2022-09-17 16:00:00+00:00
1663434000;-3;NORMAL;0.45;2022-09-17 17:00:00+00:00
1663437049;-3;LOW;0.45;2022-09-17 17:50:49+00:00
1663437600;-3;NORMAL;0.45;2022-09-17 18:00:00+00:00
1663441200;-3;NORMAL;0.46;2022-09-17 19:00:00+00:00
1663444800;-3;NORMAL;0.48;2022-09-17 20:00:00+00:00
1663448400;-3;NORMAL;0.52;2022-09-17 21:00:00+00:00
1663450799;-3;HIGH;0.53;2022-09-17 21:39:59+00:00
1663452000;-3;NORMAL;0.52;2022-09-17 22:00:00+00:00
1663455600;-3;NORMAL;0.48;2022-09-17 23:00:00+00:00
1663459200;-3;NORMAL;0.4;2022-09-18 00:00:00+00:00
1663462800;-3;NORMAL;0.33;2022-09-18 01:00:00+00:00
1663466400;-3;NORMAL;0.3;2022-09-18 02:00:00+00:00
1663467308;-3;LOW;0.3;2022-09-18 02:15:08+00:00
1663470000;-3;NORMAL;0.3;2022-09-18 03:00:00+00:00
