timestamp;utcOffset;rating.key;rating.value;datetime_utc
1738378800;-3;FAIR;3;2025-02-01 03:00:00+00:00
1738382400;-3;POOR_TO_FAIR;2;2025-02-01 04:00:00+00:00
1738386000;-3;POOR_TO_FAIR;2;2025-02-01 05:00:00+00:00
1738389600;-3;POOR_TO_FAIR;2;2025-02-01 06:00:00+00:00
1738393200;-3;POOR_TO_FAIR;2;2025-02-01 07:00:00+00:00
1738396800;-3;POOR_TO_FAIR;2;2025-02-01 08:00:00+00:00
1738400400;-3;POOR_TO_FAIR;2;2025-02-01 09:00:00+00:00
1738404000;-3;POOR_TO_FAIR;2;2025-02-01 10:00:00+00:00
1738407600;-3;POOR_TO_FAIR;2;2025-02-01 11:00:00+00:00
1738411200;-3;POOR_TO_FAIR;2;2025-02-01 12:00:00+00:00
1738414800;-3;POOR_TO_FAIR;2;2025-02-01 13:00:00+00:00
1738418400;-3;POOR_TO_FAIR;2;2025-02-01 14:00:00+00:00
1738422000;-3;POOR_TO_FAIR;2;2025-02-01 15:00:00+00:00
1738425600;-3;POOR_TO_FAIR;2;2025-02-01 16:00:00+00:00
1738429200;-3;POOR_TO_FAIR;2;2025-02-01 17:00:00+00:00
1738432800;-3;POOR_TO_FAIR;2;2025-02-01 18:00:00+00:00
1738436400;-3;POOR_TO_FAIR;2;2025-02-01 19:00:00+00:00
1738440000;-3;POOR_TO_FAIR;2;2025-02-01 20:00:00+00:00
1738443600;-3;POOR_TO_FAIR;2;2025-02-01 21:00:00+00:00
1738447200;-3;POOR_TO_FAIR;2;2025-02-01 22:00:00+00:00
1738450800;-3;POOR_TO_FAIR;2;2025-02-01 23:00:00+00:00
1738454400;-3;POOR_TO_FAIR;2;2025-02-02 00:00:00+00:00
1738458000;-3;POOR_TO_FAIR;2;2025-02-02 01:00:00+00:00
1738461600;-3;POOR_TO_FAIR;2;2025-02-02 02:00:00+00:00
1738465200;-3;POOR_TO_FAIR;2;2025-02-02 03:00:00+00:00
1738468800;-3;POOR_TO_FAIR;2;2025-02-02 04:00:00+00:00
1738472400;-3;POOR_TO_FAIR;2;2025-02-02 05:00:00+00:00
1738476000;-3;POOR_TO_FAIR;2;2025-02-02 06:00:00+00:00
1738479600;-3;POOR_TO_FAIR;2;2025-02-02 07:00:00+00:00
1738483200;-3;POOR_TO_FAIR;2;2025-02-02 08:00:00+00:00
1738486800;-3;POOR_TO_FAIR;2;2025-02-02 09:00:00+00:00
1738490400;-3;POOR_TO_FAIR;2;2025-02-02 10:00:00+00:00
1738494000;-3;POOR_TO_FAIR;2;2025-02-02 11:00:00+00:00
1738497600;-3;POOR_TO_FAIR;2;2025-02-02 12:00:00+00:00
1738501200;-3;POOR_TO_FAIR;2;2025-02-02 13:00:00+00:00
1738504800;-3;POOR_TO_FAIR;2;2025-02-02 14:00:00+00:00
1738508400;-3;POOR_TO_FAIR;2;2025-02-02 15:00:00+00:00
1738512000;-3;POOR_TO_FAIR;2;2025-02-02 16:00:00+00:00
1738515600;-3;POOR;1;2025-02-02 17:00:00+00:00
1738519200;-3;POOR;1;2025-02-02 18:00:00+00:00
1738522800;-3;POOR;1;2025-02-02 19:00:00+00:00
1738526400;-3;POOR;1;2025-02-02 20:00:00+00:00
1738530000;-3;POOR;1;2025-02-02 21:00:00+00:00
1738533600;-3;POOR;1;2025-02-02 22:00:00+00:00
1738537200;-3;POOR;1;2025-02-02 23:00:00+00:00
1738540800;-3;POOR;1;2025-02-03 00:00:00+00:00
1738544400;-3;POOR;1;2025-02-03 01:00:00+00:00
1738548000;-3;POOR;1;2025-02-03 02:00:00+00:00
1738551600;-3;POOR;1;2025-02-03 03:00:00+00:00
1738555200;-3;POOR;1;2025-02-03 04:00:00+00:00
1738558800;-3;POOR;1;2025-02-03 05:00:00+00:00
1738562400;-3;POOR_TO_FAIR;2;2025-02-03 06:00:00+00:00
1738566000;-3;POOR_TO_FAIR;2;2025-02-03 07:00:00+00:00
1738569600;-3;POOR_TO_FAIR;2;2025-02-03 08:00:00+00:00
1738573200;-3;POOR_TO_FAIR;2;2025-02-03 09:00:00+00:00
1738576800;-3;FAIR;3;2025-02-03 10:00:00+00:00
1738580400;-3;FAIR;3;2025-02-03 11:00:00+00:00
1738584000;-3;FAIR;3;2025-02-03 12:00:00+00:00
1738587600;-3;FAIR;3;2025-02-03 13:00:00+00:00
1738591200;-3;FAIR;3;2025-02-03 14:00:00+00:00
1738594800;-3;POOR_TO_FAIR;2;2025-02-03 15:00:00+00:00
1738598400;-3;POOR_TO_FAIR;2;2025-02-03 16:00:00+00:00
1738602000;-3;POOR_TO_FAIR;2;2025-02-03 17:00:00+00:00
1738605600;-3;POOR_TO_FAIR;2;2025-02-03 18:00:00+00:00
1738609200;-3;POOR_TO_FAIR;2;2025-02-03 19:00:00+00:00
1738612800;-3;POOR_TO_FAIR;2;2025-02-03 20:00:00+00:00
1738616400;-3;POOR_TO_FAIR;2;2025-02-03 21:00:00+00:00
1738620000;-3;POOR_TO_FAIR;2;2025-02-03 22:00:00+00:00
1738623600;-3;POOR_TO_FAIR;2;2025-02-03 23:00:00+00:00
1738627200;-3;POOR_TO_FAIR;2;2025-02-04 00:00:00+00:00
1738630800;-3;POOR_TO_FAIR;2;2025-02-04 01:00:00+00:00
1738634400;-3;POOR_TO_FAIR;2;2025-02-04 02:00:00+00:00
1738638000;-3;FAIR;3;2025-02-04 03:00:00+00:00
1738641600;-3;FAIR;3;2025-02-04 04:00:00+00:00
1738645200;-3;FAIR;3;2025-02-04 05:00:00+00:00
1738648800;-3;FAIR;3;2025-02-04 06:00:00+00:00
1738652400;-3;FAIR;3;2025-02-04 07:00:00+00:00
1738656000;-3;FAIR;3;2025-02-04 08:00:00+00:00
1738659600;-3;FAIR;3;2025-02-04 09:00:00+00:00
1738663200;-3;POOR_TO_FAIR;2;2025-02-04 10:00:00+00:00
1738666800;-3;POOR_TO_FAIR;2;2025-02-04 11:00:00+00:00
1738670400;-3;POOR_TO_FAIR;2;2025-02-04 12:00:00+00:00
1738674000;-3;POOR_TO_FAIR;2;2025-02-04 13:00:00+00:00
1738677600;-3;POOR_TO_FAIR;2;2025-02-04 14:00:00+00:00
1738681200;-3;POOR_TO_FAIR;2;2025-02-04 15:00:00+00:00
1738684800;-3;POOR;1;2025-02-04 16:00:00+00:00
1738688400;-3;POOR;1;2025-02-04 17:00:00+00:00
1738692000;-3;POOR;1;2025-02-04 18:00:00+00:00
1738695600;-3;POOR;1;2025-02-04 19:00:00+00:00
1738699200;-3;POOR;1;2025-02-04 20:00:00+00:00
1738702800;-3;POOR;1;2025-02-04 21:00:00+00:00
1738706400;-3;POOR;1;2025-02-04 22:00:00+00:00
1738710000;-3;POOR_TO_FAIR;2;2025-02-04 23:00:00+00:00
1738713600;-3;POOR_TO_FAIR;2;2025-02-05 00:00:00+00:00
1738717200;-3;POOR_TO_FAIR;2;2025-02-05 01:00:00+00:00
1738720800;-3;POOR_TO_FAIR;2;2025-02-05 02:00:00+00:00
1738724400;-3;POOR_TO_FAIR;2;2025-02-05 03:00:00+00:00
1738728000;-3;POOR_TO_FAIR;2;2025-02-05 04:00:00+00:00
1738731600;-3;POOR_TO_FAIR;2;2025-02-05 05:00:00+00:00
1738735200;-3;POOR;1;2025-02-05 06:00:00+00:00
1738738800;-3;POOR;1;2025-02-05 07:00:00+00:00
1738742400;-3;POOR;1;2025-02-05 08:00:00+00:00
1738746000;-3;POOR;1;2025-02-05 09:00:00+00:00
1738749600;-3;POOR;1;2025-02-05 10:00:00+00:00
1738753200;-3;POOR;1;2025-02-05 11:00:00+00:00
1738756800;-3;POOR;1;2025-02-05 12:00:00+00:00
1738760400;-3;POOR;1;2025-02-05 13:00:00+00:00
1738764000;-3;POOR;1;2025-02-05 14:00:00+00:00
1738767600;-3;POOR;1;2025-02-05 15:00:00+00:00
1738771200;-3;POOR;1;2025-02-05 16:00:00+00:00
1738774800;-3;POOR;1;2025-02-05 17:00:00+00:00
1738778400;-3;POOR;1;2025-02-05 18:00:00+00:00
1738782000;-3;POOR;1;2025-02-05 19:00:00+00:00
1738785600;-3;POOR;1;2025-02-05 20:00:00+00:00
1738789200;-3;POOR;1;2025-02-05 21:00:00+00:00
1738792800;-3;POOR;1;2025-02-05 22:00:00+00:00
1738796400;-3;POOR;1;2025-02-05 23:00:00+00:00
1738800000;-3;POOR;1;2025-02-06 00:00:00+00:00
1738803600;-3;POOR;1;2025-02-06 01:00:00+00:00
1738807200;-3;POOR;1;2025-02-06 02:00:00+00:00
1738810800;-3;POOR;1;2025-02-06 03:00:00+00:00
1738814400;-3;POOR;1;2025-02-06 04:00:00+00:00
1738818000;-3;POOR;1;2025-02-06 05:00:00+00:00
1738821600;-3;POOR;1;2025-02-06 06:00:00+00:00
1738825200;-3;POOR;1;2025-02-06 07:00:00+00:00
1738828800;-3;POOR;1;2025-02-06 08:00:00+00:00
1738832400;-3;POOR;1;2025-02-06 09:00:00+00:00
1738836000;-3;POOR;1;2025-02-06 10:00:00+00:00
1738839600;-3;POOR;1;2025-02-06 11:00:00+00:00
1738843200;-3;POOR;1;2025-02-06 12:00:00+00:00
1738846800;-3;POOR;1;2025-02-06 13:00:00+00:00
1738850400;-3;POOR;1;2025-02-06 14:00:00+00:00
1738854000;-3;POOR;1;2025-02-06 15:00:00+00:00
1738857600;-3;POOR;1;2025-02-06 16:00:00+00:00
1738861200;-3;POOR;1;2025-02-06 17:00:00+00:00
1738864800;-3;POOR;1;2025-02-06 18:00:00+00:00
1738868400;-3;POOR;1;2025-02-06 19:00:00+00:00
1738872000;-3;POOR;1;2025-02-06 20:00:00+00:00
1738875600;-3;POOR;1;2025-02-06 21:00:00+00:00
1738879200;-3;POOR;1;2025-02-06 22:00:00+00:00
1738882800;-3;POOR;1;2025-02-06 23:00:00+00:00
1738886400;-3;POOR;1;2025-02-07 00:00:00+00:00
1738890000;-3;POOR;1;2025-02-07 01:00:00+00:00
1738893600;-3;POOR;1;2025-02-07 02:00:00+00:00
1738897200;-3;POOR;1;2025-02-07 03:00:00+00:00
1738900800;-3;POOR;1;2025-02-07 04:00:00+00:00
1738904400;-3;VERY_POOR;0;2025-02-07 05:00:00+00:00
1738908000;-3;VERY_POOR;0;2025-02-07 06:00:00+00:00
1738911600;-3;VERY_POOR;0;2025-02-07 07:00:00+00:00
1738915200;-3;VERY_POOR;0;2025-02-07 08:00:00+00:00
1738918800;-3;POOR;1;2025-02-07 09:00:00+00:00
1738922400;-3;POOR;1;2025-02-07 10:00:00+00:00
1738926000;-3;POOR;1;2025-02-07 11:00:00+00:00
1738929600;-3;POOR;1;2025-02-07 12:00:00+00:00
1738933200;-3;POOR;1;2025-02-07 13:00:00+00:00
1738936800;-3;POOR;1;2025-02-07 14:00:00+00:00
1738940400;-3;POOR;1;2025-02-07 15:00:00+00:00
1738944000;-3;POOR;1;2025-02-07 16:00:00+00:00
1738947600;-3;POOR;1;2025-02-07 17:00:00+00:00
1738951200;-3;POOR;1;2025-02-07 18:00:00+00:00
1738954800;-3;POOR;1;2025-02-07 19:00:00+00:00
1738958400;-3;POOR;1;2025-02-07 20:00:00+00:00
1738962000;-3;POOR;1;2025-02-07 21:00:00+00:00
1738965600;-3;POOR;1;2025-02-07 22:00:00+00:00
1738969200;-3;POOR;1;2025-02-07 23:00:00+00:00
1738972800;-3;POOR;1;2025-02-08 00:00:00+00:00
1738976400;-3;POOR;1;2025-02-08 01:00:00+00:00
1738980000;-3;POOR;1;2025-02-08 02:00:00+00:00
1738983600;-3;POOR;1;2025-02-08 03:00:00+00:00
1738987200;-3;POOR;1;2025-02-08 04:00:00+00:00
1738990800;-3;POOR;1;2025-02-08 05:00:00+00:00
1738994400;-3;POOR_TO_FAIR;2;2025-02-08 06:00:00+00:00
1738998000;-3;POOR_TO_FAIR;2;2025-02-08 07:00:00+00:00
1739001600;-3;POOR_TO_FAIR;2;2025-02-08 08:00:00+00:00
1739005200;-3;POOR_TO_FAIR;2;2025-02-08 09:00:00+00:00
1739008800;-3;POOR_TO_FAIR;2;2025-02-08 10:00:00+00:00
1739012400;-3;POOR_TO_FAIR;2;2025-02-08 11:00:00+00:00
1739016000;-3;POOR_TO_FAIR;2;2025-02-08 12:00:00+00:00
1739019600;-3;POOR_TO_FAIR;2;2025-02-08 13:00:00+00:00
1739023200;-3;POOR_TO_FAIR;2;2025-02-08 14:00:00+00:00
1739026800;-3;POOR_TO_FAIR;2;2025-02-08 15:00:00+00:00
1739030400;-3;POOR_TO_FAIR;2;2025-02-08 16:00:00+00:00
1739034000;-3;POOR_TO_FAIR;2;2025-02-08 17:00:00+00:00
1739037600;-3;POOR_TO_FAIR;2;2025-02-08 18:00:00+00:00
1739041200;-3;POOR_TO_FAIR;2;2025-02-08 19:00:00+00:00
1739044800;-3;POOR_TO_FAIR;2;2025-02-08 20:00:00+00:00
1739048400;-3;POOR_TO_FAIR;2;2025-02-08 21:00:00+00:00
1739052000;-3;POOR_TO_FAIR;2;2025-02-08 22:00:00+00:00
1739055600;-3;POOR_TO_FAIR;2;2025-02-08 23:00:00+00:00
1739059200;-3;POOR_TO_FAIR;2;2025-02-09 00:00:00+00:00
1739062800;-3;POOR_TO_FAIR;2;2025-02-09 01:00:00+00:00
1739066400;-3;POOR_TO_FAIR;2;2025-02-09 02:00:00+00:00
1739070000;-3;POOR_TO_FAIR;2;2025-02-09 03:00:00+00:00
1739073600;-3;POOR_TO_FAIR;2;2025-02-09 04:00:00+00:00
1739077200;-3;POOR_TO_FAIR;2;2025-02-09 05:00:00+00:00
1739080800;-3;POOR_TO_FAIR;2;2025-02-09 06:00:00+00:00
1739084400;-3;POOR_TO_FAIR;2;2025-02-09 07:00:00+00:00
1739088000;-3;POOR_TO_FAIR;2;2025-02-09 08:00:00+00:00
1739091600;-3;POOR_TO_FAIR;2;2025-02-09 09:00:00+00:00
1739095200;-3;POOR_TO_FAIR;2;2025-02-09 10:00:00+00:00
1739098800;-3;POOR_TO_FAIR;2;2025-02-09 11:00:00+00:00
1739102400;-3;POOR_TO_FAIR;2;2025-02-09 12:00:00+00:00
1739106000;-3;POOR_TO_FAIR;2;2025-02-09 13:00:00+00:00
1739109600;-3;POOR_TO_FAIR;2;2025-02-09 14:00:00+00:00
1739113200;-3;POOR_TO_FAIR;2;2025-02-09 15:00:00+00:00
1739116800;-3;POOR_TO_FAIR;2;2025-02-09 16:00:00+00:00
1739120400;-3;POOR;1;2025-02-09 17:00:00+00:00
1739124000;-3;POOR;1;2025-02-09 18:00:00+00:00
1739127600;-3;POOR;1;2025-02-09 19:00:00+00:00
1739131200;-3;POOR;1;2025-02-09 20:00:00+00:00
1739134800;-3;POOR;1;2025-02-09 21:00:00+00:00
1739138400;-3;POOR;1;2025-02-09 22:00:00+00:00
1739142000;-3;POOR;1;2025-02-09 23:00:00+00:00
1739145600;-3;POOR;1;2025-02-10 00:00:00+00:00
1739149200;-3;POOR;1;2025-02-10 01:00:00+00:00
1739152800;-3;POOR_TO_FAIR;2;2025-02-10 02:00:00+00:00
1739156400;-3;POOR_TO_FAIR;2;2025-02-10 03:00:00+00:00
1739160000;-3;POOR_TO_FAIR;2;2025-02-10 04:00:00+00:00
1739163600;-3;POOR_TO_FAIR;2;2025-02-10 05:00:00+00:00
1739167200;-3;POOR_TO_FAIR;2;2025-02-10 06:00:00+00:00
1739170800;-3;POOR_TO_FAIR;2;2025-02-10 07:00:00+00:00
1739174400;-3;FAIR;3;2025-02-10 08:00:00+00:00
1739178000;-3;FAIR;3;2025-02-10 09:00:00+00:00
1739181600;-3;FAIR;3;2025-02-10 10:00:00+00:00
1739185200;-3;POOR_TO_FAIR;2;2025-02-10 11:00:00+00:00
1739188800;-3;POOR_TO_FAIR;2;2025-02-10 12:00:00+00:00
1739192400;-3;POOR_TO_FAIR;2;2025-02-10 13:00:00+00:00
1739196000;-3;POOR_TO_FAIR;2;2025-02-10 14:00:00+00:00
1739199600;-3;POOR_TO_FAIR;2;2025-02-10 15:00:00+00:00
1739203200;-3;POOR;1;2025-02-10 16:00:00+00:00
1739206800;-3;POOR;1;2025-02-10 17:00:00+00:00
1739210400;-3;POOR;1;2025-02-10 18:00:00+00:00
1739214000;-3;VERY_POOR;0;2025-02-10 19:00:00+00:00
1739217600;-3;VERY_POOR;0;2025-02-10 20:00:00+00:00
1739221200;-3;VERY_POOR;0;2025-02-10 21:00:00+00:00
1739224800;-3;VERY_POOR;0;2025-02-10 22:00:00+00:00
1739228400;-3;POOR;1;2025-02-10 23:00:00+00:00
1739232000;-3;POOR;1;2025-02-11 00:00:00+00:00
1739235600;-3;POOR;1;2025-02-11 01:00:00+00:00
1739239200;-3;POOR;1;2025-02-11 02:00:00+00:00
1739242800;-3;POOR;1;2025-02-11 03:00:00+00:00
1739246400;-3;POOR;1;2025-02-11 04:00:00+00:00
1739250000;-3;POOR;1;2025-02-11 05:00:00+00:00
1739253600;-3;POOR;1;2025-02-11 06:00:00+00:00
1739257200;-3;POOR;1;2025-02-11 07:00:00+00:00
1739260800;-3;POOR;1;2025-02-11 08:00:00+00:00
1739264400;-3;POOR;1;2025-02-11 09:00:00+00:00
1739268000;-3;POOR;1;2025-02-11 10:00:00+00:00
1739271600;-3;POOR;1;2025-02-11 11:00:00+00:00
1739275200;-3;POOR;1;2025-02-11 12:00:00+00:00
1739278800;-3;POOR;1;2025-02-11 13:00:00+00:00
1739282400;-3;POOR;1;2025-02-11 14:00:00+00:00
1739286000;-3;POOR;1;2025-02-11 15:00:00+00:00
1739289600;-3;POOR;1;2025-02-11 16:00:00+00:00
1739293200;-3;POOR;1;2025-02-11 17:00:00+00:00
1739296800;-3;POOR;1;2025-02-11 18:00:00+00:00
1739300400;-3;POOR;1;2025-02-11 19:00:00+00:00
1739304000;-3;POOR;1;2025-02-11 20:00:00+00:00
1739307600;-3;POOR;1;2025-02-11 21:00:00+00:00
1739311200;-3;POOR;1;2025-02-11 22:00:00+00:00
1739314800;-3;POOR;1;2025-02-11 23:00:00+00:00
1739318400;-3;POOR;1;2025-02-12 00:00:00+00:00
1739322000;-3;POOR;1;2025-02-12 01:00:00+00:00
1739325600;-3;POOR;1;2025-02-12 02:00:00+00:00
1739329200;-3;POOR;1;2025-02-12 03:00:00+00:00
1739332800;-3;POOR;1;2025-02-12 04:00:00+00:00
1739336400;-3;POOR;1;2025-02-12 05:00:00+00:00
1739340000;-3;POOR;1;2025-02-12 06:00:00+00:00
1739343600;-3;POOR;1;2025-02-12 07:00:00+00:00
1739347200;-3;POOR;1;2025-02-12 08:00:00+00:00
1739350800;-3;POOR;1;2025-02-12 09:00:00+00:00
1739354400;-3;POOR;1;2025-02-12 10:00:00+00:00
1739358000;-3;POOR;1;2025-02-12 11:00:00+00:00
1739361600;-3;POOR;1;2025-02-12 12:00:00+00:00
1739365200;-3;POOR;1;2025-02-12 13:00:00+00:00
1739368800;-3;POOR;1;2025-02-12 14:00:00+00:00
1739372400;-3;POOR;1;2025-02-12 15:00:00+00:00
1739376000;-3;POOR;1;2025-02-12 16:00:00+00:00
1739379600;-3;POOR;1;2025-02-12 17:00:00+00:00
1739383200;-3;POOR;1;2025-02-12 18:00:00+00:00
1739386800;-3;POOR;1;2025-02-12 19:00:00+00:00
1739390400;-3;POOR;1;2025-02-12 20:00:00+00:00
1739394000;-3;POOR;1;2025-02-12 21:00:00+00:00
1739397600;-3;POOR;1;2025-02-12 22:00:00+00:00
1739401200;-3;POOR;1;2025-02-12 23:00:00+00:00
1739404800;-3;POOR;1;2025-02-13 00:00:00+00:00
1739408400;-3;POOR;1;2025-02-13 01:00:00+00:00
1739412000;-3;POOR;1;2025-02-13 02:00:00+00:00
1739415600;-3;POOR;1;2025-02-13 03:00:00+00:00
1739419200;-3;POOR;1;2025-02-13 04:00:00+00:00
1739422800;-3;POOR_TO_FAIR;2;2025-02-13 05:00:00+00:00
1739426400;-3;POOR_TO_FAIR;2;2025-02-13 06:00:00+00:00
1739430000;-3;FAIR;3;2025-02-13 07:00:00+00:00
1739433600;-3;FAIR;3;2025-02-13 08:00:00+00:00
1739437200;-3;FAIR;3;2025-02-13 09:00:00+00:00
1739440800;-3;FAIR;3;2025-02-13 10:00:00+00:00
1739444400;-3;FAIR;3;2025-02-13 11:00:00+00:00
1739448000;-3;FAIR;3;2025-02-13 12:00:00+00:00
1739451600;-3;FAIR;3;2025-02-13 13:00:00+00:00
1739455200;-3;FAIR;3;2025-02-13 14:00:00+00:00
1739458800;-3;FAIR;3;2025-02-13 15:00:00+00:00
1739462400;-3;FAIR;3;2025-02-13 16:00:00+00:00
1739466000;-3;POOR_TO_FAIR;2;2025-02-13 17:00:00+00:00
1739469600;-3;POOR_TO_FAIR;2;2025-02-13 18:00:00+00:00
1739473200;-3;POOR_TO_FAIR;2;2025-02-13 19:00:00+00:00
1739476800;-3;POOR_TO_FAIR;2;2025-02-13 20:00:00+00:00
1739480400;-3;POOR_TO_FAIR;2;2025-02-13 21:00:00+00:00
1739484000;-3;POOR_TO_FAIR;2;2025-02-13 22:00:00+00:00
1739487600;-3;POOR_TO_FAIR;2;2025-02-13 23:00:00+00:00
1739491200;-3;POOR_TO_FAIR;2;2025-02-14 00:00:00+00:00
1739494800;-3;POOR_TO_FAIR;2;2025-02-14 01:00:00+00:00
1739498400;-3;POOR_TO_FAIR;2;2025-02-14 02:00:00+00:00
1739502000;-3;POOR;1;2025-02-14 03:00:00+00:00
1739505600;-3;POOR;1;2025-02-14 04:00:00+00:00
1739509200;-3;POOR;1;2025-02-14 05:00:00+00:00
1739512800;-3;POOR;1;2025-02-14 06:00:00+00:00
1739516400;-3;POOR;1;2025-02-14 07:00:00+00:00
1739520000;-3;POOR;1;2025-02-14 08:00:00+00:00
1739523600;-3;POOR;1;2025-02-14 09:00:00+00:00
1739527200;-3;POOR;1;2025-02-14 10:00:00+00:00
1739530800;-3;POOR;1;2025-02-14 11:00:00+00:00
1739534400;-3;POOR;1;2025-02-14 12:00:00+00:00
1739538000;-3;POOR;1;2025-02-14 13:00:00+00:00
1739541600;-3;POOR;1;2025-02-14 14:00:00+00:00
1739545200;-3;POOR;1;2025-02-14 15:00:00+00:00
1739548800;-3;POOR;1;2025-02-14 16:00:00+00:00
1739552400;-3;POOR;1;2025-02-14 17:00:00+00:00
1739556000;-3;POOR;1;2025-02-14 18:00:00+00:00
1739559600;-3;POOR;1;2025-02-14 19:00:00+00:00
1739563200;-3;POOR;1;2025-02-14 20:00:00+00:00
1739566800;-3;POOR;1;2025-02-14 21:00:00+00:00
1739570400;-3;POOR;1;2025-02-14 22:00:00+00:00
1739574000;-3;POOR;1;2025-02-14 23:00:00+00:00
1739577600;-3;POOR;1;2025-02-15 00:00:00+00:00
1739581200;-3;POOR_TO_FAIR;2;2025-02-15 01:00:00+00:00
1739584800;-3;POOR_TO_FAIR;2;2025-02-15 02:00:00+00:00
1739588400;-3;POOR_TO_FAIR;2;2025-02-15 03:00:00+00:00
1739592000;-3;POOR_TO_FAIR;2;2025-02-15 04:00:00+00:00
1739595600;-3;POOR_TO_FAIR;2;2025-02-15 05:00:00+00:00
1739599200;-3;POOR_TO_FAIR;2;2025-02-15 06:00:00+00:00
1739602800;-3;POOR_TO_FAIR;2;2025-02-15 07:00:00+00:00
1739606400;-3;POOR_TO_FAIR;2;2025-02-15 08:00:00+00:00
1739610000;-3;FAIR;3;2025-02-15 09:00:00+00:00
1739613600;-3;FAIR;3;2025-02-15 10:00:00+00:00
1739617200;-3;FAIR;3;2025-02-15 11:00:00+00:00
1739620800;-3;FAIR;3;2025-02-15 12:00:00+00:00
1739624400;-3;FAIR;3;2025-02-15 13:00:00+00:00
1739628000;-3;FAIR;3;2025-02-15 14:00:00+00:00
1739631600;-3;FAIR;3;2025-02-15 15:00:00+00:00
1739635200;-3;POOR_TO_FAIR;2;2025-02-15 16:00:00+00:00
1739638800;-3;POOR_TO_FAIR;2;2025-02-15 17:00:00+00:00
1739642400;-3;POOR_TO_FAIR;2;2025-02-15 18:00:00+00:00
1739646000;-3;POOR_TO_FAIR;2;2025-02-15 19:00:00+00:00
1739649600;-3;POOR_TO_FAIR;2;2025-02-15 20:00:00+00:00
1739653200;-3;POOR_TO_FAIR;2;2025-02-15 21:00:00+00:00
1739656800;-3;POOR_TO_FAIR;2;2025-02-15 22:00:00+00:00
1739660400;-3;POOR_TO_FAIR;2;2025-02-15 23:00:00+00:00
1739664000;-3;POOR_TO_FAIR;2;2025-02-16 00:00:00+00:00
1739667600;-3;POOR_TO_FAIR;2;2025-02-16 01:00:00+00:00
1739671200;-3;POOR_TO_FAIR;2;2025-02-16 02:00:00+00:00
1739674800;-3;POOR_TO_FAIR;2;2025-02-16 03:00:00+00:00
1739678400;-3;POOR_TO_FAIR;2;2025-02-16 04:00:00+00:00
1739682000;-3;POOR_TO_FAIR;2;2025-02-16 05:00:00+00:00
1739685600;-3;POOR_TO_FAIR;2;2025-02-16 06:00:00+00:00
1739689200;-3;POOR_TO_FAIR;2;2025-02-16 07:00:00+00:00
1739692800;-3;POOR_TO_FAIR;2;2025-02-16 08:00:00+00:00
1739696400;-3;POOR_TO_FAIR;2;2025-02-16 09:00:00+00:00
1739700000;-3;POOR;1;2025-02-16 10:00:00+00:00
1739703600;-3;POOR;1;2025-02-16 11:00:00+00:00
1739707200;-3;POOR;1;2025-02-16 12:00:00+00:00
1739710800;-3;POOR;1;2025-02-16 13:00:00+00:00
1739714400;-3;POOR;1;2025-02-16 14:00:00+00:00
1739718000;-3;POOR;1;2025-02-16 15:00:00+00:00
1739721600;-3;POOR;1;2025-02-16 16:00:00+00:00
1739725200;-3;POOR;1;2025-02-16 17:00:00+00:00
1739728800;-3;POOR;1;2025-02-16 18:00:00+00:00
1739732400;-3;POOR;1;2025-02-16 19:00:00+00:00
1739736000;-3;POOR;1;2025-02-16 20:00:00+00:00
1739739600;-3;POOR_TO_FAIR;2;2025-02-16 21:00:00+00:00
1739743200;-3;POOR_TO_FAIR;2;2025-02-16 22:00:00+00:00
1739746800;-3;FAIR;3;2025-02-16 23:00:00+00:00
1739750400;-3;FAIR;3;2025-02-17 00:00:00+00:00
1739754000;-3;FAIR;3;2025-02-17 01:00:00+00:00
1739757600;-3;POOR_TO_FAIR;2;2025-02-17 02:00:00+00:00
1739761200;-3;POOR_TO_FAIR;2;2025-02-17 03:00:00+00:00
1739764800;-3;POOR_TO_FAIR;2;2025-02-17 04:00:00+00:00
1739768400;-3;POOR_TO_FAIR;2;2025-02-17 05:00:00+00:00
1739772000;-3;POOR_TO_FAIR;2;2025-02-17 06:00:00+00:00
1739775600;-3;POOR_TO_FAIR;2;2025-02-17 07:00:00+00:00
1739779200;-3;POOR_TO_FAIR;2;2025-02-17 08:00:00+00:00
1739782800;-3;FAIR;3;2025-02-17 09:00:00+00:00
1739786400;-3;FAIR;3;2025-02-17 10:00:00+00:00
1739790000;-3;FAIR;3;2025-02-17 11:00:00+00:00
1739793600;-3;FAIR;3;2025-02-17 12:00:00+00:00
1739797200;-3;POOR_TO_FAIR;2;2025-02-17 13:00:00+00:00
1739800800;-3;POOR_TO_FAIR;2;2025-02-17 14:00:00+00:00
1739804400;-3;POOR_TO_FAIR;2;2025-02-17 15:00:00+00:00
1739808000;-3;POOR_TO_FAIR;2;2025-02-17 16:00:00+00:00
1739811600;-3;POOR_TO_FAIR;2;2025-02-17 17:00:00+00:00
1739815200;-3;POOR;1;2025-02-17 18:00:00+00:00
1739818800;-3;POOR;1;2025-02-17 19:00:00+00:00
1739822400;-3;VERY_POOR;0;2025-02-17 20:00:00+00:00
1739826000;-3;VERY_POOR;0;2025-02-17 21:00:00+00:00
1739829600;-3;VERY_POOR;0;2025-02-17 22:00:00+00:00
1739833200;-3;VERY_POOR;0;2025-02-17 23:00:00+00:00
1739836800;-3;VERY_POOR;0;2025-02-18 00:00:00+00:00
1739840400;-3;POOR;1;2025-02-18 01:00:00+00:00
1739844000;-3;POOR;1;2025-02-18 02:00:00+00:00
1739847600;-3;POOR;1;2025-02-18 03:00:00+00:00
1739851200;-3;POOR_TO_FAIR;2;2025-02-18 04:00:00+00:00
1739854800;-3;POOR_TO_FAIR;2;2025-02-18 05:00:00+00:00
1739858400;-3;POOR_TO_FAIR;2;2025-02-18 06:00:00+00:00
1739862000;-3;POOR_TO_FAIR;2;2025-02-18 07:00:00+00:00
1739865600;-3;POOR_TO_FAIR;2;2025-02-18 08:00:00+00:00
1739869200;-3;POOR_TO_FAIR;2;2025-02-18 09:00:00+00:00
1739872800;-3;POOR;1;2025-02-18 10:00:00+00:00
1739876400;-3;POOR;1;2025-02-18 11:00:00+00:00
1739880000;-3;POOR;1;2025-02-18 12:00:00+00:00
1739883600;-3;VERY_POOR;0;2025-02-18 13:00:00+00:00
1739887200;-3;VERY_POOR;0;2025-02-18 14:00:00+00:00
1739890800;-3;VERY_POOR;0;2025-02-18 15:00:00+00:00
1739894400;-3;VERY_POOR;0;2025-02-18 16:00:00+00:00
1739898000;-3;VERY_POOR;0;2025-02-18 17:00:00+00:00
1739901600;-3;POOR;1;2025-02-18 18:00:00+00:00
1739905200;-3;POOR;1;2025-02-18 19:00:00+00:00
1739908800;-3;POOR;1;2025-02-18 20:00:00+00:00
1739912400;-3;POOR;1;2025-02-18 21:00:00+00:00
1739916000;-3;POOR;1;2025-02-18 22:00:00+00:00
1739919600;-3;POOR;1;2025-02-18 23:00:00+00:00
1739923200;-3;POOR;1;2025-02-19 00:00:00+00:00
1739926800;-3;POOR;1;2025-02-19 01:00:00+00:00
1739930400;-3;POOR;1;2025-02-19 02:00:00+00:00
1739934000;-3;POOR;1;2025-02-19 03:00:00+00:00
1739937600;-3;POOR;1;2025-02-19 04:00:00+00:00
1739941200;-3;POOR;1;2025-02-19 05:00:00+00:00
1739944800;-3;POOR;1;2025-02-19 06:00:00+00:00
1739948400;-3;POOR;1;2025-02-19 07:00:00+00:00
1739952000;-3;POOR;1;2025-02-19 08:00:00+00:00
1739955600;-3;POOR;1;2025-02-19 09:00:00+00:00
1739959200;-3;POOR;1;2025-02-19 10:00:00+00:00
1739962800;-3;POOR;1;2025-02-19 11:00:00+00:00
1739966400;-3;POOR;1;2025-02-19 12:00:00+00:00
1739970000;-3;POOR;1;2025-02-19 13:00:00+00:00
1739973600;-3;POOR;1;2025-02-19 14:00:00+00:00
1739977200;-3;POOR_TO_FAIR;2;2025-02-19 15:00:00+00:00
1739980800;-3;POOR_TO_FAIR;2;2025-02-19 16:00:00+00:00
1739984400;-3;POOR_TO_FAIR;2;2025-02-19 17:00:00+00:00
1739988000;-3;POOR_TO_FAIR;2;2025-02-19 18:00:00+00:00
1739991600;-3;POOR_TO_FAIR;2;2025-02-19 19:00:00+00:00
1739995200;-3;POOR_TO_FAIR;2;2025-02-19 20:00:00+00:00
1739998800;-3;POOR_TO_FAIR;2;2025-02-19 21:00:00+00:00
1740002400;-3;POOR_TO_FAIR;2;2025-02-19 22:00:00+00:00
1740006000;-3;POOR_TO_FAIR;2;2025-02-19 23:00:00+00:00
1740009600;-3;POOR_TO_FAIR;2;2025-02-20 00:00:00+00:00
1740013200;-3;POOR_TO_FAIR;2;2025-02-20 01:00:00+00:00
1740016800;-3;POOR_TO_FAIR;2;2025-02-20 02:00:00+00:00
1740020400;-3;POOR_TO_FAIR;2;2025-02-20 03:00:00+00:00
1740024000;-3;POOR_TO_FAIR;2;2025-02-20 04:00:00+00:00
1740027600;-3;FAIR;3;2025-02-20 05:00:00+00:00
1740031200;-3;FAIR;3;2025-02-20 06:00:00+00:00
1740034800;-3;FAIR;3;2025-02-20 07:00:00+00:00
1740038400;-3;POOR_TO_FAIR;2;2025-02-20 08:00:00+00:00
1740042000;-3;POOR_TO_FAIR;2;2025-02-20 09:00:00+00:00
1740045600;-3;POOR_TO_FAIR;2;2025-02-20 10:00:00+00:00
1740049200;-3;POOR_TO_FAIR;2;2025-02-20 11:00:00+00:00
1740052800;-3;POOR_TO_FAIR;2;2025-02-20 12:00:00+00:00
1740056400;-3;POOR_TO_FAIR;2;2025-02-20 13:00:00+00:00
1740060000;-3;POOR_TO_FAIR;2;2025-02-20 14:00:00+00:00
1740063600;-3;POOR_TO_FAIR;2;2025-02-20 15:00:00+00:00
1740067200;-3;POOR_TO_FAIR;2;2025-02-20 16:00:00+00:00
1740070800;-3;POOR_TO_FAIR;2;2025-02-20 17:00:00+00:00
1740074400;-3;POOR_TO_FAIR;2;2025-02-20 18:00:00+00:00
1740078000;-3;POOR_TO_FAIR;2;2025-02-20 19:00:00+00:00
1740081600;-3;POOR;1;2025-02-20 20:00:00+00:00
1740085200;-3;POOR;1;2025-02-20 21:00:00+00:00
1740088800;-3;POOR;1;2025-02-20 22:00:00+00:00
1740092400;-3;POOR;1;2025-02-20 23:00:00+00:00
1740096000;-3;POOR;1;2025-02-21 00:00:00+00:00
1740099600;-3;POOR;1;2025-02-21 01:00:00+00:00
1740103200;-3;POOR;1;2025-02-21 02:00:00+00:00
1740106800;-3;POOR_TO_FAIR;2;2025-02-21 03:00:00+00:00
1740110400;-3;POOR_TO_FAIR;2;2025-02-21 04:00:00+00:00
1740114000;-3;POOR_TO_FAIR;2;2025-02-21 05:00:00+00:00
1740117600;-3;POOR_TO_FAIR;2;2025-02-21 06:00:00+00:00
1740121200;-3;POOR_TO_FAIR;2;2025-02-21 07:00:00+00:00
1740124800;-3;POOR_TO_FAIR;2;2025-02-21 08:00:00+00:00
1740128400;-3;POOR_TO_FAIR;2;2025-02-21 09:00:00+00:00
1740132000;-3;POOR_TO_FAIR;2;2025-02-21 10:00:00+00:00
1740135600;-3;POOR_TO_FAIR;2;2025-02-21 11:00:00+00:00
1740139200;-3;POOR_TO_FAIR;2;2025-02-21 12:00:00+00:00
1740142800;-3;POOR_TO_FAIR;2;2025-02-21 13:00:00+00:00
1740146400;-3;POOR_TO_FAIR;2;2025-02-21 14:00:00+00:00
1740150000;-3;POOR_TO_FAIR;2;2025-02-21 15:00:00+00:00
1740153600;-3;POOR_TO_FAIR;2;2025-02-21 16:00:00+00:00
1740157200;-3;POOR_TO_FAIR;2;2025-02-21 17:00:00+00:00
1740160800;-3;POOR_TO_FAIR;2;2025-02-21 18:00:00+00:00
1740164400;-3;POOR;1;2025-02-21 19:00:00+00:00
1740168000;-3;POOR;1;2025-02-21 20:00:00+00:00
1740171600;-3;POOR;1;2025-02-21 21:00:00+00:00
1740175200;-3;POOR;1;2025-02-21 22:00:00+00:00
1740178800;-3;POOR_TO_FAIR;2;2025-02-21 23:00:00+00:00
1740182400;-3;POOR_TO_FAIR;2;2025-02-22 00:00:00+00:00
1740186000;-3;POOR_TO_FAIR;2;2025-02-22 01:00:00+00:00
1740189600;-3;POOR_TO_FAIR;2;2025-02-22 02:00:00+00:00
1740193200;-3;POOR_TO_FAIR;2;2025-02-22 03:00:00+00:00
1740196800;-3;POOR_TO_FAIR;2;2025-02-22 04:00:00+00:00
1740200400;-3;POOR_TO_FAIR;2;2025-02-22 05:00:00+00:00
1740204000;-3;POOR_TO_FAIR;2;2025-02-22 06:00:00+00:00
1740207600;-3;POOR_TO_FAIR;2;2025-02-22 07:00:00+00:00
1740211200;-3;POOR_TO_FAIR;2;2025-02-22 08:00:00+00:00
1740214800;-3;POOR_TO_FAIR;2;2025-02-22 09:00:00+00:00
1740218400;-3;POOR_TO_FAIR;2;2025-02-22 10:00:00+00:00
1740222000;-3;POOR_TO_FAIR;2;2025-02-22 11:00:00+00:00
1740225600;-3;POOR_TO_FAIR;2;2025-02-22 12:00:00+00:00
1740229200;-3;POOR_TO_FAIR;2;2025-02-22 13:00:00+00:00
1740232800;-3;POOR_TO_FAIR;2;2025-02-22 14:00:00+00:00
1740236400;-3;POOR_TO_FAIR;2;2025-02-22 15:00:00+00:00
1740240000;-3;POOR_TO_FAIR;2;2025-02-22 16:00:00+00:00
1740243600;-3;POOR_TO_FAIR;2;2025-02-22 17:00:00+00:00
1740247200;-3;POOR_TO_FAIR;2;2025-02-22 18:00:00+00:00
1740250800;-3;POOR;1;2025-02-22 19:00:00+00:00
1740254400;-3;POOR;1;2025-02-22 20:00:00+00:00
1740258000;-3;POOR;1;2025-02-22 21:00:00+00:00
1740261600;-3;POOR;1;2025-02-22 22:00:00+00:00
1740265200;-3;POOR;1;2025-02-22 23:00:00+00:00
1740268800;-3;POOR;1;2025-02-23 00:00:00+00:00
1740272400;-3;POOR;1;2025-02-23 01:00:00+00:00
1740276000;-3;POOR;1;2025-02-23 02:00:00+00:00
1740279600;-3;POOR;1;2025-02-23 03:00:00+00:00
1740283200;-3;POOR;1;2025-02-23 04:00:00+00:00
1740286800;-3;POOR;1;2025-02-23 05:00:00+00:00
1740290400;-3;POOR;1;2025-02-23 06:00:00+00:00
1740294000;-3;POOR;1;2025-02-23 07:00:00+00:00
1740297600;-3;POOR;1;2025-02-23 08:00:00+00:00
1740301200;-3;POOR;1;2025-02-23 09:00:00+00:00
1740304800;-3;POOR;1;2025-02-23 10:00:00+00:00
1740308400;-3;POOR;1;2025-02-23 11:00:00+00:00
1740312000;-3;POOR;1;2025-02-23 12:00:00+00:00
1740315600;-3;POOR;1;2025-02-23 13:00:00+00:00
1740319200;-3;POOR;1;2025-02-23 14:00:00+00:00
1740322800;-3;POOR;1;2025-02-23 15:00:00+00:00
1740326400;-3;POOR;1;2025-02-23 16:00:00+00:00
1740330000;-3;POOR;1;2025-02-23 17:00:00+00:00
1740333600;-3;POOR;1;2025-02-23 18:00:00+00:00
1740337200;-3;POOR;1;2025-02-23 19:00:00+00:00
1740340800;-3;POOR;1;2025-02-23 20:00:00+00:00
1740344400;-3;POOR;1;2025-02-23 21:00:00+00:00
1740348000;-3;POOR;1;2025-02-23 22:00:00+00:00
1740351600;-3;POOR;1;2025-02-23 23:00:00+00:00
1740355200;-3;POOR;1;2025-02-24 00:00:00+00:00
1740358800;-3;POOR;1;2025-02-24 01:00:00+00:00
1740362400;-3;POOR;1;2025-02-24 02:00:00+00:00
1740366000;-3;POOR;1;2025-02-24 03:00:00+00:00
1740369600;-3;POOR;1;2025-02-24 04:00:00+00:00
1740373200;-3;POOR;1;2025-02-24 05:00:00+00:00
1740376800;-3;POOR;1;2025-02-24 06:00:00+00:00
1740380400;-3;POOR;1;2025-02-24 07:00:00+00:00
1740384000;-3;POOR_TO_FAIR;2;2025-02-24 08:00:00+00:00
1740387600;-3;POOR_TO_FAIR;2;2025-02-24 09:00:00+00:00
1740391200;-3;POOR_TO_FAIR;2;2025-02-24 10:00:00+00:00
1740394800;-3;POOR_TO_FAIR;2;2025-02-24 11:00:00+00:00
1740398400;-3;POOR_TO_FAIR;2;2025-02-24 12:00:00+00:00
1740402000;-3;POOR_TO_FAIR;2;2025-02-24 13:00:00+00:00
1740405600;-3;POOR_TO_FAIR;2;2025-02-24 14:00:00+00:00
1740409200;-3;POOR_TO_FAIR;2;2025-02-24 15:00:00+00:00
1740412800;-3;POOR;1;2025-02-24 16:00:00+00:00
1740416400;-3;POOR;1;2025-02-24 17:00:00+00:00
1740420000;-3;POOR;1;2025-02-24 18:00:00+00:00
1740423600;-3;POOR;1;2025-02-24 19:00:00+00:00
1740427200;-3;POOR;1;2025-02-24 20:00:00+00:00
1740430800;-3;POOR;1;2025-02-24 21:00:00+00:00
1740434400;-3;POOR;1;2025-02-24 22:00:00+00:00
1740438000;-3;POOR;1;2025-02-24 23:00:00+00:00
1740441600;-3;POOR;1;2025-02-25 00:00:00+00:00
1740445200;-3;POOR;1;2025-02-25 01:00:00+00:00
1740448800;-3;POOR;1;2025-02-25 02:00:00+00:00
1740452400;-3;POOR;1;2025-02-25 03:00:00+00:00
1740456000;-3;POOR;1;2025-02-25 04:00:00+00:00
1740459600;-3;POOR;1;2025-02-25 05:00:00+00:00
1740463200;-3;POOR;1;2025-02-25 06:00:00+00:00
1740466800;-3;POOR;1;2025-02-25 07:00:00+00:00
1740470400;-3;POOR;1;2025-02-25 08:00:00+00:00
1740474000;-3;POOR;1;2025-02-25 09:00:00+00:00
1740477600;-3;POOR;1;2025-02-25 10:00:00+00:00
1740481200;-3;POOR;1;2025-02-25 11:00:00+00:00
1740484800;-3;POOR;1;2025-02-25 12:00:00+00:00
1740488400;-3;POOR;1;2025-02-25 13:00:00+00:00
1740492000;-3;POOR;1;2025-02-25 14:00:00+00:00
1740495600;-3;POOR;1;2025-02-25 15:00:00+00:00
1740499200;-3;POOR;1;2025-02-25 16:00:00+00:00
1740502800;-3;POOR;1;2025-02-25 17:00:00+00:00
1740506400;-3;POOR;1;2025-02-25 18:00:00+00:00
1740510000;-3;POOR;1;2025-02-25 19:00:00+00:00
1740513600;-3;POOR;1;2025-02-25 20:00:00+00:00
1740517200;-3;POOR;1;2025-02-25 21:00:00+00:00
1740520800;-3;POOR;1;2025-02-25 22:00:00+00:00
1740524400;-3;POOR;1;2025-02-25 23:00:00+00:00
1740528000;-3;POOR;1;2025-02-26 00:00:00+00:00
1740531600;-3;POOR;1;2025-02-26 01:00:00+00:00
1740535200;-3;POOR;1;2025-02-26 02:00:00+00:00
1740538800;-3;POOR;1;2025-02-26 03:00:00+00:00
1740542400;-3;POOR;1;2025-02-26 04:00:00+00:00
1740546000;-3;POOR;1;2025-02-26 05:00:00+00:00
1740549600;-3;POOR;1;2025-02-26 06:00:00+00:00
1740553200;-3;POOR;1;2025-02-26 07:00:00+00:00
1740556800;-3;POOR;1;2025-02-26 08:00:00+00:00
1740560400;-3;POOR;1;2025-02-26 09:00:00+00:00
1740564000;-3;POOR;1;2025-02-26 10:00:00+00:00
1740567600;-3;POOR;1;2025-02-26 11:00:00+00:00
1740571200;-3;POOR;1;2025-02-26 12:00:00+00:00
1740574800;-3;POOR;1;2025-02-26 13:00:00+00:00
1740578400;-3;POOR;1;2025-02-26 14:00:00+00:00
1740582000;-3;POOR;1;2025-02-26 15:00:00+00:00
1740585600;-3;POOR;1;2025-02-26 16:00:00+00:00
1740589200;-3;POOR;1;2025-02-26 17:00:00+00:00
1740592800;-3;POOR;1;2025-02-26 18:00:00+00:00
1740596400;-3;POOR;1;2025-02-26 19:00:00+00:00
1740600000;-3;POOR;1;2025-02-26 20:00:00+00:00
1740603600;-3;POOR;1;2025-02-26 21:00:00+00:00
1740607200;-3;POOR;1;2025-02-26 22:00:00+00:00
1740610800;-3;POOR;1;2025-02-26 23:00:00+00:00
1740614400;-3;POOR;1;2025-02-27 00:00:00+00:00
1740618000;-3;POOR;1;2025-02-27 01:00:00+00:00
1740621600;-3;POOR;1;2025-02-27 02:00:00+00:00
1740625200;-3;POOR;1;2025-02-27 03:00:00+00:00
1740628800;-3;POOR;1;2025-02-27 04:00:00+00:00
1740632400;-3;POOR;1;2025-02-27 05:00:00+00:00
1740636000;-3;POOR;1;2025-02-27 06:00:00+00:00
1740639600;-3;POOR;1;2025-02-27 07:00:00+00:00
1740643200;-3;POOR;1;2025-02-27 08:00:00+00:00
1740646800;-3;POOR;1;2025-02-27 09:00:00+00:00
1740650400;-3;POOR;1;2025-02-27 10:00:00+00:00
1740654000;-3;POOR;1;2025-02-27 11:00:00+00:00
1740657600;-3;POOR;1;2025-02-27 12:00:00+00:00
1740661200;-3;POOR;1;2025-02-27 13:00:00+00:00
1740664800;-3;POOR;1;2025-02-27 14:00:00+00:00
1740668400;-3;POOR;1;2025-02-27 15:00:00+00:00
1740672000;-3;POOR;1;2025-02-27 16:00:00+00:00
1740675600;-3;POOR;1;2025-02-27 17:00:00+00:00
1740679200;-3;POOR;1;2025-02-27 18:00:00+00:00
1740682800;-3;POOR;1;2025-02-27 19:00:00+00:00
1740686400;-3;POOR;1;2025-02-27 20:00:00+00:00
1740690000;-3;POOR;1;2025-02-27 21:00:00+00:00
1740693600;-3;POOR;1;2025-02-27 22:00:00+00:00
1740697200;-3;POOR;1;2025-02-27 23:00:00+00:00
1740700800;-3;POOR;1;2025-02-28 00:00:00+00:00
1740704400;-3;POOR;1;2025-02-28 01:00:00+00:00
1740708000;-3;POOR;1;2025-02-28 02:00:00+00:00
1740711600;-3;POOR;1;2025-02-28 03:00:00+00:00
1740715200;-3;POOR;1;2025-02-28 04:00:00+00:00
1740718800;-3;POOR;1;2025-02-28 05:00:00+00:00
1740722400;-3;POOR;1;2025-02-28 06:00:00+00:00
1740726000;-3;POOR;1;2025-02-28 07:00:00+00:00
1740729600;-3;POOR;1;2025-02-28 08:00:00+00:00
1740733200;-3;POOR;1;2025-02-28 09:00:00+00:00
1740736800;-3;POOR;1;2025-02-28 10:00:00+00:00
1740740400;-3;POOR;1;2025-02-28 11:00:00+00:00
1740744000;-3;POOR;1;2025-02-28 12:00:00+00:00
1740747600;-3;POOR;1;2025-02-28 13:00:00+00:00
1740751200;-3;POOR;1;2025-02-28 14:00:00+00:00
1740754800;-3;POOR;1;2025-02-28 15:00:00+00:00
1740758400;-3;POOR;1;2025-02-28 16:00:00+00:00
1740762000;-3;POOR;1;2025-02-28 17:00:00+00:00
1740765600;-3;POOR;1;2025-02-28 18:00:00+00:00
1740769200;-3;POOR;1;2025-02-28 19:00:00+00:00
1740772800;-3;POOR;1;2025-02-28 20:00:00+00:00
1740776400;-3;POOR;1;2025-02-28 21:00:00+00:00
1740780000;-3;POOR;1;2025-02-28 22:00:00+00:00
1740783600;-3;POOR;1;2025-02-28 23:00:00+00:00
1740787200;-3;POOR;1;2025-03-01 00:00:00+00:00
1740790800;-3;POOR;1;2025-03-01 01:00:00+00:00
1740794400;-3;POOR;1;2025-03-01 02:00:00+00:00
1740798000;-3;POOR;1;2025-03-01 03:00:00+00:00
1740801600;-3;POOR;1;2025-03-01 04:00:00+00:00
1740805200;-3;POOR;1;2025-03-01 05:00:00+00:00
1740808800;-3;POOR;1;2025-03-01 06:00:00+00:00
1740812400;-3;POOR;1;2025-03-01 07:00:00+00:00
1740816000;-3;POOR;1;2025-03-01 08:00:00+00:00
1740819600;-3;POOR;1;2025-03-01 09:00:00+00:00
1740823200;-3;POOR;1;2025-03-01 10:00:00+00:00
1740826800;-3;POOR;1;2025-03-01 11:00:00+00:00
1740830400;-3;POOR;1;2025-03-01 12:00:00+00:00
1740834000;-3;POOR;1;2025-03-01 13:00:00+00:00
1740837600;-3;POOR;1;2025-03-01 14:00:00+00:00
1740841200;-3;POOR;1;2025-03-01 15:00:00+00:00
1740844800;-3;POOR;1;2025-03-01 16:00:00+00:00
1740848400;-3;POOR;1;2025-03-01 17:00:00+00:00
1740852000;-3;POOR;1;2025-03-01 18:00:00+00:00
1740855600;-3;POOR;1;2025-03-01 19:00:00+00:00
1740859200;-3;POOR;1;2025-03-01 20:00:00+00:00
1740862800;-3;POOR;1;2025-03-01 21:00:00+00:00
1740866400;-3;POOR;1;2025-03-01 22:00:00+00:00
1740870000;-3;POOR;1;2025-03-01 23:00:00+00:00
1740873600;-3;POOR;1;2025-03-02 00:00:00+00:00
1740877200;-3;POOR;1;2025-03-02 01:00:00+00:00
1740880800;-3;POOR;1;2025-03-02 02:00:00+00:00
1740884400;-3;POOR;1;2025-03-02 03:00:00+00:00
1740888000;-3;POOR;1;2025-03-02 04:00:00+00:00
1740891600;-3;POOR;1;2025-03-02 05:00:00+00:00
1740895200;-3;POOR;1;2025-03-02 06:00:00+00:00
1740898800;-3;POOR;1;2025-03-02 07:00:00+00:00
1740902400;-3;POOR;1;2025-03-02 08:00:00+00:00
1740906000;-3;POOR;1;2025-03-02 09:00:00+00:00
1740909600;-3;POOR;1;2025-03-02 10:00:00+00:00
1740913200;-3;POOR;1;2025-03-02 11:00:00+00:00
1740916800;-3;POOR;1;2025-03-02 12:00:00+00:00
1740920400;-3;POOR;1;2025-03-02 13:00:00+00:00
1740924000;-3;POOR;1;2025-03-02 14:00:00+00:00
1740927600;-3;POOR;1;2025-03-02 15:00:00+00:00
1740931200;-3;POOR;1;2025-03-02 16:00:00+00:00
1740934800;-3;POOR;1;2025-03-02 17:00:00+00:00
1740938400;-3;POOR;1;2025-03-02 18:00:00+00:00
1740942000;-3;POOR;1;2025-03-02 19:00:00+00:00
1740945600;-3;POOR;1;2025-03-02 20:00:00+00:00
1740949200;-3;POOR;1;2025-03-02 21:00:00+00:00
1740952800;-3;POOR;1;2025-03-02 22:00:00+00:00
1740956400;-3;POOR;1;2025-03-02 23:00:00+00:00
1740960000;-3;POOR;1;2025-03-03 00:00:00+00:00
1740963600;-3;POOR;1;2025-03-03 01:00:00+00:00
1740967200;-3;POOR;1;2025-03-03 02:00:00+00:00
1740970800;-3;POOR;1;2025-03-03 03:00:00+00:00
1740974400;-3;POOR;1;2025-03-03 04:00:00+00:00
1740978000;-3;POOR;1;2025-03-03 05:00:00+00:00
1740981600;-3;POOR;1;2025-03-03 06:00:00+00:00
1740985200;-3;POOR;1;2025-03-03 07:00:00+00:00
1740988800;-3;POOR;1;2025-03-03 08:00:00+00:00
1740992400;-3;POOR;1;2025-03-03 09:00:00+00:00
1740996000;-3;POOR;1;2025-03-03 10:00:00+00:00
1740999600;-3;POOR;1;2025-03-03 11:00:00+00:00
1741003200;-3;POOR;1;2025-03-03 12:00:00+00:00
1741006800;-3;POOR;1;2025-03-03 13:00:00+00:00
1741010400;-3;POOR;1;2025-03-03 14:00:00+00:00
1741014000;-3;POOR;1;2025-03-03 15:00:00+00:00
1741017600;-3;POOR;1;2025-03-03 16:00:00+00:00
1741021200;-3;POOR;1;2025-03-03 17:00:00+00:00
1741024800;-3;POOR;1;2025-03-03 18:00:00+00:00
1741028400;-3;POOR;1;2025-03-03 19:00:00+00:00
1741032000;-3;POOR;1;2025-03-03 20:00:00+00:00
1741035600;-3;POOR;1;2025-03-03 21:00:00+00:00
1741039200;-3;POOR;1;2025-03-03 22:00:00+00:00
1741042800;-3;POOR;1;2025-03-03 23:00:00+00:00
1741046400;-3;POOR;1;2025-03-04 00:00:00+00:00
1741050000;-3;POOR;1;2025-03-04 01:00:00+00:00
1741053600;-3;POOR;1;2025-03-04 02:00:00+00:00
1741057200;-3;POOR;1;2025-03-04 03:00:00+00:00
1741060800;-3;POOR;1;2025-03-04 04:00:00+00:00
1741064400;-3;POOR;1;2025-03-04 05:00:00+00:00
1741068000;-3;POOR;1;2025-03-04 06:00:00+00:00
1741071600;-3;POOR;1;2025-03-04 07:00:00+00:00
1741075200;-3;POOR;1;2025-03-04 08:00:00+00:00
1741078800;-3;POOR;1;2025-03-04 09:00:00+00:00
1741082400;-3;POOR;1;2025-03-04 10:00:00+00:00
1741086000;-3;POOR;1;2025-03-04 11:00:00+00:00
1741089600;-3;POOR;1;2025-03-04 12:00:00+00:00
1741093200;-3;POOR;1;2025-03-04 13:00:00+00:00
1741096800;-3;POOR;1;2025-03-04 14:00:00+00:00
1741100400;-3;POOR;1;2025-03-04 15:00:00+00:00
1741104000;-3;POOR;1;2025-03-04 16:00:00+00:00
1741107600;-3;POOR;1;2025-03-04 17:00:00+00:00
1741111200;-3;POOR;1;2025-03-04 18:00:00+00:00
1741114800;-3;POOR;1;2025-03-04 19:00:00+00:00
1741118400;-3;POOR;1;2025-03-04 20:00:00+00:00
1741122000;-3;POOR;1;2025-03-04 21:00:00+00:00
1741125600;-3;POOR;1;2025-03-04 22:00:00+00:00
1741129200;-3;POOR;1;2025-03-04 23:00:00+00:00
1741132800;-3;POOR;1;2025-03-05 00:00:00+00:00
1741136400;-3;POOR;1;2025-03-05 01:00:00+00:00
1741140000;-3;POOR;1;2025-03-05 02:00:00+00:00
